pickup_h3,dropoff_h3,weight
89266419157ffff,89266419493ffff,61
89266419157ffff,89266419607ffff,375
89266419157ffff,892664520afffff,8
89266419157ffff,89266452147ffff,39
89266419157ffff,89266452c87ffff,7
89266419157ffff,89266452dabffff,67
89266419157ffff,89266456067ffff,332
89266419157ffff,89266456137ffff,79
89266419157ffff,892664562dbffff,1370
89266419157ffff,89266456413ffff,635
89266419157ffff,89266457013ffff,15
89266419157ffff,892664c13d3ffff,6
89266419157ffff,892664c1a87ffff,53
89266419157ffff,892664c1b47ffff,68
89266419157ffff,892664c1ecfffff,69
89266419157ffff,892664c80afffff,12
89266419157ffff,892664c81b7ffff,5
89266419157ffff,892664c8cabffff,111
89266419157ffff,892664c8d6bffff,8
89266419157ffff,892664ca0abffff,10
89266419157ffff,892664ca103ffff,18
89266419157ffff,892664ca6b7ffff,14
89266419157ffff,892664ca913ffff,251
89266419157ffff,892664caaafffff,22
89266419157ffff,892664cac3bffff,50
89266419157ffff,892664cb58fffff,21
89266419157ffff,892664cc217ffff,1742
89266419157ffff,892664cc3b3ffff,1882
89266419157ffff,892664cc46fffff,305
89266419157ffff,892664cc4dbffff,285
89266419157ffff,892664cc563ffff,362
89266419157ffff,892664cc5d7ffff,363
89266419157ffff,892664cc847ffff,9
89266419157ffff,892664cc8b3ffff,171
89266419157ffff,892664ccb73ffff,299
89266419157ffff,892664ccc7bffff,113
89266419157ffff,892664ccd9bffff,553
89266419157ffff,892664cce7bffff,855
89266419157ffff,892664cd1b3ffff,62
89266419157ffff,892664cd3b3ffff,56
89266419157ffff,892664cd897ffff,287
89266419157ffff,892664cd973ffff,473
89266419157ffff,892664cdb0fffff,77
89266419157ffff,892664ce203ffff,91
89266419157ffff,892664ce35bffff,270
89266419157ffff,892664cea67ffff,1018
89266419157ffff,892664cf017ffff,13
89266419157ffff,892664cf12bffff,902
89266419157ffff,892664cf2bbffff,17
89266419157ffff,892664cf33bffff,64
89266419157ffff,892664cf507ffff,44
89266419157ffff,892664cf553ffff,90
89266419157ffff,892664cf617ffff,34
89266419157ffff,892664d9bcbffff,54
89266419157ffff,892759369bbffff,34
89266419493ffff,89266419157ffff,35
89266419493ffff,89266419607ffff,273
89266419493ffff,892664520afffff,14
89266419493ffff,89266452c87ffff,7
89266419493ffff,89266452dabffff,42
89266419493ffff,89266456067ffff,126
89266419493ffff,89266456137ffff,173
89266419493ffff,892664562dbffff,139
89266419493ffff,89266456413ffff,156
89266419493ffff,89266457013ffff,10
89266419493ffff,892664c13d3ffff,15
89266419493ffff,892664c1607ffff,34
89266419493ffff,892664c1a87ffff,299
89266419493ffff,892664c1b47ffff,1366
89266419493ffff,892664c1ecfffff,423
89266419493ffff,892664c80afffff,5
89266419493ffff,892664c8cabffff,56
89266419493ffff,892664c8d6bffff,89
89266419493ffff,892664ca0abffff,6
89266419493ffff,892664ca103ffff,9
89266419493ffff,892664ca6b7ffff,6
89266419493ffff,892664ca913ffff,423
89266419493ffff,892664caaafffff,40
89266419493ffff,892664cac3bffff,24
89266419493ffff,892664cc217ffff,543
89266419493ffff,892664cc3b3ffff,464
89266419493ffff,892664cc46fffff,248
89266419493ffff,892664cc4dbffff,654
89266419493ffff,892664cc563ffff,460
89266419493ffff,892664cc5d7ffff,339
89266419493ffff,892664cc847ffff,28
89266419493ffff,892664cc8b3ffff,178
89266419493ffff,892664ccb73ffff,175
89266419493ffff,892664ccc7bffff,382
89266419493ffff,892664ccd9bffff,422
89266419493ffff,892664cce7bffff,400
89266419493ffff,892664cd08bffff,20
89266419493ffff,892664cd1b3ffff,212
89266419493ffff,892664cd3b3ffff,139
89266419493ffff,892664cd4cbffff,6
89266419493ffff,892664cd897ffff,576
89266419493ffff,892664cd973ffff,214
89266419493ffff,892664cdb0fffff,41
89266419493ffff,892664ce203ffff,795
89266419493ffff,892664ce35bffff,494
89266419493ffff,892664cea67ffff,770
89266419493ffff,892664cf017ffff,19
89266419493ffff,892664cf12bffff,342
89266419493ffff,892664cf2bbffff,6
89266419493ffff,892664cf33bffff,72
89266419493ffff,892664cf507ffff,1622
89266419493ffff,892664cf553ffff,136
89266419493ffff,892664cf617ffff,77
89266419493ffff,892664d88bbffff,24
89266419493ffff,892664d8973ffff,25
89266419493ffff,892664d8ccfffff,5
89266419493ffff,892664d9993ffff,9
89266419493ffff,892664d9bcbffff,11
89266419493ffff,892759369bbffff,15
89266419607ffff,89266419157ffff,70
89266419607ffff,89266419493ffff,138
89266419607ffff,892664520afffff,52
89266419607ffff,89266452147ffff,8
89266419607ffff,89266452c87ffff,61
89266419607ffff,89266452dabffff,266
89266419607ffff,89266456067ffff,817
89266419607ffff,89266456137ffff,83
89266419607ffff,892664562dbffff,618
89266419607ffff,89266456413ffff,603
89266419607ffff,89266457013ffff,24
89266419607ffff,892664c13d3ffff,109
89266419607ffff,892664c1607ffff,182
89266419607ffff,892664c1a87ffff,1037
89266419607ffff,892664c1b47ffff,2541
89266419607ffff,892664c1ecfffff,524
89266419607ffff,892664c80afffff,357
89266419607ffff,892664c81b7ffff,163
89266419607ffff,892664c8cabffff,70
89266419607ffff,892664c8d6bffff,184
89266419607ffff,892664ca0abffff,15
89266419607ffff,892664ca103ffff,33
89266419607ffff,892664ca58fffff,6
89266419607ffff,892664ca6b7ffff,43
89266419607ffff,892664ca913ffff,1518
89266419607ffff,892664caaafffff,102
89266419607ffff,892664cac3bffff,91
89266419607ffff,892664cae4fffff,11
89266419607ffff,892664cb1a7ffff,14
89266419607ffff,892664cc217ffff,1010
89266419607ffff,892664cc3b3ffff,1027
89266419607ffff,892664cc46fffff,444
89266419607ffff,892664cc4dbffff,2787
89266419607ffff,892664cc563ffff,516
89266419607ffff,892664cc5d7ffff,786
89266419607ffff,892664cc847ffff,86
89266419607ffff,892664cc8b3ffff,577
89266419607ffff,892664ccb73ffff,409
89266419607ffff,892664ccc7bffff,316
89266419607ffff,892664ccd9bffff,530
89266419607ffff,892664cce7bffff,943
89266419607ffff,892664cd08bffff,71
89266419607ffff,892664cd1b3ffff,830
89266419607ffff,892664cd29bffff,8
89266419607ffff,892664cd3b3ffff,330
89266419607ffff,892664cd4cbffff,9
89266419607ffff,892664cd897ffff,318
89266419607ffff,892664cd973ffff,568
89266419607ffff,892664cdb0fffff,138
89266419607ffff,892664ce203ffff,1288
89266419607ffff,892664ce35bffff,812
89266419607ffff,892664cea67ffff,1574
89266419607ffff,892664cf017ffff,185
89266419607ffff,892664cf12bffff,1572
89266419607ffff,892664cf2bbffff,44
89266419607ffff,892664cf33bffff,408
89266419607ffff,892664cf507ffff,2287
89266419607ffff,892664cf553ffff,1223
89266419607ffff,892664cf617ffff,281
89266419607ffff,892664d88bbffff,89
89266419607ffff,892664d8973ffff,130
89266419607ffff,892664d8aa7ffff,13
89266419607ffff,892664d8ccfffff,85
89266419607ffff,892664d8e1bffff,23
89266419607ffff,892664d9857ffff,23
89266419607ffff,892664d9937ffff,17
89266419607ffff,892664d9993ffff,23
89266419607ffff,892759369bbffff,13
8926641962fffff,892664c1b6fffff,6
8926641b28fffff,892664c1b0bffff,5
892664520afffff,89266419157ffff,84
892664520afffff,89266419493ffff,141
892664520afffff,89266419607ffff,260
892664520afffff,89266452147ffff,3803
892664520afffff,89266452c87ffff,2151
892664520afffff,89266452dabffff,3540
892664520afffff,89266456067ffff,339
892664520afffff,89266456137ffff,37
892664520afffff,892664562dbffff,1476
892664520afffff,89266456413ffff,870
892664520afffff,89266457013ffff,1423
892664520afffff,892664c13d3ffff,26096
892664520afffff,892664c1607ffff,30625
892664520afffff,892664c1a87ffff,17646
892664520afffff,892664c1b47ffff,13647
892664520afffff,892664c1ecfffff,43487
892664520afffff,892664c80afffff,1935
892664520afffff,892664c81b7ffff,295
892664520afffff,892664c8cabffff,942
892664520afffff,892664c8d6bffff,1732
892664520afffff,892664ca0abffff,1804
892664520afffff,892664ca103ffff,9693
892664520afffff,892664ca3cfffff,288
892664520afffff,892664ca58fffff,7082
892664520afffff,892664ca6b7ffff,1977
892664520afffff,892664ca913ffff,20089
892664520afffff,892664caaafffff,721
892664520afffff,892664cac3bffff,23071
892664520afffff,892664cae4fffff,1252
892664520afffff,892664cb057ffff,329
892664520afffff,892664cb1a7ffff,831
892664520afffff,892664cb387ffff,118
892664520afffff,892664cb58fffff,858
892664520afffff,892664cc217ffff,1507
892664520afffff,892664cc3b3ffff,1834
892664520afffff,892664cc46fffff,692
892664520afffff,892664cc4dbffff,3745
892664520afffff,892664cc563ffff,4491
892664520afffff,892664cc5d7ffff,19241
892664520afffff,892664cc847ffff,48
892664520afffff,892664cc8b3ffff,530
892664520afffff,892664ccb73ffff,178
892664520afffff,892664ccc7bffff,410
892664520afffff,892664ccd9bffff,511
892664520afffff,892664cce7bffff,1469
892664520afffff,892664cd08bffff,899
892664520afffff,892664cd1b3ffff,819
892664520afffff,892664cd29bffff,1094
892664520afffff,892664cd3b3ffff,1749
892664520afffff,892664cd4cbffff,1340
892664520afffff,892664cd6cfffff,1560
892664520afffff,892664cd897ffff,1605
892664520afffff,892664cd973ffff,918
892664520afffff,892664cdb0fffff,4117
892664520afffff,892664ce203ffff,1486
892664520afffff,892664ce35bffff,8012
892664520afffff,892664cea67ffff,2340
892664520afffff,892664cf017ffff,3872
892664520afffff,892664cf12bffff,679
892664520afffff,892664cf2bbffff,1329
892664520afffff,892664cf33bffff,1337
892664520afffff,892664cf507ffff,4300
892664520afffff,892664cf553ffff,2435
892664520afffff,892664cf617ffff,4416
892664520afffff,892664d88bbffff,6522
892664520afffff,892664d8973ffff,7446
892664520afffff,892664d8aa7ffff,3647
892664520afffff,892664d8ccfffff,3234
892664520afffff,892664d8e1bffff,1760
892664520afffff,892664d9857ffff,344
892664520afffff,892664d9937ffff,1146
892664520afffff,892664d9993ffff,597
892664520afffff,892664d9bcbffff,288
892664520afffff,892759369bbffff,477
892664520afffff,89275936d53ffff,65
89266452147ffff,89266419157ffff,33
89266452147ffff,89266419607ffff,8
89266452147ffff,892664520afffff,671
89266452147ffff,89266452c87ffff,42
89266452147ffff,89266452dabffff,37
89266452147ffff,89266456067ffff,10
89266452147ffff,892664562dbffff,20
89266452147ffff,89266456413ffff,17
89266452147ffff,89266457013ffff,8
89266452147ffff,892664c13d3ffff,49
89266452147ffff,892664c1607ffff,39
89266452147ffff,892664c1a87ffff,553
89266452147ffff,892664c1b47ffff,749
89266452147ffff,892664c1ecfffff,524
89266452147ffff,892664c80afffff,38
89266452147ffff,892664c8cabffff,71
89266452147ffff,892664c8d6bffff,15
89266452147ffff,892664ca0abffff,6
89266452147ffff,892664ca103ffff,20
89266452147ffff,892664ca58fffff,5
89266452147ffff,892664ca6b7ffff,6
89266452147ffff,892664ca913ffff,400
89266452147ffff,892664caaafffff,61
89266452147ffff,892664cac3bffff,65
89266452147ffff,892664cae4fffff,11
89266452147ffff,892664cb1a7ffff,11
89266452147ffff,892664cb387ffff,5
89266452147ffff,892664cb58fffff,5
89266452147ffff,892664cc217ffff,32
89266452147ffff,892664cc3b3ffff,36
89266452147ffff,892664cc46fffff,5
89266452147ffff,892664cc4dbffff,169
89266452147ffff,892664cc563ffff,23
89266452147ffff,892664cc5d7ffff,61
89266452147ffff,892664cc847ffff,5
89266452147ffff,892664cc8b3ffff,8
89266452147ffff,892664ccb73ffff,8
89266452147ffff,892664cce7bffff,46
89266452147ffff,892664cd08bffff,14
89266452147ffff,892664cd1b3ffff,12
89266452147ffff,892664cd29bffff,16
89266452147ffff,892664cd3b3ffff,41
89266452147ffff,892664cd4cbffff,54
89266452147ffff,892664cd6cfffff,17
89266452147ffff,892664cd897ffff,36
89266452147ffff,892664cd973ffff,23
89266452147ffff,892664cdb0fffff,20
89266452147ffff,892664ce203ffff,51
89266452147ffff,892664ce35bffff,67
89266452147ffff,892664cea67ffff,95
89266452147ffff,892664cf017ffff,52
89266452147ffff,892664cf12bffff,27
89266452147ffff,892664cf2bbffff,559
89266452147ffff,892664cf33bffff,34
89266452147ffff,892664cf507ffff,220
89266452147ffff,892664cf553ffff,115
89266452147ffff,892664cf617ffff,40
89266452147ffff,892664d88bbffff,6
89266452147ffff,892664d8973ffff,15
89266452147ffff,892664d8aa7ffff,13
89266452147ffff,892664d8ccfffff,19
89266452147ffff,892664d8e1bffff,6
89266452147ffff,892664d9937ffff,5
89266452147ffff,892759369bbffff,5
89266452183ffff,89266452133ffff,6
89266452183ffff,89266452513ffff,7
89266452183ffff,89266452533ffff,37
89266452183ffff,89266452c07ffff,13
89266452183ffff,892664564abffff,7
89266452183ffff,892664c1007ffff,539
89266452183ffff,892664c100bffff,85
89266452183ffff,892664c101bffff,244
89266452183ffff,892664c102fffff,742
89266452183ffff,892664c1047ffff,195
89266452183ffff,892664c104fffff,188
89266452183ffff,892664c1057ffff,92
89266452183ffff,892664c105bffff,124
89266452183ffff,892664c1067ffff,145
89266452183ffff,892664c106fffff,177
89266452183ffff,892664c108fffff,39
89266452183ffff,892664c10cbffff,38
89266452183ffff,892664c10d3ffff,392
89266452183ffff,892664c10d7ffff,423
89266452183ffff,892664c10dbffff,124
89266452183ffff,892664c114fffff,2035
89266452183ffff,892664c116fffff,3544
89266452183ffff,892664c1217ffff,85
89266452183ffff,892664c1233ffff,127
89266452183ffff,892664c124bffff,34
89266452183ffff,892664c1257ffff,26
89266452183ffff,892664c1267ffff,38
89266452183ffff,892664c126bffff,30
89266452183ffff,892664c1293ffff,43
89266452183ffff,892664c129bffff,30
89266452183ffff,892664c12b3ffff,72
89266452183ffff,892664c12bbffff,45
89266452183ffff,892664c12d7ffff,19
89266452183ffff,892664c12dbffff,22
89266452183ffff,892664c1313ffff,81
89266452183ffff,892664c1327ffff,222
89266452183ffff,892664c1333ffff,104
89266452183ffff,892664c1377ffff,575
89266452183ffff,892664c1383ffff,27
89266452183ffff,892664c13afffff,945
89266452183ffff,892664c13b7ffff,541
89266452183ffff,892664c13bbffff,24
89266452183ffff,892664c13cfffff,286
89266452183ffff,892664c13d3ffff,77
89266452183ffff,892664c13dbffff,70
89266452183ffff,892664c144bffff,126
89266452183ffff,892664c144fffff,406
89266452183ffff,892664c160fffff,6
89266452183ffff,892664c1617ffff,161
89266452183ffff,892664c161bffff,14
89266452183ffff,892664c162fffff,70
89266452183ffff,892664c1633ffff,104
89266452183ffff,892664c163bffff,47
89266452183ffff,892664c1643ffff,15
89266452183ffff,892664c1657ffff,38
89266452183ffff,892664c1663ffff,7
89266452183ffff,892664c166bffff,8
89266452183ffff,892664c1677ffff,6
89266452183ffff,892664c167bffff,25
89266452183ffff,892664c168fffff,19
89266452183ffff,892664c1693ffff,86
89266452183ffff,892664c16a3ffff,7
89266452183ffff,892664c16abffff,67
89266452183ffff,892664c16bbffff,51
89266452183ffff,892664c16dbffff,18
89266452183ffff,892664c1a07ffff,1621
89266452183ffff,892664c1a63ffff,1420
89266452183ffff,892664c1a8bffff,37756
89266452183ffff,892664c1aa7ffff,12223
89266452183ffff,892664c1ab3ffff,11708
89266452183ffff,892664c1acfffff,7295
89266452183ffff,892664c1adbffff,6234
89266452183ffff,892664c1b0bffff,23993
89266452183ffff,892664c1b6fffff,8024
89266452183ffff,892664c1e0fffff,35797
89266452183ffff,892664c1e13ffff,10802
89266452183ffff,892664c1e2fffff,47469
89266452183ffff,892664c1e33ffff,25405
89266452183ffff,892664c1e4fffff,9389
89266452183ffff,892664c1e5bffff,19
89266452183ffff,892664c1e73ffff,12942
89266452183ffff,892664c1e8fffff,12964
89266452183ffff,892664c1ea7ffff,3603
89266452183ffff,892664c1eabffff,9636
89266452183ffff,892664c1ec7ffff,1148
89266452183ffff,892664c1ecfffff,1553
89266452183ffff,892664c1ed3ffff,1325
89266452183ffff,892664c1ed7ffff,3609
89266452183ffff,892664ca013ffff,11
89266452183ffff,892664ca10fffff,6
89266452183ffff,892664ca123ffff,7
89266452183ffff,892664ca1a3ffff,11
89266452183ffff,892664ca427ffff,7
89266452183ffff,892664ca483ffff,7
89266452183ffff,892664ca51bffff,11
89266452183ffff,892664ca537ffff,7
89266452183ffff,892664ca583ffff,37
89266452183ffff,892664ca597ffff,8
89266452183ffff,892664ca807ffff,9
89266452183ffff,892664ca82fffff,13
89266452183ffff,892664ca883ffff,8
89266452183ffff,892664ca88bffff,5
89266452183ffff,892664ca897ffff,6
89266452183ffff,892664ca913ffff,32
89266452183ffff,892664ca943ffff,538
89266452183ffff,892664ca963ffff,11
89266452183ffff,892664ca993ffff,2844
89266452183ffff,892664ca9bbffff,15
89266452183ffff,892664ca9c3ffff,162
89266452183ffff,892664cac03ffff,220
89266452183ffff,892664cac17ffff,39
89266452183ffff,892664cac2bffff,40
89266452183ffff,892664cac37ffff,75
89266452183ffff,892664cac63ffff,5
89266452183ffff,892664cac67ffff,22
89266452183ffff,892664cac83ffff,11
89266452183ffff,892664cac8bffff,13
89266452183ffff,892664cac9bffff,18
89266452183ffff,892664caca3ffff,34
89266452183ffff,892664caccfffff,29
89266452183ffff,892664cacdbffff,8
89266452183ffff,892664cad17ffff,375
89266452183ffff,892664cad1bffff,22
89266452183ffff,892664cad43ffff,25
89266452183ffff,892664cad57ffff,20
89266452183ffff,892664cad77ffff,8769
89266452183ffff,892664cad8bffff,513
89266452183ffff,892664caddbffff,50
89266452183ffff,892664cc48bffff,5
89266452183ffff,892664cc4a7ffff,10
89266452183ffff,892664cc4afffff,10
89266452183ffff,892664cc527ffff,6
89266452183ffff,892664cc553ffff,263
89266452183ffff,892664cc573ffff,35
89266452183ffff,892664cc58fffff,273
89266452183ffff,892664cc5c7ffff,24
89266452183ffff,892664cc5cfffff,57
89266452183ffff,892664ccc07ffff,5
89266452183ffff,892664cce4fffff,5
89266452183ffff,892664cced3ffff,5
89266452183ffff,892664cdb0fffff,6
89266452183ffff,892664cddbbffff,15
89266452183ffff,892664ce207ffff,25
89266452183ffff,892664ce227ffff,23
89266452183ffff,892664ce24fffff,13
89266452183ffff,892664ce347ffff,257
89266452183ffff,892664ce34fffff,16
89266452183ffff,892664ce367ffff,36
89266452183ffff,892664ce36fffff,282
89266452183ffff,892664ce377ffff,43
89266452183ffff,892664cea4fffff,5
89266452183ffff,892664ceb1bffff,9
89266452183ffff,892664cf003ffff,7
89266452183ffff,892664cf023ffff,6
89266452183ffff,892664cf1bbffff,19
89266452183ffff,892664cf213ffff,21
89266452183ffff,892664cf3bbffff,6
89266452183ffff,892664cf413ffff,5
89266452183ffff,892664cf44bffff,11
89266452183ffff,892664cf497ffff,192
89266452183ffff,892664cf4afffff,208
89266452183ffff,892664cf50fffff,5
89266452183ffff,892664cf513ffff,23
89266452183ffff,892664cf53bffff,6
89266452183ffff,892664cf57bffff,13
89266452183ffff,892664cf5afffff,28
89266452183ffff,892664cf6afffff,5
89266452183ffff,892664d8833ffff,49
89266452183ffff,892664d883bffff,10
89266452183ffff,892664d8847ffff,11
89266452183ffff,892664d888fffff,30
89266452183ffff,892664d8893ffff,55
89266452183ffff,892664d8903ffff,8
89266452183ffff,892664d8913ffff,98
89266452183ffff,892664d8923ffff,343
89266452183ffff,892664d894fffff,45
89266452183ffff,892664d895bffff,39
89266452183ffff,892664d896fffff,48
89266452183ffff,892664d8977ffff,10
89266452183ffff,892664d89cfffff,23
89266452183ffff,892664d89dbffff,9
89266452183ffff,892664d8a37ffff,13
89266452183ffff,892664d8a4fffff,9
89266452183ffff,892664d8b17ffff,7
89266452183ffff,892664d8b1bffff,5
89266452183ffff,892664d8b23ffff,5
89266452183ffff,892664d8b5bffff,6
89266452183ffff,892664d8b6bffff,5
89266452183ffff,892664d8b77ffff,35
89266452183ffff,892664d8b93ffff,14
89266452183ffff,892664d8b9bffff,12
89266452183ffff,892664d8ba3ffff,12
89266452183ffff,892664d8bc3ffff,7
89266452183ffff,892664d8c17ffff,18
89266452183ffff,892664d8c1bffff,6
89266452183ffff,892664d8c3bffff,10
89266452183ffff,892664d8cd3ffff,5
89266452183ffff,892664d8d5bffff,23
89266452183ffff,892664d8d6fffff,50
89266452183ffff,892664d8d7bffff,17
89266452183ffff,892664d8e57ffff,5
89266452183ffff,892664d8e77ffff,6
89266452183ffff,892664d9d77ffff,8
89266452183ffff,89275934cdbffff,1940
89266452183ffff,89275936bb3ffff,10
89266452183ffff,89275936bc7ffff,60
89266452533ffff,89266452183ffff,24
89266452533ffff,892664c1a8bffff,7
89266452533ffff,892664c1b0bffff,7
89266452533ffff,892664c1e2fffff,5
89266452c87ffff,89266419493ffff,8
89266452c87ffff,89266419607ffff,40
89266452c87ffff,892664520afffff,354
89266452c87ffff,89266452147ffff,89
89266452c87ffff,89266452dabffff,110
89266452c87ffff,89266456067ffff,139
89266452c87ffff,892664562dbffff,72
89266452c87ffff,89266456413ffff,126
89266452c87ffff,89266457013ffff,10
89266452c87ffff,892664c13d3ffff,45
89266452c87ffff,892664c1607ffff,79
89266452c87ffff,892664c1a87ffff,543
89266452c87ffff,892664c1b47ffff,364
89266452c87ffff,892664c1ecfffff,285
89266452c87ffff,892664c80afffff,64
89266452c87ffff,892664c8cabffff,564
89266452c87ffff,892664c8d6bffff,31
89266452c87ffff,892664ca103ffff,10
89266452c87ffff,892664ca6b7ffff,6
89266452c87ffff,892664ca913ffff,430
89266452c87ffff,892664caaafffff,18
89266452c87ffff,892664cac3bffff,33
89266452c87ffff,892664cae4fffff,14
89266452c87ffff,892664cc217ffff,105
89266452c87ffff,892664cc3b3ffff,162
89266452c87ffff,892664cc46fffff,50
89266452c87ffff,892664cc4dbffff,173
89266452c87ffff,892664cc563ffff,63
89266452c87ffff,892664cc5d7ffff,199
89266452c87ffff,892664cc847ffff,50
89266452c87ffff,892664cc8b3ffff,50
89266452c87ffff,892664ccb73ffff,55
89266452c87ffff,892664ccc7bffff,37
89266452c87ffff,892664ccd9bffff,55
89266452c87ffff,892664cce7bffff,301
89266452c87ffff,892664cd08bffff,23
89266452c87ffff,892664cd1b3ffff,110
89266452c87ffff,892664cd29bffff,78
89266452c87ffff,892664cd3b3ffff,159
89266452c87ffff,892664cd4cbffff,51
89266452c87ffff,892664cd6cfffff,33
89266452c87ffff,892664cd897ffff,88
89266452c87ffff,892664cd973ffff,79
89266452c87ffff,892664cdb0fffff,53
89266452c87ffff,892664ce203ffff,523
89266452c87ffff,892664ce35bffff,100
89266452c87ffff,892664cea67ffff,246
89266452c87ffff,892664cf017ffff,42
89266452c87ffff,892664cf12bffff,45
89266452c87ffff,892664cf2bbffff,42
89266452c87ffff,892664cf33bffff,47
89266452c87ffff,892664cf507ffff,234
89266452c87ffff,892664cf553ffff,79
89266452c87ffff,892664cf617ffff,46
89266452c87ffff,892664d88bbffff,51
89266452c87ffff,892664d8973ffff,28
89266452c87ffff,892664d8aa7ffff,6
89266452c87ffff,892664d8ccfffff,170
89266452c87ffff,892664d8e1bffff,8
89266452dabffff,89266419157ffff,20
89266452dabffff,89266419493ffff,38
89266452dabffff,89266419607ffff,285
89266452dabffff,892664520afffff,617
89266452dabffff,89266452147ffff,73
89266452dabffff,89266452c87ffff,165
89266452dabffff,89266456067ffff,381
89266452dabffff,89266456137ffff,409
89266452dabffff,892664562dbffff,253
89266452dabffff,89266456413ffff,595
89266452dabffff,89266457013ffff,21
89266452dabffff,892664c13d3ffff,39
89266452dabffff,892664c1607ffff,80
89266452dabffff,892664c1a87ffff,416
89266452dabffff,892664c1b47ffff,1101
89266452dabffff,892664c1ecfffff,411
89266452dabffff,892664c80afffff,252
89266452dabffff,892664c81b7ffff,17
89266452dabffff,892664c8cabffff,65
89266452dabffff,892664c8d6bffff,67
89266452dabffff,892664ca0abffff,6
89266452dabffff,892664ca103ffff,16
89266452dabffff,892664ca58fffff,7
89266452dabffff,892664ca6b7ffff,20
89266452dabffff,892664ca913ffff,913
89266452dabffff,892664caaafffff,28
89266452dabffff,892664cac3bffff,95
89266452dabffff,892664cae4fffff,43
89266452dabffff,892664cb1a7ffff,28
89266452dabffff,892664cb387ffff,7
89266452dabffff,892664cb58fffff,13
89266452dabffff,892664cc217ffff,444
89266452dabffff,892664cc3b3ffff,460
89266452dabffff,892664cc46fffff,224
89266452dabffff,892664cc4dbffff,877
89266452dabffff,892664cc563ffff,200
89266452dabffff,892664cc5d7ffff,412
89266452dabffff,892664cc847ffff,46
89266452dabffff,892664cc8b3ffff,288
89266452dabffff,892664ccb73ffff,224
89266452dabffff,892664ccc7bffff,69
89266452dabffff,892664ccd9bffff,284
89266452dabffff,892664cce7bffff,597
89266452dabffff,892664cd08bffff,45
89266452dabffff,892664cd1b3ffff,199
89266452dabffff,892664cd29bffff,51
89266452dabffff,892664cd3b3ffff,307
89266452dabffff,892664cd4cbffff,89
89266452dabffff,892664cd6cfffff,41
89266452dabffff,892664cd897ffff,373
89266452dabffff,892664cd973ffff,242
89266452dabffff,892664cdb0fffff,120
89266452dabffff,892664ce203ffff,213
89266452dabffff,892664ce35bffff,410
89266452dabffff,892664cea67ffff,691
89266452dabffff,892664cf017ffff,59
89266452dabffff,892664cf12bffff,378
89266452dabffff,892664cf2bbffff,326
89266452dabffff,892664cf33bffff,219
89266452dabffff,892664cf507ffff,829
89266452dabffff,892664cf553ffff,508
89266452dabffff,892664cf617ffff,167
89266452dabffff,892664d88bbffff,68
89266452dabffff,892664d8973ffff,134
89266452dabffff,892664d8aa7ffff,72
89266452dabffff,892664d8ccfffff,84
89266452dabffff,892664d8e1bffff,31
89266452dabffff,892664d9857ffff,7
89266452dabffff,892664d9937ffff,12
89266452dabffff,892664d9bcbffff,8
89266452dabffff,892759369bbffff,5
89266456067ffff,89266419157ffff,208
89266456067ffff,89266419493ffff,193
89266456067ffff,89266419607ffff,1418
89266456067ffff,892664520afffff,75
89266456067ffff,89266452147ffff,21
89266456067ffff,89266452c87ffff,83
89266456067ffff,89266452dabffff,422
89266456067ffff,89266456137ffff,899
89266456067ffff,892664562dbffff,1121
89266456067ffff,89266456413ffff,867
89266456067ffff,89266457013ffff,20
89266456067ffff,892664c13d3ffff,107
89266456067ffff,892664c1607ffff,129
89266456067ffff,892664c1a87ffff,691
89266456067ffff,892664c1b47ffff,1590
89266456067ffff,892664c1ecfffff,972
89266456067ffff,892664c80afffff,343
89266456067ffff,892664c81b7ffff,70
89266456067ffff,892664c8cabffff,346
89266456067ffff,892664c8d6bffff,147
89266456067ffff,892664ca0abffff,33
89266456067ffff,892664ca103ffff,247
89266456067ffff,892664ca58fffff,29
89266456067ffff,892664ca6b7ffff,73
89266456067ffff,892664ca913ffff,2359
89266456067ffff,892664caaafffff,266
89266456067ffff,892664cac3bffff,245
89266456067ffff,892664cae4fffff,129
89266456067ffff,892664cb1a7ffff,18
89266456067ffff,892664cb58fffff,24
89266456067ffff,892664cc217ffff,3494
89266456067ffff,892664cc3b3ffff,4791
89266456067ffff,892664cc46fffff,1778
89266456067ffff,892664cc4dbffff,6228
89266456067ffff,892664cc563ffff,1348
89266456067ffff,892664cc5d7ffff,855
89266456067ffff,892664cc847ffff,80
89266456067ffff,892664cc8b3ffff,432
89266456067ffff,892664ccb73ffff,846
89266456067ffff,892664ccc7bffff,403
89266456067ffff,892664ccd9bffff,1339
89266456067ffff,892664cce7bffff,3067
89266456067ffff,892664cd08bffff,36
89266456067ffff,892664cd1b3ffff,818
89266456067ffff,892664cd29bffff,32
89266456067ffff,892664cd3b3ffff,342
89266456067ffff,892664cd4cbffff,17
89266456067ffff,892664cd6cfffff,8
89266456067ffff,892664cd897ffff,632
89266456067ffff,892664cd973ffff,802
89266456067ffff,892664cdb0fffff,91
89266456067ffff,892664ce203ffff,278
89266456067ffff,892664ce35bffff,549
89266456067ffff,892664cea67ffff,2537
89266456067ffff,892664cf017ffff,214
89266456067ffff,892664cf12bffff,3089
89266456067ffff,892664cf2bbffff,17
89266456067ffff,892664cf33bffff,554
89266456067ffff,892664cf507ffff,3262
89266456067ffff,892664cf553ffff,2383
89266456067ffff,892664cf617ffff,302
89266456067ffff,892664d88bbffff,132
89266456067ffff,892664d8973ffff,324
89266456067ffff,892664d8aa7ffff,104
89266456067ffff,892664d8ccfffff,147
89266456067ffff,892664d8e1bffff,32
89266456067ffff,892664d9857ffff,12
89266456067ffff,892664d9937ffff,112
89266456067ffff,892664d9993ffff,7
89266456067ffff,892664d9bcbffff,22
89266456067ffff,892759369bbffff,13
89266456067ffff,89275936d53ffff,6
89266456137ffff,89266419157ffff,179
89266456137ffff,89266419493ffff,67
89266456137ffff,89266419607ffff,263
89266456137ffff,892664520afffff,19
89266456137ffff,89266452c87ffff,6
89266456137ffff,89266452dabffff,162
89266456137ffff,89266456067ffff,483
89266456137ffff,892664562dbffff,1046
89266456137ffff,89266456413ffff,375
89266456137ffff,89266457013ffff,16
89266456137ffff,892664c13d3ffff,12
89266456137ffff,892664c1607ffff,27
89266456137ffff,892664c1a87ffff,98
89266456137ffff,892664c1b47ffff,119
89266456137ffff,892664c1ecfffff,147
89266456137ffff,892664c80afffff,65
89266456137ffff,892664c81b7ffff,12
89266456137ffff,892664c8cabffff,25
89266456137ffff,892664c8d6bffff,14
89266456137ffff,892664ca103ffff,27
89266456137ffff,892664ca913ffff,572
89266456137ffff,892664caaafffff,16
89266456137ffff,892664cac3bffff,23
89266456137ffff,892664cae4fffff,13
89266456137ffff,892664cc217ffff,2657
89266456137ffff,892664cc3b3ffff,2518
89266456137ffff,892664cc46fffff,899
89266456137ffff,892664cc4dbffff,488
89266456137ffff,892664cc563ffff,1021
89266456137ffff,892664cc5d7ffff,570
89266456137ffff,892664cc847ffff,21
89266456137ffff,892664cc8b3ffff,144
89266456137ffff,892664ccb73ffff,215
89266456137ffff,892664ccc7bffff,179
89266456137ffff,892664ccd9bffff,286
89266456137ffff,892664cce7bffff,1047
89266456137ffff,892664cd1b3ffff,182
89266456137ffff,892664cd3b3ffff,54
89266456137ffff,892664cd897ffff,1035
89266456137ffff,892664cd973ffff,408
89266456137ffff,892664cdb0fffff,203
89266456137ffff,892664ce203ffff,47
89266456137ffff,892664ce35bffff,111
89266456137ffff,892664cea67ffff,1551
89266456137ffff,892664cf017ffff,29
89266456137ffff,892664cf12bffff,842
89266456137ffff,892664cf2bbffff,16
89266456137ffff,892664cf33bffff,69
89266456137ffff,892664cf507ffff,203
89266456137ffff,892664cf553ffff,129
89266456137ffff,892664cf617ffff,36
89266456137ffff,892664d88bbffff,42
89266456137ffff,892664d8973ffff,30
89266456137ffff,892664d8aa7ffff,8
89266456137ffff,892664d8ccfffff,11
89266456137ffff,892664d8e1bffff,133
89266456137ffff,892664d9993ffff,5
89266456253ffff,892664c1a63ffff,6
89266456253ffff,892664c1a8bffff,8
89266456253ffff,892664c1b0bffff,9
89266456253ffff,892664c1b6fffff,13
89266456253ffff,892664ca943ffff,5
89266456253ffff,892664cc553ffff,6
892664562bbffff,892664c1b0bffff,7
892664562bbffff,892664c1b6fffff,16
892664562dbffff,89266419157ffff,498
892664562dbffff,89266419493ffff,78
892664562dbffff,89266419607ffff,427
892664562dbffff,892664520afffff,132
892664562dbffff,89266452147ffff,32
892664562dbffff,89266452c87ffff,121
892664562dbffff,89266452dabffff,202
892664562dbffff,89266456067ffff,799
892664562dbffff,89266456137ffff,592
892664562dbffff,89266456413ffff,614
892664562dbffff,89266457013ffff,46
892664562dbffff,892664c13d3ffff,52
892664562dbffff,892664c1607ffff,102
892664562dbffff,892664c1a87ffff,917
892664562dbffff,892664c1b47ffff,2636
892664562dbffff,892664c1ecfffff,648
892664562dbffff,892664c80afffff,247
892664562dbffff,892664c81b7ffff,73
892664562dbffff,892664c8cabffff,34
892664562dbffff,892664c8d6bffff,25
892664562dbffff,892664ca0abffff,78
892664562dbffff,892664ca103ffff,43
892664562dbffff,892664ca3cfffff,6
892664562dbffff,892664ca58fffff,10
892664562dbffff,892664ca6b7ffff,45
892664562dbffff,892664ca913ffff,1502
892664562dbffff,892664caaafffff,70
892664562dbffff,892664cac3bffff,90
892664562dbffff,892664cae4fffff,48
892664562dbffff,892664cb1a7ffff,143
892664562dbffff,892664cb58fffff,40
892664562dbffff,892664cc217ffff,1209
892664562dbffff,892664cc3b3ffff,1445
892664562dbffff,892664cc46fffff,625
892664562dbffff,892664cc4dbffff,5786
892664562dbffff,892664cc563ffff,997
892664562dbffff,892664cc5d7ffff,909
892664562dbffff,892664cc847ffff,108
892664562dbffff,892664cc8b3ffff,422
892664562dbffff,892664ccb73ffff,600
892664562dbffff,892664ccc7bffff,546
892664562dbffff,892664ccd9bffff,738
892664562dbffff,892664cce7bffff,1023
892664562dbffff,892664cd08bffff,19
892664562dbffff,892664cd1b3ffff,341
892664562dbffff,892664cd29bffff,46
892664562dbffff,892664cd3b3ffff,251
892664562dbffff,892664cd4cbffff,13
892664562dbffff,892664cd6cfffff,7
892664562dbffff,892664cd897ffff,388
892664562dbffff,892664cd973ffff,502
892664562dbffff,892664cdb0fffff,148
892664562dbffff,892664ce203ffff,286
892664562dbffff,892664ce35bffff,728
892664562dbffff,892664cea67ffff,1550
892664562dbffff,892664cf017ffff,150
892664562dbffff,892664cf12bffff,1391
892664562dbffff,892664cf2bbffff,29
892664562dbffff,892664cf33bffff,300
892664562dbffff,892664cf507ffff,2810
892664562dbffff,892664cf553ffff,1557
892664562dbffff,892664cf617ffff,223
892664562dbffff,892664d88bbffff,57
892664562dbffff,892664d8973ffff,159
892664562dbffff,892664d8aa7ffff,22
892664562dbffff,892664d8ccfffff,36
892664562dbffff,892664d8e1bffff,29
892664562dbffff,892664d9857ffff,10
892664562dbffff,892664d9993ffff,29
892664562dbffff,892664d9bcbffff,21
892664562dbffff,892759369bbffff,36
89266456413ffff,89266419157ffff,141
89266456413ffff,89266419493ffff,93
89266456413ffff,89266419607ffff,498
89266456413ffff,892664520afffff,213
89266456413ffff,89266452147ffff,35
89266456413ffff,89266452c87ffff,150
89266456413ffff,89266452dabffff,512
89266456413ffff,89266456067ffff,852
89266456413ffff,89266456137ffff,308
89266456413ffff,892664562dbffff,592
89266456413ffff,89266457013ffff,38
89266456413ffff,892664c13d3ffff,354
89266456413ffff,892664c1607ffff,459
89266456413ffff,892664c1a87ffff,4450
89266456413ffff,892664c1b47ffff,7562
89266456413ffff,892664c1ecfffff,2761
89266456413ffff,892664c80afffff,505
89266456413ffff,892664c81b7ffff,112
89266456413ffff,892664c8cabffff,183
89266456413ffff,892664c8d6bffff,240
89266456413ffff,892664ca0abffff,72
89266456413ffff,892664ca103ffff,188
89266456413ffff,892664ca3cfffff,6
89266456413ffff,892664ca58fffff,22
89266456413ffff,892664ca6b7ffff,135
89266456413ffff,892664ca913ffff,6771
89266456413ffff,892664caaafffff,196
89266456413ffff,892664cac3bffff,632
89266456413ffff,892664cae4fffff,59
89266456413ffff,892664cb057ffff,8
89266456413ffff,892664cb1a7ffff,27
89266456413ffff,892664cb387ffff,6
89266456413ffff,892664cb58fffff,38
89266456413ffff,892664cc217ffff,1328
89266456413ffff,892664cc3b3ffff,1750
89266456413ffff,892664cc46fffff,526
89266456413ffff,892664cc4dbffff,3127
89266456413ffff,892664cc563ffff,908
89266456413ffff,892664cc5d7ffff,1588
89266456413ffff,892664cc847ffff,106
89266456413ffff,892664cc8b3ffff,293
89266456413ffff,892664ccb73ffff,679
89266456413ffff,892664ccc7bffff,221
89266456413ffff,892664ccd9bffff,481
89266456413ffff,892664cce7bffff,1755
89266456413ffff,892664cd08bffff,79
89266456413ffff,892664cd1b3ffff,640
89266456413ffff,892664cd29bffff,84
89266456413ffff,892664cd3b3ffff,1222
89266456413ffff,892664cd4cbffff,69
89266456413ffff,892664cd6cfffff,17
89266456413ffff,892664cd897ffff,469
89266456413ffff,892664cd973ffff,602
89266456413ffff,892664cdb0fffff,309
89266456413ffff,892664ce203ffff,854
89266456413ffff,892664ce35bffff,1260
89266456413ffff,892664cea67ffff,2084
89266456413ffff,892664cf017ffff,362
89266456413ffff,892664cf12bffff,1021
89266456413ffff,892664cf2bbffff,185
89266456413ffff,892664cf33bffff,483
89266456413ffff,892664cf507ffff,3856
89266456413ffff,892664cf553ffff,1577
89266456413ffff,892664cf617ffff,1208
89266456413ffff,892664d88bbffff,210
89266456413ffff,892664d8973ffff,863
89266456413ffff,892664d8aa7ffff,41
89266456413ffff,892664d8ccfffff,204
89266456413ffff,892664d8e1bffff,117
89266456413ffff,892664d9857ffff,17
89266456413ffff,892664d9937ffff,50
89266456413ffff,892664d9993ffff,98
89266456413ffff,892664d9bcbffff,97
89266456413ffff,892759369bbffff,138
892664564abffff,892664c1b0bffff,8
89266456503ffff,892664c1b6fffff,5
89266457013ffff,89266419157ffff,23
89266457013ffff,89266419493ffff,13
89266457013ffff,89266419607ffff,142
89266457013ffff,892664520afffff,302
89266457013ffff,89266452147ffff,21
89266457013ffff,89266452c87ffff,14
89266457013ffff,89266452dabffff,30
89266457013ffff,89266456067ffff,108
89266457013ffff,89266456137ffff,151
89266457013ffff,892664562dbffff,167
89266457013ffff,89266456413ffff,185
89266457013ffff,892664c13d3ffff,5
89266457013ffff,892664c1607ffff,9
89266457013ffff,892664c1a87ffff,23
89266457013ffff,892664c1b47ffff,15
89266457013ffff,892664c1ecfffff,55
89266457013ffff,892664c80afffff,94
89266457013ffff,892664c81b7ffff,10
89266457013ffff,892664c8cabffff,5
89266457013ffff,892664ca913ffff,59
89266457013ffff,892664caaafffff,16
89266457013ffff,892664cc217ffff,386
89266457013ffff,892664cc3b3ffff,347
89266457013ffff,892664cc46fffff,135
89266457013ffff,892664cc4dbffff,127
89266457013ffff,892664cc563ffff,91
89266457013ffff,892664cc5d7ffff,46
89266457013ffff,892664cc847ffff,8
89266457013ffff,892664cc8b3ffff,95
89266457013ffff,892664ccb73ffff,53
89266457013ffff,892664ccc7bffff,89
89266457013ffff,892664ccd9bffff,95
89266457013ffff,892664cce7bffff,201
89266457013ffff,892664cd1b3ffff,21
89266457013ffff,892664cd29bffff,23
89266457013ffff,892664cd3b3ffff,31
89266457013ffff,892664cd6cfffff,12
89266457013ffff,892664cd897ffff,47
89266457013ffff,892664cd973ffff,63
89266457013ffff,892664cdb0fffff,20
89266457013ffff,892664ce35bffff,13
89266457013ffff,892664cea67ffff,254
89266457013ffff,892664cf12bffff,219
89266457013ffff,892664cf2bbffff,12
89266457013ffff,892664cf33bffff,33
89266457013ffff,892664cf507ffff,55
89266457013ffff,892664cf553ffff,30
89266457013ffff,892664cf617ffff,9
89266457013ffff,892664d88bbffff,16
89266457013ffff,892664d8973ffff,7
89266457013ffff,892664d8ccfffff,73
892664c1007ffff,89266452183ffff,102
892664c1007ffff,892664c101bffff,7
892664c1007ffff,892664c102fffff,22
892664c1007ffff,892664c1047ffff,6
892664c1007ffff,892664c1057ffff,5
892664c1007ffff,892664c105bffff,38
892664c1007ffff,892664c106fffff,10
892664c1007ffff,892664c10d3ffff,13
892664c1007ffff,892664c10d7ffff,19
892664c1007ffff,892664c114fffff,68
892664c1007ffff,892664c116fffff,68
892664c1007ffff,892664c1233ffff,5
892664c1007ffff,892664c1293ffff,5
892664c1007ffff,892664c1327ffff,7
892664c1007ffff,892664c1377ffff,39
892664c1007ffff,892664c13afffff,54
892664c1007ffff,892664c13b7ffff,17
892664c1007ffff,892664c13cfffff,12
892664c1007ffff,892664c144fffff,11
892664c1007ffff,892664c1617ffff,12
892664c1007ffff,892664c1633ffff,12
892664c1007ffff,892664c16abffff,16
892664c1007ffff,892664c16bbffff,9
892664c1007ffff,892664c1a07ffff,9
892664c1007ffff,892664c1a63ffff,17
892664c1007ffff,892664c1a8bffff,1056
892664c1007ffff,892664c1aa7ffff,53
892664c1007ffff,892664c1ab3ffff,234
892664c1007ffff,892664c1acfffff,152
892664c1007ffff,892664c1adbffff,130
892664c1007ffff,892664c1b0bffff,84
892664c1007ffff,892664c1b6fffff,7
892664c1007ffff,892664c1e0fffff,543
892664c1007ffff,892664c1e13ffff,353
892664c1007ffff,892664c1e2fffff,615
892664c1007ffff,892664c1e33ffff,271
892664c1007ffff,892664c1e4fffff,264
892664c1007ffff,892664c1e73ffff,202
892664c1007ffff,892664c1e8fffff,196
892664c1007ffff,892664c1ea7ffff,66
892664c1007ffff,892664c1eabffff,906
892664c1007ffff,892664c1ec7ffff,47
892664c1007ffff,892664c1ecfffff,63
892664c1007ffff,892664c1ed3ffff,28
892664c1007ffff,892664c1ed7ffff,94
892664c1007ffff,892664ca943ffff,47
892664c1007ffff,892664ca993ffff,15
892664c1007ffff,892664ca9c3ffff,15
892664c1007ffff,892664cac03ffff,9
892664c1007ffff,892664cad17ffff,16
892664c1007ffff,892664cad77ffff,252
892664c1007ffff,892664cad8bffff,27
892664c1007ffff,892664cc553ffff,5
892664c1007ffff,892664cc58fffff,6
892664c1007ffff,892664d8923ffff,13
892664c1007ffff,892664d8d6fffff,5
892664c100bffff,89266452183ffff,12
892664c100bffff,892664c1007ffff,5
892664c100bffff,892664c102fffff,5
892664c100bffff,892664c10d3ffff,6
892664c100bffff,892664c114fffff,16
892664c100bffff,892664c116fffff,12
892664c100bffff,892664c1377ffff,14
892664c100bffff,892664c13afffff,6
892664c100bffff,892664c1a63ffff,8
892664c100bffff,892664c1a8bffff,246
892664c100bffff,892664c1aa7ffff,8
892664c100bffff,892664c1ab3ffff,26
892664c100bffff,892664c1acfffff,54
892664c100bffff,892664c1adbffff,31
892664c100bffff,892664c1b0bffff,22
892664c100bffff,892664c1e0fffff,70
892664c100bffff,892664c1e13ffff,41
892664c100bffff,892664c1e2fffff,49
892664c100bffff,892664c1e33ffff,38
892664c100bffff,892664c1e4fffff,32
892664c100bffff,892664c1e73ffff,51
892664c100bffff,892664c1e8fffff,20
892664c100bffff,892664c1ea7ffff,9
892664c100bffff,892664c1eabffff,82
892664c100bffff,892664c1ec7ffff,9
892664c100bffff,892664c1ecfffff,12
892664c100bffff,892664c1ed3ffff,5
892664c100bffff,892664c1ed7ffff,9
892664c100bffff,892664ca943ffff,6
892664c100bffff,892664ca993ffff,5
892664c100bffff,892664ca9c3ffff,5
892664c100bffff,892664cad77ffff,50
892664c101bffff,89266452183ffff,65
892664c101bffff,892664c1007ffff,29
892664c101bffff,892664c102fffff,23
892664c101bffff,892664c1057ffff,8
892664c101bffff,892664c105bffff,47
892664c101bffff,892664c106fffff,7
892664c101bffff,892664c10cbffff,10
892664c101bffff,892664c10d3ffff,24
892664c101bffff,892664c10d7ffff,32
892664c101bffff,892664c114fffff,49
892664c101bffff,892664c116fffff,96
892664c101bffff,892664c1233ffff,6
892664c101bffff,892664c1267ffff,5
892664c101bffff,892664c1327ffff,6
892664c101bffff,892664c1333ffff,7
892664c101bffff,892664c1377ffff,56
892664c101bffff,892664c13afffff,44
892664c101bffff,892664c13b7ffff,23
892664c101bffff,892664c13cfffff,24
892664c101bffff,892664c13d3ffff,5
892664c101bffff,892664c144bffff,20
892664c101bffff,892664c144fffff,28
892664c101bffff,892664c1617ffff,5
892664c101bffff,892664c1693ffff,18
892664c101bffff,892664c16abffff,10
892664c101bffff,892664c1a07ffff,21
892664c101bffff,892664c1a63ffff,51
892664c101bffff,892664c1a8bffff,1065
892664c101bffff,892664c1aa7ffff,32
892664c101bffff,892664c1ab3ffff,182
892664c101bffff,892664c1acfffff,173
892664c101bffff,892664c1adbffff,109
892664c101bffff,892664c1b0bffff,80
892664c101bffff,892664c1b6fffff,13
892664c101bffff,892664c1e0fffff,436
892664c101bffff,892664c1e13ffff,316
892664c101bffff,892664c1e2fffff,518
892664c101bffff,892664c1e33ffff,191
892664c101bffff,892664c1e4fffff,310
892664c101bffff,892664c1e73ffff,262
892664c101bffff,892664c1e8fffff,218
892664c101bffff,892664c1ea7ffff,84
892664c101bffff,892664c1eabffff,659
892664c101bffff,892664c1ec7ffff,36
892664c101bffff,892664c1ecfffff,104
892664c101bffff,892664c1ed3ffff,58
892664c101bffff,892664c1ed7ffff,77
892664c101bffff,892664ca943ffff,49
892664c101bffff,892664ca993ffff,19
892664c101bffff,892664ca9c3ffff,16
892664c101bffff,892664cac03ffff,14
892664c101bffff,892664cad17ffff,20
892664c101bffff,892664cad77ffff,280
892664c101bffff,892664cad8bffff,13
892664c101bffff,892664cc58fffff,6
892664c101bffff,892664ce347ffff,5
892664c101bffff,892664d8913ffff,22
892664c101bffff,892664d8923ffff,39
892664c101bffff,892664d896fffff,10
892664c101bffff,892664d89cfffff,8
892664c101bffff,892664d8d6fffff,27
892664c101bffff,89275934cdbffff,8
892664c102fffff,89266452183ffff,86
892664c102fffff,892664c1007ffff,33
892664c102fffff,892664c100bffff,10
892664c102fffff,892664c101bffff,14
892664c102fffff,892664c1047ffff,20
892664c102fffff,892664c104fffff,12
892664c102fffff,892664c1057ffff,7
892664c102fffff,892664c105bffff,17
892664c102fffff,892664c1067ffff,7
892664c102fffff,892664c106fffff,23
892664c102fffff,892664c10d3ffff,19
892664c102fffff,892664c10d7ffff,19
892664c102fffff,892664c10dbffff,5
892664c102fffff,892664c114fffff,125
892664c102fffff,892664c116fffff,182
892664c102fffff,892664c1217ffff,7
892664c102fffff,892664c1233ffff,10
892664c102fffff,892664c1327ffff,14
892664c102fffff,892664c1333ffff,7
892664c102fffff,892664c1377ffff,70
892664c102fffff,892664c13afffff,92
892664c102fffff,892664c13b7ffff,42
892664c102fffff,892664c13cfffff,36
892664c102fffff,892664c13d3ffff,13
892664c102fffff,892664c144fffff,22
892664c102fffff,892664c1617ffff,12
892664c102fffff,892664c162fffff,5
892664c102fffff,892664c1633ffff,15
892664c102fffff,892664c16abffff,43
892664c102fffff,892664c16bbffff,14
892664c102fffff,892664c1a07ffff,27
892664c102fffff,892664c1a63ffff,20
892664c102fffff,892664c1a8bffff,1169
892664c102fffff,892664c1aa7ffff,84
892664c102fffff,892664c1ab3ffff,275
892664c102fffff,892664c1acfffff,320
892664c102fffff,892664c1adbffff,267
892664c102fffff,892664c1b0bffff,188
892664c102fffff,892664c1b6fffff,19
892664c102fffff,892664c1e0fffff,866
892664c102fffff,892664c1e13ffff,587
892664c102fffff,892664c1e2fffff,1004
892664c102fffff,892664c1e33ffff,442
892664c102fffff,892664c1e4fffff,370
892664c102fffff,892664c1e73ffff,467
892664c102fffff,892664c1e8fffff,364
892664c102fffff,892664c1ea7ffff,283
892664c102fffff,892664c1eabffff,776
892664c102fffff,892664c1ec7ffff,95
892664c102fffff,892664c1ecfffff,109
892664c102fffff,892664c1ed3ffff,104
892664c102fffff,892664c1ed7ffff,169
892664c102fffff,892664ca943ffff,58
892664c102fffff,892664ca993ffff,50
892664c102fffff,892664ca9c3ffff,19
892664c102fffff,892664cac03ffff,20
892664c102fffff,892664cad17ffff,19
892664c102fffff,892664cad77ffff,338
892664c102fffff,892664cad8bffff,28
892664c102fffff,892664cc553ffff,6
892664c102fffff,892664cc58fffff,9
892664c102fffff,892664cf4afffff,8
892664c102fffff,892664d8923ffff,19
892664c102fffff,892664d896fffff,8
892664c102fffff,89275934cdbffff,11
892664c1047ffff,89266452183ffff,13
892664c1047ffff,892664c1007ffff,7
892664c1047ffff,892664c101bffff,9
892664c1047ffff,892664c102fffff,17
892664c1047ffff,892664c1057ffff,5
892664c1047ffff,892664c10d7ffff,5
892664c1047ffff,892664c114fffff,38
892664c1047ffff,892664c116fffff,25
892664c1047ffff,892664c1377ffff,18
892664c1047ffff,892664c13afffff,32
892664c1047ffff,892664c13b7ffff,7
892664c1047ffff,892664c144fffff,7
892664c1047ffff,892664c16abffff,9
892664c1047ffff,892664c1a63ffff,8
892664c1047ffff,892664c1a8bffff,264
892664c1047ffff,892664c1aa7ffff,13
892664c1047ffff,892664c1ab3ffff,52
892664c1047ffff,892664c1acfffff,67
892664c1047ffff,892664c1adbffff,52
892664c1047ffff,892664c1b0bffff,17
892664c1047ffff,892664c1e0fffff,96
892664c1047ffff,892664c1e13ffff,69
892664c1047ffff,892664c1e2fffff,116
892664c1047ffff,892664c1e33ffff,44
892664c1047ffff,892664c1e4fffff,89
892664c1047ffff,892664c1e73ffff,105
892664c1047ffff,892664c1e8fffff,28
892664c1047ffff,892664c1ea7ffff,29
892664c1047ffff,892664c1eabffff,85
892664c1047ffff,892664c1ec7ffff,15
892664c1047ffff,892664c1ecfffff,26
892664c1047ffff,892664c1ed3ffff,13
892664c1047ffff,892664c1ed7ffff,22
892664c1047ffff,892664ca943ffff,11
892664c1047ffff,892664ca993ffff,9
892664c1047ffff,892664cad17ffff,7
892664c1047ffff,892664cad77ffff,85
892664c1047ffff,892664cad8bffff,10
892664c1047ffff,892664d8923ffff,7
892664c1047ffff,892664d8d6fffff,5
892664c104fffff,892664c114fffff,20
892664c104fffff,892664c116fffff,11
892664c104fffff,892664c1377ffff,5
892664c104fffff,892664c13afffff,24
892664c104fffff,892664c13b7ffff,5
892664c104fffff,892664c144fffff,5
892664c104fffff,892664c1a8bffff,33
892664c104fffff,892664c1aa7ffff,6
892664c104fffff,892664c1ab3ffff,12
892664c104fffff,892664c1acfffff,13
892664c104fffff,892664c1adbffff,15
892664c104fffff,892664c1b0bffff,12
892664c104fffff,892664c1e0fffff,46
892664c104fffff,892664c1e13ffff,22
892664c104fffff,892664c1e2fffff,47
892664c104fffff,892664c1e33ffff,27
892664c104fffff,892664c1e4fffff,24
892664c104fffff,892664c1e73ffff,39
892664c104fffff,892664c1e8fffff,13
892664c104fffff,892664c1ea7ffff,6
892664c104fffff,892664c1eabffff,17
892664c104fffff,892664c1ec7ffff,8
892664c104fffff,892664c1ecfffff,18
892664c104fffff,892664c1ed3ffff,10
892664c104fffff,892664ca993ffff,8
892664c104fffff,892664cad77ffff,49
892664c104fffff,892664cad8bffff,5
892664c1057ffff,89266452183ffff,8
892664c1057ffff,892664c1007ffff,7
892664c1057ffff,892664c102fffff,15
892664c1057ffff,892664c114fffff,16
892664c1057ffff,892664c116fffff,12
892664c1057ffff,892664c1377ffff,5
892664c1057ffff,892664c13afffff,12
892664c1057ffff,892664c13b7ffff,5
892664c1057ffff,892664c144fffff,10
892664c1057ffff,892664c16abffff,5
892664c1057ffff,892664c1a8bffff,37
892664c1057ffff,892664c1aa7ffff,7
892664c1057ffff,892664c1ab3ffff,14
892664c1057ffff,892664c1acfffff,16
892664c1057ffff,892664c1adbffff,16
892664c1057ffff,892664c1b0bffff,11
892664c1057ffff,892664c1e0fffff,33
892664c1057ffff,892664c1e13ffff,20
892664c1057ffff,892664c1e2fffff,38
892664c1057ffff,892664c1e33ffff,8
892664c1057ffff,892664c1e4fffff,17
892664c1057ffff,892664c1e73ffff,35
892664c1057ffff,892664c1e8fffff,6
892664c1057ffff,892664c1ea7ffff,11
892664c1057ffff,892664c1eabffff,27
892664c1057ffff,892664c1ec7ffff,5
892664c1057ffff,892664c1ecfffff,12
892664c1057ffff,892664c1ed3ffff,5
892664c1057ffff,892664c1ed7ffff,8
892664c1057ffff,892664ca943ffff,7
892664c1057ffff,892664ca9c3ffff,6
892664c1057ffff,892664cad77ffff,30
892664c1057ffff,892664d8923ffff,5
892664c1057ffff,892664d896fffff,8
892664c105bffff,89266452183ffff,11
892664c105bffff,892664c1007ffff,19
892664c105bffff,892664c101bffff,21
892664c105bffff,892664c102fffff,34
892664c105bffff,892664c1047ffff,6
892664c105bffff,892664c1057ffff,5
892664c105bffff,892664c10d3ffff,20
892664c105bffff,892664c10d7ffff,20
892664c105bffff,892664c114fffff,40
892664c105bffff,892664c116fffff,51
892664c105bffff,892664c1233ffff,11
892664c105bffff,892664c1267ffff,5
892664c105bffff,892664c1377ffff,34
892664c105bffff,892664c13afffff,26
892664c105bffff,892664c13b7ffff,11
892664c105bffff,892664c13cfffff,9
892664c105bffff,892664c144bffff,5
892664c105bffff,892664c144fffff,23
892664c105bffff,892664c1633ffff,10
892664c105bffff,892664c1693ffff,26
892664c105bffff,892664c1a07ffff,13
892664c105bffff,892664c1a63ffff,13
892664c105bffff,892664c1a8bffff,138
892664c105bffff,892664c1aa7ffff,14
892664c105bffff,892664c1ab3ffff,30
892664c105bffff,892664c1acfffff,62
892664c105bffff,892664c1adbffff,43
892664c105bffff,892664c1b0bffff,69
892664c105bffff,892664c1b6fffff,5
892664c105bffff,892664c1e0fffff,109
892664c105bffff,892664c1e13ffff,73
892664c105bffff,892664c1e2fffff,139
892664c105bffff,892664c1e33ffff,69
892664c105bffff,892664c1e4fffff,55
892664c105bffff,892664c1e73ffff,57
892664c105bffff,892664c1e8fffff,39
892664c105bffff,892664c1ea7ffff,37
892664c105bffff,892664c1eabffff,105
892664c105bffff,892664c1ec7ffff,16
892664c105bffff,892664c1ecfffff,61
892664c105bffff,892664c1ed3ffff,32
892664c105bffff,892664c1ed7ffff,20
892664c105bffff,892664ca943ffff,13
892664c105bffff,892664ca993ffff,14
892664c105bffff,892664ca9c3ffff,5
892664c105bffff,892664cac03ffff,5
892664c105bffff,892664cad17ffff,6
892664c105bffff,892664cad77ffff,86
892664c105bffff,892664cad8bffff,15
892664c105bffff,892664d8913ffff,12
892664c105bffff,892664d8923ffff,37
892664c105bffff,892664d896fffff,10
892664c105bffff,892664d89cfffff,13
892664c105bffff,892664d8b77ffff,5
892664c105bffff,892664d8d6fffff,13
892664c105bffff,89275934cdbffff,6
892664c1067ffff,89266452183ffff,14
892664c1067ffff,892664c114fffff,10
892664c1067ffff,892664c1a07ffff,7
892664c1067ffff,892664c1a8bffff,93
892664c1067ffff,892664c1ab3ffff,15
892664c1067ffff,892664c1acfffff,16
892664c1067ffff,892664c1adbffff,36
892664c1067ffff,892664c1e0fffff,32
892664c1067ffff,892664c1e13ffff,18
892664c1067ffff,892664c1e2fffff,37
892664c1067ffff,892664c1e33ffff,16
892664c1067ffff,892664c1e4fffff,25
892664c1067ffff,892664c1e73ffff,22
892664c1067ffff,892664c1e8fffff,12
892664c1067ffff,892664c1eabffff,25
892664c1067ffff,892664c1ec7ffff,5
892664c1067ffff,892664c1ecfffff,6
892664c1067ffff,892664c1ed3ffff,9
892664c1067ffff,892664c1ed7ffff,7
892664c1067ffff,892664ca993ffff,6
892664c1067ffff,892664cad77ffff,36
892664c106fffff,89266452183ffff,8
892664c106fffff,892664c101bffff,5
892664c106fffff,892664c102fffff,7
892664c106fffff,892664c10d3ffff,7
892664c106fffff,892664c114fffff,18
892664c106fffff,892664c116fffff,13
892664c106fffff,892664c1377ffff,12
892664c106fffff,892664c13afffff,26
892664c106fffff,892664c13b7ffff,8
892664c106fffff,892664c1a07ffff,6
892664c106fffff,892664c1a8bffff,53
892664c106fffff,892664c1aa7ffff,9
892664c106fffff,892664c1ab3ffff,10
892664c106fffff,892664c1acfffff,16
892664c106fffff,892664c1adbffff,31
892664c106fffff,892664c1b0bffff,7
892664c106fffff,892664c1e0fffff,46
892664c106fffff,892664c1e13ffff,37
892664c106fffff,892664c1e2fffff,88
892664c106fffff,892664c1e33ffff,20
892664c106fffff,892664c1e4fffff,35
892664c106fffff,892664c1e73ffff,43
892664c106fffff,892664c1e8fffff,21
892664c106fffff,892664c1ea7ffff,26
892664c106fffff,892664c1eabffff,38
892664c106fffff,892664c1ec7ffff,13
892664c106fffff,892664c1ecfffff,14
892664c106fffff,892664c1ed3ffff,15
892664c106fffff,892664c1ed7ffff,7
892664c106fffff,892664ca943ffff,5
892664c106fffff,892664ca993ffff,5
892664c106fffff,892664cad77ffff,60
892664c1077ffff,892664c13afffff,9
892664c1077ffff,892664c1a8bffff,20
892664c1077ffff,892664c1ab3ffff,5
892664c1077ffff,892664c1acfffff,9
892664c1077ffff,892664c1adbffff,5
892664c1077ffff,892664c1e0fffff,14
892664c1077ffff,892664c1e13ffff,9
892664c1077ffff,892664c1e2fffff,14
892664c1077ffff,892664c1e33ffff,7
892664c1077ffff,892664c1e4fffff,12
892664c1077ffff,892664c1e73ffff,15
892664c1077ffff,892664cad77ffff,15
892664c108fffff,89266452183ffff,7
892664c108fffff,892664c101bffff,11
892664c108fffff,892664c114fffff,9
892664c108fffff,892664c116fffff,9
892664c108fffff,892664c1377ffff,6
892664c108fffff,892664c144fffff,5
892664c108fffff,892664c1a8bffff,71
892664c108fffff,892664c1ab3ffff,21
892664c108fffff,892664c1acfffff,18
892664c108fffff,892664c1adbffff,17
892664c108fffff,892664c1b0bffff,8
892664c108fffff,892664c1e0fffff,37
892664c108fffff,892664c1e13ffff,44
892664c108fffff,892664c1e2fffff,104
892664c108fffff,892664c1e33ffff,30
892664c108fffff,892664c1e4fffff,18
892664c108fffff,892664c1e73ffff,9
892664c108fffff,892664c1e8fffff,45
892664c108fffff,892664c1ea7ffff,8
892664c108fffff,892664c1eabffff,280
892664c108fffff,892664c1ecfffff,6
892664c108fffff,892664c1ed3ffff,7
892664c108fffff,892664c1ed7ffff,9
892664c108fffff,892664ca943ffff,10
892664c108fffff,892664cad77ffff,10
892664c10cbffff,892664c1007ffff,6
892664c10cbffff,892664c101bffff,5
892664c10cbffff,892664c102fffff,13
892664c10cbffff,892664c10d3ffff,5
892664c10cbffff,892664c114fffff,18
892664c10cbffff,892664c116fffff,16
892664c10cbffff,892664c1377ffff,5
892664c10cbffff,892664c13afffff,9
892664c10cbffff,892664c144fffff,12
892664c10cbffff,892664c1a8bffff,36
892664c10cbffff,892664c1aa7ffff,8
892664c10cbffff,892664c1ab3ffff,14
892664c10cbffff,892664c1acfffff,16
892664c10cbffff,892664c1adbffff,9
892664c10cbffff,892664c1b0bffff,13
892664c10cbffff,892664c1e0fffff,38
892664c10cbffff,892664c1e13ffff,25
892664c10cbffff,892664c1e2fffff,56
892664c10cbffff,892664c1e33ffff,25
892664c10cbffff,892664c1e4fffff,25
892664c10cbffff,892664c1e73ffff,14
892664c10cbffff,892664c1e8fffff,21
892664c10cbffff,892664c1ea7ffff,13
892664c10cbffff,892664c1eabffff,19
892664c10cbffff,892664c1ec7ffff,7
892664c10cbffff,892664c1ecfffff,21
892664c10cbffff,892664c1ed3ffff,7
892664c10cbffff,892664c1ed7ffff,9
892664c10cbffff,892664ca993ffff,5
892664c10cbffff,892664cad77ffff,20
892664c10cbffff,892664d8923ffff,8
892664c10d3ffff,89266452183ffff,97
892664c10d3ffff,892664c1007ffff,19
892664c10d3ffff,892664c100bffff,6
892664c10d3ffff,892664c101bffff,30
892664c10d3ffff,892664c102fffff,36
892664c10d3ffff,892664c1047ffff,7
892664c10d3ffff,892664c104fffff,9
892664c10d3ffff,892664c1057ffff,7
892664c10d3ffff,892664c105bffff,61
892664c10d3ffff,892664c106fffff,12
892664c10d3ffff,892664c10d7ffff,12
892664c10d3ffff,892664c10dbffff,7
892664c10d3ffff,892664c114fffff,59
892664c10d3ffff,892664c116fffff,52
892664c10d3ffff,892664c1233ffff,7
892664c10d3ffff,892664c1327ffff,10
892664c10d3ffff,892664c1377ffff,103
892664c10d3ffff,892664c13afffff,44
892664c10d3ffff,892664c13b7ffff,10
892664c10d3ffff,892664c13cfffff,12
892664c10d3ffff,892664c13d3ffff,6
892664c10d3ffff,892664c144fffff,19
892664c10d3ffff,892664c1617ffff,5
892664c10d3ffff,892664c162fffff,6
892664c10d3ffff,892664c1633ffff,6
892664c10d3ffff,892664c16abffff,5
892664c10d3ffff,892664c1a07ffff,10
892664c10d3ffff,892664c1a63ffff,97
892664c10d3ffff,892664c1a8bffff,2211
892664c10d3ffff,892664c1aa7ffff,55
892664c10d3ffff,892664c1ab3ffff,287
892664c10d3ffff,892664c1acfffff,474
892664c10d3ffff,892664c1adbffff,273
892664c10d3ffff,892664c1b0bffff,105
892664c10d3ffff,892664c1b6fffff,21
892664c10d3ffff,892664c1e0fffff,638
892664c10d3ffff,892664c1e13ffff,580
892664c10d3ffff,892664c1e2fffff,995
892664c10d3ffff,892664c1e33ffff,355
892664c10d3ffff,892664c1e4fffff,333
892664c10d3ffff,892664c1e73ffff,387
892664c10d3ffff,892664c1e8fffff,218
892664c10d3ffff,892664c1ea7ffff,93
892664c10d3ffff,892664c1eabffff,1148
892664c10d3ffff,892664c1ec7ffff,36
892664c10d3ffff,892664c1ecfffff,40
892664c10d3ffff,892664c1ed3ffff,33
892664c10d3ffff,892664c1ed7ffff,76
892664c10d3ffff,892664ca943ffff,62
892664c10d3ffff,892664ca993ffff,42
892664c10d3ffff,892664ca9c3ffff,22
892664c10d3ffff,892664cac03ffff,13
892664c10d3ffff,892664cad17ffff,7
892664c10d3ffff,892664cad77ffff,294
892664c10d3ffff,892664cad8bffff,19
892664c10d3ffff,892664cc553ffff,7
892664c10d3ffff,892664cc58fffff,9
892664c10d3ffff,892664d8913ffff,11
892664c10d3ffff,892664d8923ffff,42
892664c10d3ffff,892664d896fffff,7
892664c10d3ffff,892664d89cfffff,5
892664c10d3ffff,89275934cdbffff,10
892664c10d7ffff,89266452183ffff,114
892664c10d7ffff,892664c1007ffff,31
892664c10d7ffff,892664c101bffff,33
892664c10d7ffff,892664c102fffff,24
892664c10d7ffff,892664c1057ffff,5
892664c10d7ffff,892664c105bffff,22
892664c10d7ffff,892664c106fffff,9
892664c10d7ffff,892664c108fffff,13
892664c10d7ffff,892664c10d3ffff,14
892664c10d7ffff,892664c114fffff,68
892664c10d7ffff,892664c116fffff,54
892664c10d7ffff,892664c1233ffff,6
892664c10d7ffff,892664c1377ffff,55
892664c10d7ffff,892664c13afffff,54
892664c10d7ffff,892664c13b7ffff,13
892664c10d7ffff,892664c13cfffff,18
892664c10d7ffff,892664c13d3ffff,12
892664c10d7ffff,892664c144bffff,6
892664c10d7ffff,892664c144fffff,32
892664c10d7ffff,892664c1617ffff,10
892664c10d7ffff,892664c1633ffff,9
892664c10d7ffff,892664c1693ffff,12
892664c10d7ffff,892664c16abffff,7
892664c10d7ffff,892664c16bbffff,7
892664c10d7ffff,892664c1a07ffff,10
892664c10d7ffff,892664c1a63ffff,65
892664c10d7ffff,892664c1a8bffff,1020
892664c10d7ffff,892664c1aa7ffff,28
892664c10d7ffff,892664c1ab3ffff,240
892664c10d7ffff,892664c1acfffff,277
892664c10d7ffff,892664c1adbffff,181
892664c10d7ffff,892664c1b0bffff,90
892664c10d7ffff,892664c1b6fffff,13
892664c10d7ffff,892664c1e0fffff,440
892664c10d7ffff,892664c1e13ffff,293
892664c10d7ffff,892664c1e2fffff,618
892664c10d7ffff,892664c1e33ffff,326
892664c10d7ffff,892664c1e4fffff,229
892664c10d7ffff,892664c1e73ffff,299
892664c10d7ffff,892664c1e8fffff,149
892664c10d7ffff,892664c1ea7ffff,77
892664c10d7ffff,892664c1eabffff,840
892664c10d7ffff,892664c1ec7ffff,29
892664c10d7ffff,892664c1ecfffff,48
892664c10d7ffff,892664c1ed3ffff,21
892664c10d7ffff,892664c1ed7ffff,64
892664c10d7ffff,892664ca943ffff,177
892664c10d7ffff,892664ca993ffff,26
892664c10d7ffff,892664ca9c3ffff,21
892664c10d7ffff,892664cac03ffff,13
892664c10d7ffff,892664cad17ffff,11
892664c10d7ffff,892664cad77ffff,258
892664c10d7ffff,892664cad8bffff,24
892664c10d7ffff,892664cc553ffff,10
892664c10d7ffff,892664cc58fffff,10
892664c10d7ffff,892664d8913ffff,9
892664c10d7ffff,892664d8923ffff,24
892664c10d7ffff,892664d896fffff,5
892664c10d7ffff,892664d89cfffff,5
892664c10d7ffff,892664d8d6fffff,8
892664c10d7ffff,89275934cdbffff,7
892664c10dbffff,89266452183ffff,15
892664c10dbffff,892664c101bffff,6
892664c10dbffff,892664c114fffff,9
892664c10dbffff,892664c116fffff,9
892664c10dbffff,892664c1377ffff,8
892664c10dbffff,892664c13afffff,14
892664c10dbffff,892664c144fffff,40
892664c10dbffff,892664c1693ffff,7
892664c10dbffff,892664c1a07ffff,7
892664c10dbffff,892664c1a63ffff,5
892664c10dbffff,892664c1a8bffff,161
892664c10dbffff,892664c1aa7ffff,5
892664c10dbffff,892664c1ab3ffff,19
892664c10dbffff,892664c1acfffff,30
892664c10dbffff,892664c1adbffff,24
892664c10dbffff,892664c1b0bffff,25
892664c10dbffff,892664c1e0fffff,67
892664c10dbffff,892664c1e13ffff,37
892664c10dbffff,892664c1e2fffff,90
892664c10dbffff,892664c1e33ffff,48
892664c10dbffff,892664c1e4fffff,34
892664c10dbffff,892664c1e73ffff,38
892664c10dbffff,892664c1e8fffff,21
892664c10dbffff,892664c1ea7ffff,14
892664c10dbffff,892664c1eabffff,101
892664c10dbffff,892664c1ec7ffff,5
892664c10dbffff,892664c1ed3ffff,10
892664c10dbffff,892664c1ed7ffff,9
892664c10dbffff,892664cad77ffff,41
892664c10dbffff,892664cad8bffff,5
892664c10dbffff,892664d8923ffff,7
892664c10dbffff,892664d896fffff,5
892664c114fffff,89266452183ffff,303
892664c114fffff,892664c1007ffff,59
892664c114fffff,892664c100bffff,25
892664c114fffff,892664c101bffff,39
892664c114fffff,892664c102fffff,165
892664c114fffff,892664c1047ffff,41
892664c114fffff,892664c104fffff,16
892664c114fffff,892664c1057ffff,11
892664c114fffff,892664c105bffff,30
892664c114fffff,892664c1067ffff,19
892664c114fffff,892664c106fffff,60
892664c114fffff,892664c108fffff,10
892664c114fffff,892664c10cbffff,7
892664c114fffff,892664c10d3ffff,45
892664c114fffff,892664c10d7ffff,48
892664c114fffff,892664c10dbffff,16
892664c114fffff,892664c116fffff,244
892664c114fffff,892664c1217ffff,10
892664c114fffff,892664c1233ffff,27
892664c114fffff,892664c1267ffff,9
892664c114fffff,892664c1293ffff,16
892664c114fffff,892664c129bffff,6
892664c114fffff,892664c12b3ffff,6
892664c114fffff,892664c1313ffff,14
892664c114fffff,892664c1327ffff,37
892664c114fffff,892664c1333ffff,18
892664c114fffff,892664c1377ffff,183
892664c114fffff,892664c13afffff,161
892664c114fffff,892664c13b7ffff,74
892664c114fffff,892664c13bbffff,6
892664c114fffff,892664c13cfffff,72
892664c114fffff,892664c13d3ffff,30
892664c114fffff,892664c13dbffff,10
892664c114fffff,892664c144bffff,12
892664c114fffff,892664c144fffff,59
892664c114fffff,892664c1617ffff,46
892664c114fffff,892664c162fffff,8
892664c114fffff,892664c1633ffff,47
892664c114fffff,892664c163bffff,6
892664c114fffff,892664c1693ffff,11
892664c114fffff,892664c16abffff,99
892664c114fffff,892664c16bbffff,45
892664c114fffff,892664c1a07ffff,97
892664c114fffff,892664c1a63ffff,64
892664c114fffff,892664c1a8bffff,3645
892664c114fffff,892664c1aa7ffff,215
892664c114fffff,892664c1ab3ffff,691
892664c114fffff,892664c1acfffff,814
892664c114fffff,892664c1adbffff,618
892664c114fffff,892664c1b0bffff,364
892664c114fffff,892664c1b6fffff,45
892664c114fffff,892664c1e0fffff,1807
892664c114fffff,892664c1e13ffff,1105
892664c114fffff,892664c1e2fffff,1994
892664c114fffff,892664c1e33ffff,830
892664c114fffff,892664c1e4fffff,1117
892664c114fffff,892664c1e73ffff,1459
892664c114fffff,892664c1e8fffff,662
892664c114fffff,892664c1ea7ffff,400
892664c114fffff,892664c1eabffff,1685
892664c114fffff,892664c1ec7ffff,259
892664c114fffff,892664c1ecfffff,308
892664c114fffff,892664c1ed3ffff,208
892664c114fffff,892664c1ed7ffff,318
892664c114fffff,892664ca943ffff,51
892664c114fffff,892664ca993ffff,132
892664c114fffff,892664ca9c3ffff,67
892664c114fffff,892664cac03ffff,47
892664c114fffff,892664cac17ffff,13
892664c114fffff,892664cac37ffff,8
892664c114fffff,892664cad17ffff,50
892664c114fffff,892664cad77ffff,1148
892664c114fffff,892664cad8bffff,84
892664c114fffff,892664cc553ffff,21
892664c114fffff,892664cc58fffff,9
892664c114fffff,892664cddbbffff,8
892664c114fffff,892664ce347ffff,7
892664c114fffff,892664cf4afffff,13
892664c114fffff,892664d8913ffff,14
892664c114fffff,892664d8923ffff,52
892664c114fffff,892664d896fffff,15
892664c114fffff,892664d89cfffff,12
892664c114fffff,892664d8d6fffff,10
892664c114fffff,892664d8d7bffff,6
892664c114fffff,89275934cdbffff,18
892664c116fffff,89266452183ffff,1013
892664c116fffff,892664c1007ffff,149
892664c116fffff,892664c100bffff,31
892664c116fffff,892664c101bffff,97
892664c116fffff,892664c102fffff,487
892664c116fffff,892664c1047ffff,49
892664c116fffff,892664c104fffff,48
892664c116fffff,892664c1057ffff,28
892664c116fffff,892664c105bffff,49
892664c116fffff,892664c1067ffff,47
892664c116fffff,892664c106fffff,105
892664c116fffff,892664c108fffff,21
892664c116fffff,892664c10cbffff,10
892664c116fffff,892664c10d3ffff,58
892664c116fffff,892664c10d7ffff,77
892664c116fffff,892664c10dbffff,33
892664c116fffff,892664c114fffff,614
892664c116fffff,892664c1217ffff,5
892664c116fffff,892664c1233ffff,50
892664c116fffff,892664c124bffff,6
892664c116fffff,892664c1267ffff,20
892664c116fffff,892664c126bffff,5
892664c116fffff,892664c1293ffff,6
892664c116fffff,892664c129bffff,5
892664c116fffff,892664c12b3ffff,10
892664c116fffff,892664c12bbffff,7
892664c116fffff,892664c1313ffff,33
892664c116fffff,892664c1327ffff,43
892664c116fffff,892664c1333ffff,23
892664c116fffff,892664c1377ffff,376
892664c116fffff,892664c13afffff,472
892664c116fffff,892664c13b7ffff,215
892664c116fffff,892664c13bbffff,5
892664c116fffff,892664c13cfffff,167
892664c116fffff,892664c13d3ffff,51
892664c116fffff,892664c13dbffff,16
892664c116fffff,892664c144bffff,17
892664c116fffff,892664c144fffff,114
892664c116fffff,892664c1617ffff,65
892664c116fffff,892664c162fffff,13
892664c116fffff,892664c1633ffff,55
892664c116fffff,892664c1657ffff,7
892664c116fffff,892664c168fffff,8
892664c116fffff,892664c1693ffff,20
892664c116fffff,892664c16abffff,65
892664c116fffff,892664c16bbffff,119
892664c116fffff,892664c1a07ffff,104
892664c116fffff,892664c1a63ffff,205
892664c116fffff,892664c1a8bffff,14626
892664c116fffff,892664c1aa7ffff,476
892664c116fffff,892664c1ab3ffff,4174
892664c116fffff,892664c1acfffff,2788
892664c116fffff,892664c1adbffff,1890
892664c116fffff,892664c1b0bffff,926
892664c116fffff,892664c1b6fffff,182
892664c116fffff,892664c1e0fffff,8978
892664c116fffff,892664c1e13ffff,6197
892664c116fffff,892664c1e2fffff,8090
892664c116fffff,892664c1e33ffff,3776
892664c116fffff,892664c1e4fffff,3526
892664c116fffff,892664c1e73ffff,3535
892664c116fffff,892664c1e8fffff,4132
892664c116fffff,892664c1ea7ffff,898
892664c116fffff,892664c1eabffff,13324
892664c116fffff,892664c1ec7ffff,616
892664c116fffff,892664c1ecfffff,727
892664c116fffff,892664c1ed3ffff,626
892664c116fffff,892664c1ed7ffff,1515
892664c116fffff,892664ca943ffff,297
892664c116fffff,892664ca993ffff,311
892664c116fffff,892664ca9bbffff,7
892664c116fffff,892664ca9c3ffff,162
892664c116fffff,892664cab63ffff,11
892664c116fffff,892664cac03ffff,66
892664c116fffff,892664cac17ffff,22
892664c116fffff,892664cac37ffff,5
892664c116fffff,892664caccfffff,5
892664c116fffff,892664cad17ffff,144
892664c116fffff,892664cad1bffff,8
892664c116fffff,892664cad77ffff,2421
892664c116fffff,892664cad8bffff,202
892664c116fffff,892664cc553ffff,38
892664c116fffff,892664cc58fffff,31
892664c116fffff,892664cc5cfffff,5
892664c116fffff,892664ce36fffff,9
892664c116fffff,892664cf497ffff,6
892664c116fffff,892664cf4afffff,13
892664c116fffff,892664cf5afffff,7
892664c116fffff,892664d8833ffff,7
892664c116fffff,892664d8913ffff,41
892664c116fffff,892664d8923ffff,60
892664c116fffff,892664d895bffff,9
892664c116fffff,892664d896fffff,7
892664c116fffff,892664d89cfffff,12
892664c116fffff,892664d8a37ffff,8
892664c116fffff,892664d8d6fffff,20
892664c116fffff,892664d8d7bffff,7
892664c116fffff,89275934cdbffff,57
892664c1233ffff,892664c102fffff,5
892664c1233ffff,892664c114fffff,5
892664c1233ffff,892664c116fffff,11
892664c1233ffff,892664c1377ffff,7
892664c1233ffff,892664c13afffff,5
892664c1233ffff,892664c1a8bffff,16
892664c1233ffff,892664c1ab3ffff,5
892664c1233ffff,892664c1acfffff,9
892664c1233ffff,892664c1adbffff,10
892664c1233ffff,892664c1b0bffff,8
892664c1233ffff,892664c1e0fffff,29
892664c1233ffff,892664c1e13ffff,10
892664c1233ffff,892664c1e2fffff,18
892664c1233ffff,892664c1e33ffff,13
892664c1233ffff,892664c1e4fffff,11
892664c1233ffff,892664c1e73ffff,11
892664c1233ffff,892664c1e8fffff,11
892664c1233ffff,892664c1ea7ffff,10
892664c1233ffff,892664c1eabffff,11
892664c1233ffff,892664c1ecfffff,21
892664c1233ffff,892664c1ed7ffff,8
892664c1233ffff,892664cad77ffff,14
892664c1233ffff,892664d89cfffff,5
892664c1257ffff,892664c1adbffff,9
892664c1257ffff,892664c1e0fffff,5
892664c1257ffff,892664c1e13ffff,10
892664c1257ffff,892664c1e2fffff,7
892664c1257ffff,892664c1e4fffff,6
892664c1257ffff,892664c1e73ffff,6
892664c1257ffff,892664cad77ffff,5
892664c1267ffff,892664c13afffff,5
892664c1267ffff,892664c1a8bffff,8
892664c1267ffff,892664c1e0fffff,6
892664c1267ffff,892664c1e2fffff,12
892664c1267ffff,892664c1e73ffff,7
892664c1267ffff,892664cad77ffff,7
892664c1267ffff,89275934cdbffff,5
892664c126bffff,892664c1e2fffff,6
892664c126bffff,892664cad77ffff,5
892664c1293ffff,892664c116fffff,5
892664c1293ffff,892664c13afffff,8
892664c1293ffff,892664c1a8bffff,14
892664c1293ffff,892664c1adbffff,5
892664c1293ffff,892664c1e0fffff,6
892664c1293ffff,892664c1e2fffff,7
892664c1293ffff,892664c1e4fffff,5
892664c1293ffff,892664c1e73ffff,10
892664c1293ffff,892664c1eabffff,7
892664c1293ffff,892664cad77ffff,6
892664c129bffff,892664c1a8bffff,10
892664c129bffff,892664c1e0fffff,8
892664c129bffff,892664cad77ffff,8
892664c12b3ffff,892664c1a8bffff,20
892664c12b3ffff,892664c1adbffff,7
892664c12b3ffff,892664c1e0fffff,8
892664c12b3ffff,892664c1eabffff,14
892664c12b3ffff,892664cad77ffff,10
892664c12bbffff,892664c1a8bffff,18
892664c12bbffff,892664cad77ffff,6
892664c1313ffff,892664c1a8bffff,8
892664c1313ffff,892664c1e0fffff,7
892664c1313ffff,892664c1e13ffff,9
892664c1313ffff,892664c1e2fffff,6
892664c1313ffff,892664c1e4fffff,10
892664c1313ffff,892664c1e73ffff,6
892664c1313ffff,892664c1eabffff,13
892664c1313ffff,892664cad77ffff,5
892664c1327ffff,89266452183ffff,19
892664c1327ffff,892664c1007ffff,5
892664c1327ffff,892664c101bffff,7
892664c1327ffff,892664c102fffff,12
892664c1327ffff,892664c105bffff,5
892664c1327ffff,892664c106fffff,13
892664c1327ffff,892664c108fffff,9
892664c1327ffff,892664c114fffff,36
892664c1327ffff,892664c116fffff,29
892664c1327ffff,892664c1333ffff,10
892664c1327ffff,892664c1377ffff,49
892664c1327ffff,892664c13afffff,43
892664c1327ffff,892664c13b7ffff,11
892664c1327ffff,892664c13cfffff,7
892664c1327ffff,892664c1a07ffff,12
892664c1327ffff,892664c1a63ffff,33
892664c1327ffff,892664c1a8bffff,713
892664c1327ffff,892664c1aa7ffff,33
892664c1327ffff,892664c1ab3ffff,89
892664c1327ffff,892664c1acfffff,159
892664c1327ffff,892664c1adbffff,175
892664c1327ffff,892664c1b0bffff,81
892664c1327ffff,892664c1b6fffff,29
892664c1327ffff,892664c1e0fffff,191
892664c1327ffff,892664c1e13ffff,117
892664c1327ffff,892664c1e2fffff,259
892664c1327ffff,892664c1e33ffff,72
892664c1327ffff,892664c1e4fffff,202
892664c1327ffff,892664c1e73ffff,181
892664c1327ffff,892664c1e8fffff,65
892664c1327ffff,892664c1ea7ffff,42
892664c1327ffff,892664c1eabffff,312
892664c1327ffff,892664c1ec7ffff,18
892664c1327ffff,892664c1ecfffff,40
892664c1327ffff,892664c1ed3ffff,16
892664c1327ffff,892664c1ed7ffff,23
892664c1327ffff,892664ca943ffff,31
892664c1327ffff,892664ca993ffff,24
892664c1327ffff,892664ca9c3ffff,12
892664c1327ffff,892664cac03ffff,5
892664c1327ffff,892664cad17ffff,10
892664c1327ffff,892664cad77ffff,271
892664c1327ffff,892664cad8bffff,18
892664c1327ffff,892664cddbbffff,6
892664c1333ffff,89266452183ffff,7
892664c1333ffff,892664c102fffff,5
892664c1333ffff,892664c105bffff,7
892664c1333ffff,892664c114fffff,20
892664c1333ffff,892664c116fffff,12
892664c1333ffff,892664c1327ffff,11
892664c1333ffff,892664c1377ffff,29
892664c1333ffff,892664c13afffff,16
892664c1333ffff,892664c13b7ffff,5
892664c1333ffff,892664c13cfffff,7
892664c1333ffff,892664c1a63ffff,10
892664c1333ffff,892664c1a8bffff,92
892664c1333ffff,892664c1aa7ffff,8
892664c1333ffff,892664c1ab3ffff,21
892664c1333ffff,892664c1acfffff,24
892664c1333ffff,892664c1adbffff,17
892664c1333ffff,892664c1b0bffff,13
892664c1333ffff,892664c1e0fffff,64
892664c1333ffff,892664c1e13ffff,28
892664c1333ffff,892664c1e2fffff,72
892664c1333ffff,892664c1e33ffff,27
892664c1333ffff,892664c1e4fffff,49
892664c1333ffff,892664c1e73ffff,26
892664c1333ffff,892664c1e8fffff,34
892664c1333ffff,892664c1ea7ffff,8
892664c1333ffff,892664c1eabffff,112
892664c1333ffff,892664c1ec7ffff,5
892664c1333ffff,892664c1ecfffff,70
892664c1333ffff,892664c1ed3ffff,19
892664c1333ffff,892664c1ed7ffff,19
892664c1333ffff,892664ca943ffff,26
892664c1333ffff,892664cad17ffff,6
892664c1333ffff,892664cad77ffff,40
892664c1333ffff,892664cad8bffff,8
892664c1333ffff,892664d8923ffff,6
892664c1333ffff,892664d89cfffff,5
892664c1377ffff,89266452183ffff,24
892664c1377ffff,892664c1007ffff,24
892664c1377ffff,892664c100bffff,5
892664c1377ffff,892664c101bffff,10
892664c1377ffff,892664c102fffff,52
892664c1377ffff,892664c1047ffff,6
892664c1377ffff,892664c104fffff,6
892664c1377ffff,892664c105bffff,12
892664c1377ffff,892664c1067ffff,7
892664c1377ffff,892664c106fffff,8
892664c1377ffff,892664c10d3ffff,15
892664c1377ffff,892664c10d7ffff,18
892664c1377ffff,892664c114fffff,106
892664c1377ffff,892664c116fffff,122
892664c1377ffff,892664c1233ffff,7
892664c1377ffff,892664c1267ffff,6
892664c1377ffff,892664c1293ffff,5
892664c1377ffff,892664c1313ffff,5
892664c1377ffff,892664c1327ffff,29
892664c1377ffff,892664c1333ffff,23
892664c1377ffff,892664c13afffff,77
892664c1377ffff,892664c13b7ffff,37
892664c1377ffff,892664c13cfffff,18
892664c1377ffff,892664c13d3ffff,5
892664c1377ffff,892664c144fffff,20
892664c1377ffff,892664c1633ffff,9
892664c1377ffff,892664c1693ffff,6
892664c1377ffff,892664c16abffff,7
892664c1377ffff,892664c1a07ffff,44
892664c1377ffff,892664c1a63ffff,40
892664c1377ffff,892664c1a8bffff,438
892664c1377ffff,892664c1aa7ffff,38
892664c1377ffff,892664c1ab3ffff,65
892664c1377ffff,892664c1acfffff,220
892664c1377ffff,892664c1adbffff,161
892664c1377ffff,892664c1b0bffff,96
892664c1377ffff,892664c1b6fffff,10
892664c1377ffff,892664c1e0fffff,382
892664c1377ffff,892664c1e13ffff,195
892664c1377ffff,892664c1e2fffff,352
892664c1377ffff,892664c1e33ffff,171
892664c1377ffff,892664c1e4fffff,257
892664c1377ffff,892664c1e73ffff,222
892664c1377ffff,892664c1e8fffff,171
892664c1377ffff,892664c1ea7ffff,78
892664c1377ffff,892664c1eabffff,260
892664c1377ffff,892664c1ec7ffff,64
892664c1377ffff,892664c1ecfffff,130
892664c1377ffff,892664c1ed3ffff,88
892664c1377ffff,892664c1ed7ffff,59
892664c1377ffff,892664ca943ffff,33
892664c1377ffff,892664ca993ffff,48
892664c1377ffff,892664ca9c3ffff,11
892664c1377ffff,892664cac03ffff,15
892664c1377ffff,892664cad17ffff,15
892664c1377ffff,892664cad77ffff,236
892664c1377ffff,892664cad8bffff,28
892664c1377ffff,892664cc58fffff,11
892664c1377ffff,892664cddbbffff,6
892664c1377ffff,892664d8923ffff,8
892664c1377ffff,892664d89cfffff,6
892664c1377ffff,892664d8d6fffff,9
892664c1377ffff,89275934cdbffff,12
892664c1383ffff,892664c1a8bffff,24
892664c1383ffff,892664c1e0fffff,7
892664c1383ffff,892664c1e73ffff,6
892664c13afffff,89266452183ffff,57
892664c13afffff,892664c1007ffff,87
892664c13afffff,892664c100bffff,26
892664c13afffff,892664c101bffff,53
892664c13afffff,892664c102fffff,119
892664c13afffff,892664c1047ffff,58
892664c13afffff,892664c104fffff,46
892664c13afffff,892664c1057ffff,12
892664c13afffff,892664c105bffff,21
892664c13afffff,892664c1067ffff,22
892664c13afffff,892664c106fffff,52
892664c13afffff,892664c10cbffff,14
892664c13afffff,892664c10d3ffff,65
892664c13afffff,892664c10d7ffff,49
892664c13afffff,892664c10dbffff,37
892664c13afffff,892664c114fffff,207
892664c13afffff,892664c116fffff,270
892664c13afffff,892664c1217ffff,8
892664c13afffff,892664c1233ffff,12
892664c13afffff,892664c1267ffff,11
892664c13afffff,892664c1293ffff,16
892664c13afffff,892664c12b3ffff,15
892664c13afffff,892664c12bbffff,6
892664c13afffff,892664c1313ffff,8
892664c13afffff,892664c1327ffff,33
892664c13afffff,892664c1333ffff,28
892664c13afffff,892664c1377ffff,125
892664c13afffff,892664c13b7ffff,46
892664c13afffff,892664c13cfffff,43
892664c13afffff,892664c13d3ffff,22
892664c13afffff,892664c13dbffff,5
892664c13afffff,892664c144bffff,16
892664c13afffff,892664c144fffff,35
892664c13afffff,892664c1617ffff,19
892664c13afffff,892664c162fffff,28
892664c13afffff,892664c1633ffff,51
892664c13afffff,892664c163bffff,8
892664c13afffff,892664c1657ffff,5
892664c13afffff,892664c168fffff,6
892664c13afffff,892664c1693ffff,22
892664c13afffff,892664c16abffff,34
892664c13afffff,892664c16bbffff,20
892664c13afffff,892664c1a07ffff,97
892664c13afffff,892664c1a63ffff,45
892664c13afffff,892664c1a8bffff,1739
892664c13afffff,892664c1aa7ffff,154
892664c13afffff,892664c1ab3ffff,195
892664c13afffff,892664c1acfffff,482
892664c13afffff,892664c1adbffff,576
892664c13afffff,892664c1b0bffff,335
892664c13afffff,892664c1b6fffff,21
892664c13afffff,892664c1e0fffff,1386
892664c13afffff,892664c1e13ffff,502
892664c13afffff,892664c1e2fffff,1302
892664c13afffff,892664c1e33ffff,690
892664c13afffff,892664c1e4fffff,1245
892664c13afffff,892664c1e5bffff,6
892664c13afffff,892664c1e73ffff,1366
892664c13afffff,892664c1e8fffff,453
892664c13afffff,892664c1ea7ffff,255
892664c13afffff,892664c1eabffff,531
892664c13afffff,892664c1ec7ffff,299
892664c13afffff,892664c1ecfffff,258
892664c13afffff,892664c1ed3ffff,150
892664c13afffff,892664c1ed7ffff,184
892664c13afffff,892664ca943ffff,24
892664c13afffff,892664ca993ffff,160
892664c13afffff,892664ca9c3ffff,61
892664c13afffff,892664cac03ffff,73
892664c13afffff,892664cac17ffff,15
892664c13afffff,892664cac37ffff,10
892664c13afffff,892664cac8bffff,6
892664c13afffff,892664caccfffff,7
892664c13afffff,892664cad17ffff,70
892664c13afffff,892664cad77ffff,954
892664c13afffff,892664cad8bffff,103
892664c13afffff,892664caddbffff,6
892664c13afffff,892664cf4afffff,5
892664c13afffff,892664d8923ffff,24
892664c13afffff,892664d8d6fffff,5
892664c13afffff,89275934cdbffff,7
892664c13b7ffff,89266452183ffff,192
892664c13b7ffff,892664c1007ffff,19
892664c13b7ffff,892664c100bffff,11
892664c13b7ffff,892664c101bffff,33
892664c13b7ffff,892664c102fffff,117
892664c13b7ffff,892664c1047ffff,18
892664c13b7ffff,892664c104fffff,16
892664c13b7ffff,892664c1057ffff,11
892664c13b7ffff,892664c105bffff,26
892664c13b7ffff,892664c1067ffff,8
892664c13b7ffff,892664c106fffff,19
892664c13b7ffff,892664c108fffff,7
892664c13b7ffff,892664c10d3ffff,16
892664c13b7ffff,892664c10d7ffff,16
892664c13b7ffff,892664c10dbffff,5
892664c13b7ffff,892664c114fffff,159
892664c13b7ffff,892664c116fffff,212
892664c13b7ffff,892664c1217ffff,6
892664c13b7ffff,892664c1233ffff,16
892664c13b7ffff,892664c1267ffff,5
892664c13b7ffff,892664c1293ffff,7
892664c13b7ffff,892664c12b3ffff,7
892664c13b7ffff,892664c1313ffff,6
892664c13b7ffff,892664c1327ffff,17
892664c13b7ffff,892664c1333ffff,5
892664c13b7ffff,892664c1377ffff,125
892664c13b7ffff,892664c13afffff,98
892664c13b7ffff,892664c13cfffff,47
892664c13b7ffff,892664c13d3ffff,8
892664c13b7ffff,892664c13dbffff,5
892664c13b7ffff,892664c144bffff,5
892664c13b7ffff,892664c144fffff,20
892664c13b7ffff,892664c1617ffff,16
892664c13b7ffff,892664c1633ffff,19
892664c13b7ffff,892664c16abffff,40
892664c13b7ffff,892664c16bbffff,31
892664c13b7ffff,892664c1a07ffff,69
892664c13b7ffff,892664c1a63ffff,87
892664c13b7ffff,892664c1a8bffff,3369
892664c13b7ffff,892664c1aa7ffff,77
892664c13b7ffff,892664c1ab3ffff,637
892664c13b7ffff,892664c1acfffff,720
892664c13b7ffff,892664c1adbffff,481
892664c13b7ffff,892664c1b0bffff,176
892664c13b7ffff,892664c1b6fffff,16
892664c13b7ffff,892664c1e0fffff,1684
892664c13b7ffff,892664c1e13ffff,1513
892664c13b7ffff,892664c1e2fffff,1676
892664c13b7ffff,892664c1e33ffff,781
892664c13b7ffff,892664c1e4fffff,873
892664c13b7ffff,892664c1e73ffff,1102
892664c13b7ffff,892664c1e8fffff,840
892664c13b7ffff,892664c1ea7ffff,180
892664c13b7ffff,892664c1eabffff,3099
892664c13b7ffff,892664c1ec7ffff,169
892664c13b7ffff,892664c1ecfffff,349
892664c13b7ffff,892664c1ed3ffff,178
892664c13b7ffff,892664c1ed7ffff,247
892664c13b7ffff,892664ca943ffff,120
892664c13b7ffff,892664ca993ffff,59
892664c13b7ffff,892664ca9c3ffff,40
892664c13b7ffff,892664cac03ffff,26
892664c13b7ffff,892664cac37ffff,5
892664c13b7ffff,892664cad17ffff,33
892664c13b7ffff,892664cad77ffff,607
892664c13b7ffff,892664cad8bffff,55
892664c13b7ffff,892664cc553ffff,8
892664c13b7ffff,892664cc58fffff,5
892664c13b7ffff,892664d8923ffff,16
892664c13b7ffff,892664d895bffff,5
892664c13b7ffff,89275934cdbffff,11
892664c13bbffff,892664c1a8bffff,6
892664c13cfffff,892664c1007ffff,6
892664c13cfffff,892664c102fffff,11
892664c13cfffff,892664c114fffff,28
892664c13cfffff,892664c116fffff,46
892664c13cfffff,892664c1377ffff,10
892664c13cfffff,892664c13afffff,26
892664c13cfffff,892664c13b7ffff,7
892664c13cfffff,892664c144fffff,6
892664c13cfffff,892664c1a07ffff,6
892664c13cfffff,892664c1a8bffff,50
892664c13cfffff,892664c1aa7ffff,6
892664c13cfffff,892664c1ab3ffff,14
892664c13cfffff,892664c1acfffff,26
892664c13cfffff,892664c1adbffff,22
892664c13cfffff,892664c1b0bffff,25
892664c13cfffff,892664c1e0fffff,72
892664c13cfffff,892664c1e13ffff,65
892664c13cfffff,892664c1e2fffff,60
892664c13cfffff,892664c1e33ffff,40
892664c13cfffff,892664c1e4fffff,44
892664c13cfffff,892664c1e73ffff,56
892664c13cfffff,892664c1e8fffff,37
892664c13cfffff,892664c1ea7ffff,24
892664c13cfffff,892664c1eabffff,19
892664c13cfffff,892664c1ec7ffff,20
892664c13cfffff,892664c1ecfffff,26
892664c13cfffff,892664c1ed3ffff,23
892664c13cfffff,892664c1ed7ffff,17
892664c13cfffff,892664ca993ffff,8
892664c13cfffff,892664cad17ffff,9
892664c13cfffff,892664cad77ffff,46
892664c13cfffff,892664cad8bffff,5
892664c13cfffff,892664d8923ffff,5
892664c13d3ffff,89266419493ffff,18
892664c13d3ffff,89266419607ffff,55
892664c13d3ffff,892664520afffff,6105
892664c13d3ffff,89266452147ffff,113
892664c13d3ffff,89266452c87ffff,55
892664c13d3ffff,89266452dabffff,40
892664c13d3ffff,89266456067ffff,52
892664c13d3ffff,89266456137ffff,16
892664c13d3ffff,892664562dbffff,63
892664c13d3ffff,89266456413ffff,328
892664c13d3ffff,89266457013ffff,14
892664c13d3ffff,892664c114fffff,8
892664c13d3ffff,892664c116fffff,7
892664c13d3ffff,892664c13afffff,8
892664c13d3ffff,892664c1607ffff,49819
892664c13d3ffff,892664c1a87ffff,59173
892664c13d3ffff,892664c1a8bffff,15
892664c13d3ffff,892664c1acfffff,5
892664c13d3ffff,892664c1adbffff,7
892664c13d3ffff,892664c1b47ffff,5504
892664c13d3ffff,892664c1e0fffff,14
892664c13d3ffff,892664c1e13ffff,13
892664c13d3ffff,892664c1e2fffff,10
892664c13d3ffff,892664c1e33ffff,6
892664c13d3ffff,892664c1e4fffff,17
892664c13d3ffff,892664c1e73ffff,15
892664c13d3ffff,892664c1ea7ffff,6
892664c13d3ffff,892664c1eabffff,9
892664c13d3ffff,892664c1ecfffff,143625
892664c13d3ffff,892664c1ed3ffff,9
892664c13d3ffff,892664c80afffff,1207
892664c13d3ffff,892664c81b7ffff,315
892664c13d3ffff,892664c8cabffff,722
892664c13d3ffff,892664c8d6bffff,512
892664c13d3ffff,892664ca0abffff,1925
892664c13d3ffff,892664ca103ffff,10344
892664c13d3ffff,892664ca3cfffff,235
892664c13d3ffff,892664ca58fffff,4741
892664c13d3ffff,892664ca6b7ffff,2715
892664c13d3ffff,892664ca913ffff,35774
892664c13d3ffff,892664caaafffff,501
892664c13d3ffff,892664cac3bffff,16545
892664c13d3ffff,892664cad77ffff,15
892664c13d3ffff,892664cae4fffff,1171
892664c13d3ffff,892664cb057ffff,295
892664c13d3ffff,892664cb1a7ffff,1003
892664c13d3ffff,892664cb387ffff,102
892664c13d3ffff,892664cb58fffff,992
892664c13d3ffff,892664cc217ffff,1527
892664c13d3ffff,892664cc3b3ffff,1531
892664c13d3ffff,892664cc46fffff,603
892664c13d3ffff,892664cc4dbffff,1701
892664c13d3ffff,892664cc563ffff,2432
892664c13d3ffff,892664cc5d7ffff,3225
892664c13d3ffff,892664cc847ffff,29
892664c13d3ffff,892664cc8b3ffff,79
892664c13d3ffff,892664ccb73ffff,50
892664c13d3ffff,892664ccc7bffff,94
892664c13d3ffff,892664ccd9bffff,198
892664c13d3ffff,892664cce7bffff,706
892664c13d3ffff,892664cd08bffff,71
892664c13d3ffff,892664cd1b3ffff,223
892664c13d3ffff,892664cd29bffff,119
892664c13d3ffff,892664cd3b3ffff,77
892664c13d3ffff,892664cd4cbffff,176
892664c13d3ffff,892664cd6cfffff,251
892664c13d3ffff,892664cd897ffff,269
892664c13d3ffff,892664cd973ffff,136
892664c13d3ffff,892664cdb0fffff,45
892664c13d3ffff,892664ce203ffff,535
892664c13d3ffff,892664ce35bffff,1464
892664c13d3ffff,892664cea67ffff,2441
892664c13d3ffff,892664cf017ffff,373
892664c13d3ffff,892664cf12bffff,716
892664c13d3ffff,892664cf2bbffff,246
892664c13d3ffff,892664cf33bffff,592
892664c13d3ffff,892664cf507ffff,1345
892664c13d3ffff,892664cf553ffff,796
892664c13d3ffff,892664cf617ffff,1273
892664c13d3ffff,892664d88bbffff,8319
892664c13d3ffff,892664d8973ffff,12924
892664c13d3ffff,892664d8aa7ffff,3654
892664c13d3ffff,892664d8ccfffff,4213
892664c13d3ffff,892664d8e1bffff,5077
892664c13d3ffff,892664d9857ffff,379
892664c13d3ffff,892664d9937ffff,1917
892664c13d3ffff,892664d9993ffff,685
892664c13d3ffff,892664d9bcbffff,776
892664c13d3ffff,892759369bbffff,1584
892664c13d3ffff,89275936d53ffff,100
892664c13dbffff,892664c1e0fffff,5
892664c13dbffff,892664cad77ffff,5
892664c144bffff,89266452183ffff,35
892664c144bffff,892664c101bffff,13
892664c144bffff,892664c102fffff,12
892664c144bffff,892664c105bffff,11
892664c144bffff,892664c10d7ffff,6
892664c144bffff,892664c114fffff,23
892664c144bffff,892664c116fffff,7
892664c144bffff,892664c1377ffff,26
892664c144bffff,892664c13afffff,15
892664c144bffff,892664c144fffff,8
892664c144bffff,892664c1693ffff,9
892664c144bffff,892664c1a63ffff,13
892664c144bffff,892664c1a8bffff,645
892664c144bffff,892664c1aa7ffff,13
892664c144bffff,892664c1ab3ffff,93
892664c144bffff,892664c1acfffff,154
892664c144bffff,892664c1adbffff,126
892664c144bffff,892664c1b0bffff,27
892664c144bffff,892664c1b6fffff,7
892664c144bffff,892664c1e0fffff,158
892664c144bffff,892664c1e13ffff,109
892664c144bffff,892664c1e2fffff,411
892664c144bffff,892664c1e33ffff,83
892664c144bffff,892664c1e4fffff,90
892664c144bffff,892664c1e73ffff,92
892664c144bffff,892664c1e8fffff,65
892664c144bffff,892664c1ea7ffff,17
892664c144bffff,892664c1eabffff,376
892664c144bffff,892664c1ec7ffff,8
892664c144bffff,892664c1ecfffff,11
892664c144bffff,892664c1ed7ffff,19
892664c144bffff,892664ca943ffff,41
892664c144bffff,892664ca9c3ffff,6
892664c144bffff,892664cad77ffff,76
892664c144bffff,892664cad8bffff,8
892664c144bffff,892664d8923ffff,8
892664c144bffff,892664d896fffff,6
892664c144fffff,89266452183ffff,115
892664c144fffff,892664c1007ffff,35
892664c144fffff,892664c101bffff,49
892664c144fffff,892664c102fffff,74
892664c144fffff,892664c1047ffff,9
892664c144fffff,892664c104fffff,5
892664c144fffff,892664c1057ffff,11
892664c144fffff,892664c105bffff,41
892664c144fffff,892664c106fffff,9
892664c144fffff,892664c10cbffff,10
892664c144fffff,892664c10d3ffff,20
892664c144fffff,892664c10d7ffff,29
892664c144fffff,892664c10dbffff,7
892664c144fffff,892664c114fffff,90
892664c144fffff,892664c116fffff,81
892664c144fffff,892664c1233ffff,7
892664c144fffff,892664c1327ffff,6
892664c144fffff,892664c1333ffff,15
892664c144fffff,892664c1377ffff,73
892664c144fffff,892664c13afffff,44
892664c144fffff,892664c13b7ffff,7
892664c144fffff,892664c13cfffff,20
892664c144fffff,892664c144bffff,8
892664c144fffff,892664c1617ffff,15
892664c144fffff,892664c1633ffff,15
892664c144fffff,892664c1693ffff,19
892664c144fffff,892664c16abffff,9
892664c144fffff,892664c16bbffff,10
892664c144fffff,892664c1a07ffff,13
892664c144fffff,892664c1a63ffff,33
892664c144fffff,892664c1a8bffff,2105
892664c144fffff,892664c1aa7ffff,79
892664c144fffff,892664c1ab3ffff,345
892664c144fffff,892664c1acfffff,381
892664c144fffff,892664c1adbffff,337
892664c144fffff,892664c1b0bffff,113
892664c144fffff,892664c1b6fffff,22
892664c144fffff,892664c1e0fffff,754
892664c144fffff,892664c1e13ffff,656
892664c144fffff,892664c1e2fffff,1162
892664c144fffff,892664c1e33ffff,351
892664c144fffff,892664c1e4fffff,322
892664c144fffff,892664c1e73ffff,564
892664c144fffff,892664c1e8fffff,333
892664c144fffff,892664c1ea7ffff,90
892664c144fffff,892664c1eabffff,1232
892664c144fffff,892664c1ec7ffff,35
892664c144fffff,892664c1ecfffff,50
892664c144fffff,892664c1ed3ffff,28
892664c144fffff,892664c1ed7ffff,84
892664c144fffff,892664ca943ffff,136
892664c144fffff,892664ca963ffff,5
892664c144fffff,892664ca993ffff,113
892664c144fffff,892664ca9c3ffff,39
892664c144fffff,892664cac03ffff,11
892664c144fffff,892664cad17ffff,16
892664c144fffff,892664cad77ffff,292
892664c144fffff,892664cad8bffff,29
892664c144fffff,892664cc553ffff,8
892664c144fffff,892664d8833ffff,6
892664c144fffff,892664d8913ffff,6
892664c144fffff,892664d8923ffff,66
892664c144fffff,892664d895bffff,5
892664c144fffff,892664d896fffff,30
892664c144fffff,892664d89cfffff,10
892664c144fffff,892664d8d6fffff,11
892664c144fffff,89275934cdbffff,14
892664c1607ffff,89266419157ffff,8
892664c1607ffff,89266419493ffff,52
892664c1607ffff,89266419607ffff,195
892664c1607ffff,892664520afffff,6929
892664c1607ffff,89266452147ffff,145
892664c1607ffff,89266452c87ffff,78
892664c1607ffff,89266452dabffff,90
892664c1607ffff,89266456067ffff,162
892664c1607ffff,89266456137ffff,52
892664c1607ffff,892664562dbffff,99
892664c1607ffff,89266456413ffff,953
892664c1607ffff,89266457013ffff,27
892664c1607ffff,892664c13d3ffff,60154
892664c1607ffff,892664c1a87ffff,80049
892664c1607ffff,892664c1b47ffff,8512
892664c1607ffff,892664c1ecfffff,164275
892664c1607ffff,892664c80afffff,1348
892664c1607ffff,892664c81b7ffff,653
892664c1607ffff,892664c8cabffff,1065
892664c1607ffff,892664c8d6bffff,508
892664c1607ffff,892664ca0abffff,6664
892664c1607ffff,892664ca103ffff,16028
892664c1607ffff,892664ca3cfffff,639
892664c1607ffff,892664ca58fffff,13753
892664c1607ffff,892664ca6b7ffff,9055
892664c1607ffff,892664ca913ffff,46148
892664c1607ffff,892664caaafffff,1417
892664c1607ffff,892664cac3bffff,21692
892664c1607ffff,892664cae4fffff,1474
892664c1607ffff,892664cb057ffff,925
892664c1607ffff,892664cb1a7ffff,2026
892664c1607ffff,892664cb387ffff,167
892664c1607ffff,892664cb58fffff,2699
892664c1607ffff,892664cc217ffff,1267
892664c1607ffff,892664cc3b3ffff,857
892664c1607ffff,892664cc46fffff,393
892664c1607ffff,892664cc4dbffff,3096
892664c1607ffff,892664cc563ffff,1481
892664c1607ffff,892664cc5d7ffff,3917
892664c1607ffff,892664cc847ffff,72
892664c1607ffff,892664cc8b3ffff,153
892664c1607ffff,892664ccb73ffff,148
892664c1607ffff,892664ccc7bffff,161
892664c1607ffff,892664ccd9bffff,371
892664c1607ffff,892664cce7bffff,557
892664c1607ffff,892664cd08bffff,64
892664c1607ffff,892664cd1b3ffff,398
892664c1607ffff,892664cd29bffff,258
892664c1607ffff,892664cd3b3ffff,118
892664c1607ffff,892664cd4cbffff,222
892664c1607ffff,892664cd6cfffff,119
892664c1607ffff,892664cd897ffff,775
892664c1607ffff,892664cd973ffff,176
892664c1607ffff,892664cdb0fffff,83
892664c1607ffff,892664ce203ffff,1246
892664c1607ffff,892664ce35bffff,4268
892664c1607ffff,892664cea67ffff,1849
892664c1607ffff,892664cf017ffff,721
892664c1607ffff,892664cf12bffff,1466
892664c1607ffff,892664cf2bbffff,399
892664c1607ffff,892664cf33bffff,431
892664c1607ffff,892664cf507ffff,2912
892664c1607ffff,892664cf553ffff,1525
892664c1607ffff,892664cf617ffff,1536
892664c1607ffff,892664d88bbffff,28377
892664c1607ffff,892664d8973ffff,50630
892664c1607ffff,892664d8aa7ffff,11638
892664c1607ffff,892664d8ccfffff,10139
892664c1607ffff,892664d8e1bffff,8491
892664c1607ffff,892664d9857ffff,900
892664c1607ffff,892664d9937ffff,4150
892664c1607ffff,892664d9993ffff,1573
892664c1607ffff,892664d9bcbffff,1478
892664c1607ffff,892759369bbffff,2562
892664c1607ffff,89275936d53ffff,175
892664c160fffff,892664c1a8bffff,5
892664c160fffff,892664c1e2fffff,7
892664c160fffff,892664c1eabffff,5
892664c1617ffff,89266452183ffff,15
892664c1617ffff,892664c1007ffff,9
892664c1617ffff,892664c101bffff,6
892664c1617ffff,892664c102fffff,16
892664c1617ffff,892664c1047ffff,6
892664c1617ffff,892664c104fffff,8
892664c1617ffff,892664c105bffff,6
892664c1617ffff,892664c1067ffff,6
892664c1617ffff,892664c10d7ffff,7
892664c1617ffff,892664c114fffff,55
892664c1617ffff,892664c116fffff,55
892664c1617ffff,892664c1377ffff,6
892664c1617ffff,892664c13afffff,50
892664c1617ffff,892664c13cfffff,8
892664c1617ffff,892664c144fffff,15
892664c1617ffff,892664c1633ffff,8
892664c1617ffff,892664c168fffff,5
892664c1617ffff,892664c1a07ffff,15
892664c1617ffff,892664c1a8bffff,205
892664c1617ffff,892664c1aa7ffff,43
892664c1617ffff,892664c1ab3ffff,49
892664c1617ffff,892664c1acfffff,112
892664c1617ffff,892664c1adbffff,60
892664c1617ffff,892664c1b0bffff,72
892664c1617ffff,892664c1b6fffff,9
892664c1617ffff,892664c1e0fffff,287
892664c1617ffff,892664c1e13ffff,112
892664c1617ffff,892664c1e2fffff,296
892664c1617ffff,892664c1e33ffff,164
892664c1617ffff,892664c1e4fffff,99
892664c1617ffff,892664c1e73ffff,123
892664c1617ffff,892664c1e8fffff,120
892664c1617ffff,892664c1ea7ffff,41
892664c1617ffff,892664c1eabffff,56
892664c1617ffff,892664c1ec7ffff,20
892664c1617ffff,892664c1ecfffff,21
892664c1617ffff,892664c1ed3ffff,23
892664c1617ffff,892664c1ed7ffff,64
892664c1617ffff,892664ca963ffff,14
892664c1617ffff,892664ca993ffff,25
892664c1617ffff,892664ca9c3ffff,5
892664c1617ffff,892664cac03ffff,7
892664c1617ffff,892664cad17ffff,7
892664c1617ffff,892664cad77ffff,83
892664c1617ffff,892664cad8bffff,14
892664c1617ffff,892664d8923ffff,6
892664c1617ffff,892664d895bffff,5
892664c1617ffff,892664d896fffff,5
892664c1617ffff,89275934cdbffff,14
892664c161bffff,892664c1a8bffff,12
892664c161bffff,892664c1acfffff,6
892664c161bffff,892664c1e0fffff,6
892664c161bffff,892664c1e13ffff,7
892664c161bffff,892664c1e2fffff,9
892664c161bffff,892664c1e33ffff,12
892664c161bffff,892664c1e73ffff,6
892664c161bffff,892664c1eabffff,6
892664c161bffff,892664cad77ffff,5
892664c162fffff,892664c114fffff,12
892664c162fffff,892664c13afffff,9
892664c162fffff,892664c1a8bffff,36
892664c162fffff,892664c1acfffff,8
892664c162fffff,892664c1e0fffff,19
892664c162fffff,892664c1e2fffff,10
892664c162fffff,892664c1e33ffff,7
892664c162fffff,892664c1e4fffff,9
892664c162fffff,892664c1e73ffff,13
892664c162fffff,892664c1e8fffff,6
892664c162fffff,892664c1eabffff,24
892664c162fffff,892664c1ecfffff,9
892664c162fffff,892664cad77ffff,22
892664c1633ffff,89266452183ffff,8
892664c1633ffff,892664c1007ffff,10
892664c1633ffff,892664c101bffff,10
892664c1633ffff,892664c102fffff,22
892664c1633ffff,892664c1047ffff,12
892664c1633ffff,892664c104fffff,8
892664c1633ffff,892664c105bffff,6
892664c1633ffff,892664c106fffff,6
892664c1633ffff,892664c10d3ffff,13
892664c1633ffff,892664c10d7ffff,8
892664c1633ffff,892664c10dbffff,5
892664c1633ffff,892664c114fffff,55
892664c1633ffff,892664c116fffff,56
892664c1633ffff,892664c1217ffff,6
892664c1633ffff,892664c1233ffff,5
892664c1633ffff,892664c1327ffff,8
892664c1633ffff,892664c1377ffff,19
892664c1633ffff,892664c13afffff,60
892664c1633ffff,892664c13b7ffff,7
892664c1633ffff,892664c13cfffff,5
892664c1633ffff,892664c144bffff,5
892664c1633ffff,892664c144fffff,39
892664c1633ffff,892664c1693ffff,8
892664c1633ffff,892664c16abffff,5
892664c1633ffff,892664c1a07ffff,13
892664c1633ffff,892664c1a63ffff,6
892664c1633ffff,892664c1a8bffff,237
892664c1633ffff,892664c1aa7ffff,47
892664c1633ffff,892664c1ab3ffff,48
892664c1633ffff,892664c1acfffff,116
892664c1633ffff,892664c1adbffff,78
892664c1633ffff,892664c1b0bffff,97
892664c1633ffff,892664c1b6fffff,8
892664c1633ffff,892664c1e0fffff,254
892664c1633ffff,892664c1e13ffff,150
892664c1633ffff,892664c1e2fffff,317
892664c1633ffff,892664c1e33ffff,157
892664c1633ffff,892664c1e4fffff,109
892664c1633ffff,892664c1e73ffff,161
892664c1633ffff,892664c1e8fffff,75
892664c1633ffff,892664c1ea7ffff,47
892664c1633ffff,892664c1eabffff,61
892664c1633ffff,892664c1ec7ffff,24
892664c1633ffff,892664c1ecfffff,49
892664c1633ffff,892664c1ed3ffff,46
892664c1633ffff,892664c1ed7ffff,58
892664c1633ffff,892664ca943ffff,5
892664c1633ffff,892664ca993ffff,19
892664c1633ffff,892664ca9c3ffff,12
892664c1633ffff,892664cac03ffff,12
892664c1633ffff,892664cad17ffff,11
892664c1633ffff,892664cad77ffff,124
892664c1633ffff,892664cad8bffff,13
892664c1633ffff,892664d8923ffff,6
892664c1633ffff,892664d896fffff,5
892664c1633ffff,892664d89cfffff,5
892664c1633ffff,89275934cdbffff,7
892664c163bffff,892664c114fffff,14
892664c163bffff,892664c116fffff,9
892664c163bffff,892664c13afffff,16
892664c163bffff,892664c1a8bffff,33
892664c163bffff,892664c1aa7ffff,8
892664c163bffff,892664c1ab3ffff,7
892664c163bffff,892664c1acfffff,26
892664c163bffff,892664c1adbffff,22
892664c163bffff,892664c1b0bffff,8
892664c163bffff,892664c1e0fffff,55
892664c163bffff,892664c1e13ffff,24
892664c163bffff,892664c1e2fffff,49
892664c163bffff,892664c1e33ffff,19
892664c163bffff,892664c1e4fffff,39
892664c163bffff,892664c1e73ffff,48
892664c163bffff,892664c1e8fffff,17
892664c163bffff,892664c1ea7ffff,8
892664c163bffff,892664c1eabffff,13
892664c163bffff,892664c1ec7ffff,10
892664c163bffff,892664c1ecfffff,12
892664c163bffff,892664c1ed7ffff,5
892664c163bffff,892664ca993ffff,13
892664c163bffff,892664cac03ffff,6
892664c163bffff,892664cad77ffff,46
892664c1643ffff,892664c1a8bffff,6
892664c1657ffff,892664c1a8bffff,14
892664c1657ffff,892664c1e2fffff,6
892664c1657ffff,892664c1e4fffff,5
892664c1657ffff,892664c1e73ffff,6
892664c1657ffff,892664cad77ffff,5
892664c1663ffff,892664c1a8bffff,5
892664c1663ffff,892664c1e2fffff,5
892664c167bffff,892664c1a8bffff,9
892664c167bffff,892664c1e0fffff,6
892664c167bffff,892664c1e73ffff,5
892664c168fffff,89266452183ffff,5
892664c168fffff,892664c116fffff,12
892664c168fffff,892664c1377ffff,7
892664c168fffff,892664c1a63ffff,5
892664c168fffff,892664c1a8bffff,76
892664c168fffff,892664c1ab3ffff,10
892664c168fffff,892664c1acfffff,19
892664c168fffff,892664c1adbffff,13
892664c168fffff,892664c1b0bffff,8
892664c168fffff,892664c1e0fffff,32
892664c168fffff,892664c1e13ffff,9
892664c168fffff,892664c1e2fffff,43
892664c168fffff,892664c1e33ffff,20
892664c168fffff,892664c1e4fffff,13
892664c168fffff,892664c1e73ffff,21
892664c168fffff,892664c1e8fffff,6
892664c168fffff,892664c1eabffff,18
892664c168fffff,892664ca943ffff,13
892664c168fffff,892664cad77ffff,16
892664c168fffff,892664d8923ffff,5
892664c1693ffff,89266452183ffff,15
892664c1693ffff,892664c1007ffff,5
892664c1693ffff,892664c101bffff,12
892664c1693ffff,892664c102fffff,9
892664c1693ffff,892664c1047ffff,5
892664c1693ffff,892664c1057ffff,10
892664c1693ffff,892664c105bffff,26
892664c1693ffff,892664c10cbffff,5
892664c1693ffff,892664c10d3ffff,7
892664c1693ffff,892664c10d7ffff,9
892664c1693ffff,892664c114fffff,31
892664c1693ffff,892664c116fffff,16
892664c1693ffff,892664c1233ffff,5
892664c1693ffff,892664c1377ffff,46
892664c1693ffff,892664c13afffff,10
892664c1693ffff,892664c144bffff,9
892664c1693ffff,892664c144fffff,17
892664c1693ffff,892664c1633ffff,11
892664c1693ffff,892664c1a07ffff,11
892664c1693ffff,892664c1a63ffff,21
892664c1693ffff,892664c1a8bffff,552
892664c1693ffff,892664c1aa7ffff,26
892664c1693ffff,892664c1ab3ffff,113
892664c1693ffff,892664c1acfffff,97
892664c1693ffff,892664c1adbffff,97
892664c1693ffff,892664c1b0bffff,113
892664c1693ffff,892664c1b6fffff,8
892664c1693ffff,892664c1e0fffff,204
892664c1693ffff,892664c1e13ffff,120
892664c1693ffff,892664c1e2fffff,222
892664c1693ffff,892664c1e33ffff,74
892664c1693ffff,892664c1e4fffff,138
892664c1693ffff,892664c1e73ffff,149
892664c1693ffff,892664c1e8fffff,62
892664c1693ffff,892664c1ea7ffff,34
892664c1693ffff,892664c1eabffff,267
892664c1693ffff,892664c1ec7ffff,5
892664c1693ffff,892664c1ecfffff,30
892664c1693ffff,892664c1ed3ffff,8
892664c1693ffff,892664c1ed7ffff,13
892664c1693ffff,892664ca943ffff,58
892664c1693ffff,892664ca993ffff,26
892664c1693ffff,892664ca9c3ffff,12
892664c1693ffff,892664cad77ffff,64
892664c1693ffff,892664ce347ffff,8
892664c1693ffff,892664d8913ffff,6
892664c1693ffff,892664d8923ffff,41
892664c1693ffff,892664d894fffff,7
892664c1693ffff,892664d896fffff,17
892664c1693ffff,892664d8977ffff,7
892664c1693ffff,892664d89cfffff,7
892664c1693ffff,892664d8d6fffff,10
892664c1693ffff,89275934cdbffff,6
892664c16a3ffff,892664c1a8bffff,24
892664c16a3ffff,892664c1ab3ffff,6
892664c16a3ffff,892664c1acfffff,14
892664c16a3ffff,892664c1adbffff,6
892664c16a3ffff,892664c1e0fffff,19
892664c16a3ffff,892664c1e13ffff,11
892664c16a3ffff,892664c1e2fffff,31
892664c16a3ffff,892664c1e33ffff,15
892664c16a3ffff,892664c1e73ffff,8
892664c16a3ffff,892664c1eabffff,12
892664c16a3ffff,892664d8923ffff,5
892664c16abffff,89266452183ffff,14
892664c16abffff,892664c1007ffff,18
892664c16abffff,892664c101bffff,13
892664c16abffff,892664c102fffff,20
892664c16abffff,892664c1047ffff,15
892664c16abffff,892664c104fffff,14
892664c16abffff,892664c1057ffff,5
892664c16abffff,892664c105bffff,7
892664c16abffff,892664c1067ffff,7
892664c16abffff,892664c106fffff,12
892664c16abffff,892664c10d3ffff,9
892664c16abffff,892664c10d7ffff,15
892664c16abffff,892664c114fffff,115
892664c16abffff,892664c116fffff,93
892664c16abffff,892664c1233ffff,6
892664c16abffff,892664c1327ffff,13
892664c16abffff,892664c1333ffff,5
892664c16abffff,892664c1377ffff,25
892664c16abffff,892664c13afffff,112
892664c16abffff,892664c13b7ffff,18
892664c16abffff,892664c13cfffff,12
892664c16abffff,892664c13d3ffff,6
892664c16abffff,892664c144bffff,6
892664c16abffff,892664c144fffff,17
892664c16abffff,892664c1633ffff,5
892664c16abffff,892664c16bbffff,6
892664c16abffff,892664c1a07ffff,17
892664c16abffff,892664c1a63ffff,6
892664c16abffff,892664c1a8bffff,367
892664c16abffff,892664c1aa7ffff,79
892664c16abffff,892664c1ab3ffff,98
892664c16abffff,892664c1acfffff,179
892664c16abffff,892664c1adbffff,108
892664c16abffff,892664c1b0bffff,132
892664c16abffff,892664c1b6fffff,28
892664c16abffff,892664c1e0fffff,533
892664c16abffff,892664c1e13ffff,216
892664c16abffff,892664c1e2fffff,567
892664c16abffff,892664c1e33ffff,326
892664c16abffff,892664c1e4fffff,195
892664c16abffff,892664c1e73ffff,249
892664c16abffff,892664c1e8fffff,200
892664c16abffff,892664c1ea7ffff,86
892664c16abffff,892664c1eabffff,121
892664c16abffff,892664c1ec7ffff,59
892664c16abffff,892664c1ecfffff,37
892664c16abffff,892664c1ed3ffff,42
892664c16abffff,892664c1ed7ffff,91
892664c16abffff,892664ca993ffff,41
892664c16abffff,892664ca9c3ffff,7
892664c16abffff,892664cac03ffff,9
892664c16abffff,892664cad17ffff,15
892664c16abffff,892664cad77ffff,157
892664c16abffff,892664cad8bffff,22
892664c16abffff,892664d8923ffff,13
892664c16abffff,89275934cdbffff,15
892664c16bbffff,89266452183ffff,6
892664c16bbffff,892664c101bffff,5
892664c16bbffff,892664c10d3ffff,7
892664c16bbffff,892664c114fffff,38
892664c16bbffff,892664c116fffff,15
892664c16bbffff,892664c1377ffff,6
892664c16bbffff,892664c13afffff,17
892664c16bbffff,892664c144bffff,5
892664c16bbffff,892664c144fffff,7
892664c16bbffff,892664c1a63ffff,5
892664c16bbffff,892664c1a8bffff,193
892664c16bbffff,892664c1aa7ffff,47
892664c16bbffff,892664c1ab3ffff,41
892664c16bbffff,892664c1acfffff,77
892664c16bbffff,892664c1adbffff,37
892664c16bbffff,892664c1b0bffff,64
892664c16bbffff,892664c1b6fffff,8
892664c16bbffff,892664c1e0fffff,260
892664c16bbffff,892664c1e13ffff,108
892664c16bbffff,892664c1e2fffff,246
892664c16bbffff,892664c1e33ffff,161
892664c16bbffff,892664c1e4fffff,66
892664c16bbffff,892664c1e73ffff,82
892664c16bbffff,892664c1e8fffff,122
892664c16bbffff,892664c1ea7ffff,49
892664c16bbffff,892664c1eabffff,74
892664c16bbffff,892664c1ec7ffff,17
892664c16bbffff,892664c1ecfffff,16
892664c16bbffff,892664c1ed3ffff,17
892664c16bbffff,892664c1ed7ffff,45
892664c16bbffff,892664ca993ffff,11
892664c16bbffff,892664cad77ffff,52
892664c16bbffff,892664d8923ffff,9
892664c16bbffff,89275934cdbffff,6
892664c16c7ffff,892664c1a8bffff,6
892664c1a07ffff,89266452183ffff,177
892664c1a07ffff,892664c1007ffff,14
892664c1a07ffff,892664c101bffff,15
892664c1a07ffff,892664c102fffff,24
892664c1a07ffff,892664c1057ffff,5
892664c1a07ffff,892664c105bffff,11
892664c1a07ffff,892664c106fffff,14
892664c1a07ffff,892664c10d3ffff,5
892664c1a07ffff,892664c10d7ffff,7
892664c1a07ffff,892664c10dbffff,9
892664c1a07ffff,892664c114fffff,98
892664c1a07ffff,892664c116fffff,78
892664c1a07ffff,892664c1233ffff,9
892664c1a07ffff,892664c1313ffff,5
892664c1a07ffff,892664c1327ffff,20
892664c1a07ffff,892664c1333ffff,7
892664c1a07ffff,892664c1377ffff,91
892664c1a07ffff,892664c13afffff,80
892664c1a07ffff,892664c13b7ffff,18
892664c1a07ffff,892664c13cfffff,13
892664c1a07ffff,892664c144fffff,23
892664c1a07ffff,892664c1633ffff,7
892664c1a07ffff,892664c16abffff,7
892664c1a07ffff,892664c16bbffff,11
892664c1a07ffff,892664c1a63ffff,477
892664c1a07ffff,892664c1a8bffff,3595
892664c1a07ffff,892664c1aa7ffff,307
892664c1a07ffff,892664c1ab3ffff,669
892664c1a07ffff,892664c1acfffff,1100
892664c1a07ffff,892664c1adbffff,833
892664c1a07ffff,892664c1b0bffff,1565
892664c1a07ffff,892664c1b6fffff,227
892664c1a07ffff,892664c1e0fffff,1389
892664c1a07ffff,892664c1e13ffff,650
892664c1a07ffff,892664c1e2fffff,2298
892664c1a07ffff,892664c1e33ffff,988
892664c1a07ffff,892664c1e4fffff,967
892664c1a07ffff,892664c1e73ffff,869
892664c1a07ffff,892664c1e8fffff,345
892664c1a07ffff,892664c1ea7ffff,485
892664c1a07ffff,892664c1eabffff,1506
892664c1a07ffff,892664c1ec7ffff,116
892664c1a07ffff,892664c1ecfffff,139
892664c1a07ffff,892664c1ed3ffff,27
892664c1a07ffff,892664c1ed7ffff,97
892664c1a07ffff,892664ca903ffff,5
892664c1a07ffff,892664ca943ffff,408
892664c1a07ffff,892664ca963ffff,11
892664c1a07ffff,892664ca993ffff,246
892664c1a07ffff,892664ca9bbffff,6
892664c1a07ffff,892664ca9c3ffff,100
892664c1a07ffff,892664cac03ffff,18
892664c1a07ffff,892664cad17ffff,37
892664c1a07ffff,892664cad77ffff,1273
892664c1a07ffff,892664cad8bffff,70
892664c1a07ffff,892664cc553ffff,16
892664c1a07ffff,892664cc58fffff,5
892664c1a07ffff,892664cddbbffff,18
892664c1a07ffff,892664ce347ffff,16
892664c1a07ffff,892664cf497ffff,20
892664c1a07ffff,892664cf4afffff,52
892664c1a07ffff,892664cf57bffff,5
892664c1a07ffff,892664cf5afffff,7
892664c1a07ffff,892664d8913ffff,5
892664c1a07ffff,892664d8923ffff,8
892664c1a07ffff,892664d896fffff,7
892664c1a07ffff,892664d89cfffff,7
892664c1a07ffff,892664d8d6fffff,7
892664c1a63ffff,89266452183ffff,227
892664c1a63ffff,89266456293ffff,18
892664c1a63ffff,892664c1007ffff,14
892664c1a63ffff,892664c101bffff,12
892664c1a63ffff,892664c102fffff,20
892664c1a63ffff,892664c105bffff,7
892664c1a63ffff,892664c10d3ffff,13
892664c1a63ffff,892664c10d7ffff,16
892664c1a63ffff,892664c114fffff,50
892664c1a63ffff,892664c116fffff,57
892664c1a63ffff,892664c1233ffff,6
892664c1a63ffff,892664c1293ffff,6
892664c1a63ffff,892664c1327ffff,25
892664c1a63ffff,892664c1333ffff,7
892664c1a63ffff,892664c1377ffff,41
892664c1a63ffff,892664c13afffff,35
892664c1a63ffff,892664c13b7ffff,30
892664c1a63ffff,892664c13cfffff,11
892664c1a63ffff,892664c144fffff,20
892664c1a63ffff,892664c1617ffff,10
892664c1a63ffff,892664c1693ffff,9
892664c1a63ffff,892664c16abffff,7
892664c1a63ffff,892664c16bbffff,7
892664c1a63ffff,892664c1a07ffff,302
892664c1a63ffff,892664c1a8bffff,1640
892664c1a63ffff,892664c1aa7ffff,474
892664c1a63ffff,892664c1ab3ffff,393
892664c1a63ffff,892664c1acfffff,1072
892664c1a63ffff,892664c1adbffff,375
892664c1a63ffff,892664c1b0bffff,1565
892664c1a63ffff,892664c1b6fffff,267
892664c1a63ffff,892664c1e0fffff,683
892664c1a63ffff,892664c1e13ffff,216
892664c1a63ffff,892664c1e2fffff,1231
892664c1a63ffff,892664c1e33ffff,522
892664c1a63ffff,892664c1e4fffff,296
892664c1a63ffff,892664c1e73ffff,381
892664c1a63ffff,892664c1e8fffff,205
892664c1a63ffff,892664c1ea7ffff,271
892664c1a63ffff,892664c1eabffff,347
892664c1a63ffff,892664c1ec7ffff,54
892664c1a63ffff,892664c1ecfffff,157
892664c1a63ffff,892664c1ed3ffff,56
892664c1a63ffff,892664c1ed7ffff,55
892664c1a63ffff,892664ca63bffff,11
892664c1a63ffff,892664ca913ffff,6
892664c1a63ffff,892664ca943ffff,232
892664c1a63ffff,892664ca963ffff,16
892664c1a63ffff,892664ca993ffff,184
892664c1a63ffff,892664ca9bbffff,12
892664c1a63ffff,892664ca9c3ffff,46
892664c1a63ffff,892664cac03ffff,9
892664c1a63ffff,892664cad17ffff,25
892664c1a63ffff,892664cad77ffff,437
892664c1a63ffff,892664cad8bffff,33
892664c1a63ffff,892664cc527ffff,9
892664c1a63ffff,892664cc553ffff,13
892664c1a63ffff,892664cc58fffff,46
892664c1a63ffff,892664cca5bffff,5
892664c1a63ffff,892664ccccfffff,8
892664c1a63ffff,892664cddbbffff,76
892664c1a63ffff,892664ce207ffff,13
892664c1a63ffff,892664ce227ffff,11
892664c1a63ffff,892664ce24fffff,10
892664c1a63ffff,892664ce347ffff,35
892664c1a63ffff,892664ce36fffff,14
892664c1a63ffff,892664ce377ffff,7
892664c1a63ffff,892664ceb1bffff,10
892664c1a63ffff,892664cf10fffff,5
892664c1a63ffff,892664cf1bbffff,15
892664c1a63ffff,892664cf213ffff,5
892664c1a63ffff,892664cf497ffff,21
892664c1a63ffff,892664cf4afffff,40
892664c1a63ffff,892664cf513ffff,21
892664c1a63ffff,892664cf5afffff,21
892664c1a63ffff,892664d8913ffff,30
892664c1a63ffff,892664d8923ffff,23
892664c1a63ffff,892664d896fffff,16
892664c1a63ffff,892664d89cfffff,19
892664c1a63ffff,892664d8d6fffff,12
892664c1a63ffff,89275934cdbffff,36
892664c1a87ffff,89266419157ffff,148
892664c1a87ffff,89266419493ffff,321
892664c1a87ffff,89266419607ffff,1042
892664c1a87ffff,892664520afffff,22552
892664c1a87ffff,89266452147ffff,1024
892664c1a87ffff,89266452c87ffff,621
892664c1a87ffff,89266452dabffff,1309
892664c1a87ffff,89266456067ffff,993
892664c1a87ffff,89266456137ffff,125
892664c1a87ffff,892664562dbffff,1535
892664c1a87ffff,89266456413ffff,5669
892664c1a87ffff,89266457013ffff,69
892664c1a87ffff,892664c13d3ffff,102941
892664c1a87ffff,892664c1607ffff,110781
892664c1a87ffff,892664c1b47ffff,37362
892664c1a87ffff,892664c1ecfffff,212312
892664c1a87ffff,892664c80afffff,4951
892664c1a87ffff,892664c81b7ffff,1452
892664c1a87ffff,892664c8cabffff,2963
892664c1a87ffff,892664c8d6bffff,2238
892664c1a87ffff,892664ca0abffff,6313
892664c1a87ffff,892664ca103ffff,24768
892664c1a87ffff,892664ca3cfffff,689
892664c1a87ffff,892664ca58fffff,13467
892664c1a87ffff,892664ca6b7ffff,8881
892664c1a87ffff,892664ca913ffff,113639
892664c1a87ffff,892664caaafffff,4307
892664c1a87ffff,892664cac3bffff,78176
892664c1a87ffff,892664cae4fffff,3393
892664c1a87ffff,892664cb057ffff,672
892664c1a87ffff,892664cb1a7ffff,1657
892664c1a87ffff,892664cb387ffff,222
892664c1a87ffff,892664cb58fffff,3751
892664c1a87ffff,892664cc217ffff,3845
892664c1a87ffff,892664cc3b3ffff,9717
892664c1a87ffff,892664cc46fffff,2929
892664c1a87ffff,892664cc4dbffff,11103
892664c1a87ffff,892664cc563ffff,7285
892664c1a87ffff,892664cc5d7ffff,29780
892664c1a87ffff,892664cc847ffff,398
892664c1a87ffff,892664cc8b3ffff,2648
892664c1a87ffff,892664ccb73ffff,797
892664c1a87ffff,892664ccc7bffff,2551
892664c1a87ffff,892664ccd9bffff,5684
892664c1a87ffff,892664cce7bffff,13880
892664c1a87ffff,892664cd08bffff,779
892664c1a87ffff,892664cd1b3ffff,2169
892664c1a87ffff,892664cd29bffff,671
892664c1a87ffff,892664cd3b3ffff,2074
892664c1a87ffff,892664cd4cbffff,1181
892664c1a87ffff,892664cd6cfffff,707
892664c1a87ffff,892664cd897ffff,4352
892664c1a87ffff,892664cd973ffff,2834
892664c1a87ffff,892664cdb0fffff,687
892664c1a87ffff,892664ce203ffff,3560
892664c1a87ffff,892664ce35bffff,11587
892664c1a87ffff,892664cea67ffff,17989
892664c1a87ffff,892664cf017ffff,6597
892664c1a87ffff,892664cf12bffff,1467
892664c1a87ffff,892664cf2bbffff,1281
892664c1a87ffff,892664cf33bffff,2493
892664c1a87ffff,892664cf507ffff,17334
892664c1a87ffff,892664cf553ffff,12928
892664c1a87ffff,892664cf617ffff,13276
892664c1a87ffff,892664d88bbffff,32007
892664c1a87ffff,892664d8973ffff,33504
892664c1a87ffff,892664d8aa7ffff,10673
892664c1a87ffff,892664d8ccfffff,16938
892664c1a87ffff,892664d8e1bffff,11290
892664c1a87ffff,892664d9857ffff,2452
892664c1a87ffff,892664d9937ffff,4414
892664c1a87ffff,892664d9993ffff,1897
892664c1a87ffff,892664d9bcbffff,2850
892664c1a87ffff,892759369bbffff,3849
892664c1a87ffff,89275936d53ffff,265
892664c1a8bffff,89266452183ffff,12227
892664c1a8bffff,89266452533ffff,6
892664c1a8bffff,89266456253ffff,10
892664c1a8bffff,8926645663bffff,21
892664c1a8bffff,892664c1007ffff,1708
892664c1a8bffff,892664c100bffff,502
892664c1a8bffff,892664c101bffff,937
892664c1a8bffff,892664c102fffff,3846
892664c1a8bffff,892664c1047ffff,670
892664c1a8bffff,892664c104fffff,337
892664c1a8bffff,892664c1057ffff,192
892664c1a8bffff,892664c105bffff,306
892664c1a8bffff,892664c1067ffff,749
892664c1a8bffff,892664c106fffff,842
892664c1a8bffff,892664c1077ffff,23
892664c1a8bffff,892664c108fffff,149
892664c1a8bffff,892664c10cbffff,104
892664c1a8bffff,892664c10d3ffff,1326
892664c1a8bffff,892664c10d7ffff,1197
892664c1a8bffff,892664c10dbffff,288
892664c1a8bffff,892664c114fffff,10247
892664c1a8bffff,892664c116fffff,14843
892664c1a8bffff,892664c1217ffff,137
892664c1a8bffff,892664c1233ffff,541
892664c1a8bffff,892664c124bffff,82
892664c1a8bffff,892664c1257ffff,67
892664c1a8bffff,892664c1267ffff,125
892664c1a8bffff,892664c126bffff,79
892664c1a8bffff,892664c1293ffff,104
892664c1a8bffff,892664c129bffff,93
892664c1a8bffff,892664c12b3ffff,193
892664c1a8bffff,892664c12bbffff,101
892664c1a8bffff,892664c12d7ffff,26
892664c1a8bffff,892664c12dbffff,27
892664c1a8bffff,892664c1313ffff,385
892664c1a8bffff,892664c1327ffff,1335
892664c1a8bffff,892664c1333ffff,412
892664c1a8bffff,892664c1377ffff,3118
892664c1a8bffff,892664c1383ffff,137
892664c1a8bffff,892664c13afffff,6248
892664c1a8bffff,892664c13b7ffff,3643
892664c1a8bffff,892664c13bbffff,111
892664c1a8bffff,892664c13cfffff,985
892664c1a8bffff,892664c13d3ffff,307
892664c1a8bffff,892664c13dbffff,121
892664c1a8bffff,892664c144bffff,419
892664c1a8bffff,892664c144fffff,1240
892664c1a8bffff,892664c160fffff,14
892664c1a8bffff,892664c1617ffff,508
892664c1a8bffff,892664c161bffff,22
892664c1a8bffff,892664c162fffff,141
892664c1a8bffff,892664c1633ffff,303
892664c1a8bffff,892664c163bffff,94
892664c1a8bffff,892664c1643ffff,21
892664c1a8bffff,892664c1657ffff,81
892664c1a8bffff,892664c1663ffff,26
892664c1a8bffff,892664c166bffff,24
892664c1a8bffff,892664c1677ffff,24
892664c1a8bffff,892664c167bffff,52
892664c1a8bffff,892664c168fffff,60
892664c1a8bffff,892664c1693ffff,331
892664c1a8bffff,892664c16a3ffff,18
892664c1a8bffff,892664c16abffff,435
892664c1a8bffff,892664c16bbffff,824
892664c1a8bffff,892664c16c7ffff,14
892664c1a8bffff,892664c16dbffff,24
892664c1a8bffff,892664c1a07ffff,7560
892664c1a8bffff,892664c1a63ffff,7416
892664c1a8bffff,892664c1aa7ffff,15580
892664c1a8bffff,892664c1ab3ffff,29310
892664c1a8bffff,892664c1acfffff,94426
892664c1a8bffff,892664c1adbffff,46463
892664c1a8bffff,892664c1b0bffff,47258
892664c1a8bffff,892664c1b6fffff,9124
892664c1a8bffff,892664c1e0fffff,84514
892664c1a8bffff,892664c1e13ffff,38594
892664c1a8bffff,892664c1e2fffff,115955
892664c1a8bffff,892664c1e33ffff,52942
892664c1a8bffff,892664c1e4fffff,41713
892664c1a8bffff,892664c1e5bffff,155
892664c1a8bffff,892664c1e73ffff,50961
892664c1a8bffff,892664c1e8fffff,30928
892664c1a8bffff,892664c1ea7ffff,20305
892664c1a8bffff,892664c1eabffff,51357
892664c1a8bffff,892664c1ec7ffff,9324
892664c1a8bffff,892664c1ecfffff,10798
892664c1a8bffff,892664c1ed3ffff,7602
892664c1a8bffff,892664c1ed7ffff,11795
892664c1a8bffff,892664ca013ffff,15
892664c1a8bffff,892664ca027ffff,6
892664c1a8bffff,892664ca0a7ffff,7
892664c1a8bffff,892664ca0d3ffff,6
892664c1a8bffff,892664ca107ffff,10
892664c1a8bffff,892664ca10fffff,8
892664c1a8bffff,892664ca123ffff,13
892664c1a8bffff,892664ca14fffff,6
892664c1a8bffff,892664ca18bffff,6
892664c1a8bffff,892664ca1a3ffff,27
892664c1a8bffff,892664ca1cfffff,18
892664c1a8bffff,892664ca44fffff,5
892664c1a8bffff,892664ca483ffff,16
892664c1a8bffff,892664ca4afffff,5
892664c1a8bffff,892664ca51bffff,16
892664c1a8bffff,892664ca537ffff,6
892664c1a8bffff,892664ca54fffff,26
892664c1a8bffff,892664ca567ffff,6
892664c1a8bffff,892664ca583ffff,50
892664c1a8bffff,892664ca597ffff,18
892664c1a8bffff,892664ca5a7ffff,6
892664c1a8bffff,892664ca5b3ffff,5
892664c1a8bffff,892664ca63bffff,45
892664c1a8bffff,892664ca807ffff,82
892664c1a8bffff,892664ca82fffff,51
892664c1a8bffff,892664ca883ffff,10
892664c1a8bffff,892664ca897ffff,34
892664c1a8bffff,892664ca8b7ffff,28
892664c1a8bffff,892664ca903ffff,9
892664c1a8bffff,892664ca913ffff,68
892664c1a8bffff,892664ca937ffff,30
892664c1a8bffff,892664ca943ffff,4402
892664c1a8bffff,892664ca963ffff,122
892664c1a8bffff,892664ca993ffff,12601
892664c1a8bffff,892664ca9bbffff,132
892664c1a8bffff,892664ca9c3ffff,3685
892664c1a8bffff,892664cab07ffff,7
892664c1a8bffff,892664cab63ffff,47
892664c1a8bffff,892664cac03ffff,666
892664c1a8bffff,892664cac17ffff,181
892664c1a8bffff,892664cac2bffff,124
892664c1a8bffff,892664cac37ffff,239
892664c1a8bffff,892664cac47ffff,7
892664c1a8bffff,892664cac63ffff,19
892664c1a8bffff,892664cac67ffff,45
892664c1a8bffff,892664cac6bffff,9
892664c1a8bffff,892664cac83ffff,12
892664c1a8bffff,892664cac8bffff,33
892664c1a8bffff,892664cac9bffff,72
892664c1a8bffff,892664caca3ffff,62
892664c1a8bffff,892664caccfffff,52
892664c1a8bffff,892664cacdbffff,20
892664c1a8bffff,892664cad17ffff,2060
892664c1a8bffff,892664cad1bffff,134
892664c1a8bffff,892664cad43ffff,57
892664c1a8bffff,892664cad57ffff,42
892664c1a8bffff,892664cad77ffff,51541
892664c1a8bffff,892664cad8bffff,2470
892664c1a8bffff,892664caddbffff,166
892664c1a8bffff,892664caea3ffff,7
892664c1a8bffff,892664cc103ffff,8
892664c1a8bffff,892664cc2a3ffff,15
892664c1a8bffff,892664cc303ffff,12
892664c1a8bffff,892664cc363ffff,8
892664c1a8bffff,892664cc3bbffff,8
892664c1a8bffff,892664cc48bffff,18
892664c1a8bffff,892664cc4a7ffff,9
892664c1a8bffff,892664cc4c3ffff,8
892664c1a8bffff,892664cc527ffff,18
892664c1a8bffff,892664cc553ffff,227
892664c1a8bffff,892664cc58fffff,616
892664c1a8bffff,892664cc5cfffff,23
892664c1a8bffff,892664cc687ffff,8
892664c1a8bffff,892664cc8a3ffff,12
892664c1a8bffff,892664cc953ffff,8
892664c1a8bffff,892664cca5bffff,9
892664c1a8bffff,892664ccc07ffff,11
892664c1a8bffff,892664ccccfffff,24
892664c1a8bffff,892664cce1bffff,5
892664c1a8bffff,892664cce4fffff,12
892664c1a8bffff,892664cce77ffff,5
892664c1a8bffff,892664cceb7ffff,10
892664c1a8bffff,892664cced3ffff,14
892664c1a8bffff,892664cddbbffff,419
892664c1a8bffff,892664ce207ffff,47
892664c1a8bffff,892664ce227ffff,39
892664c1a8bffff,892664ce24fffff,27
892664c1a8bffff,892664ce347ffff,301
892664c1a8bffff,892664ce34fffff,5
892664c1a8bffff,892664ce367ffff,74
892664c1a8bffff,892664ce36fffff,104
892664c1a8bffff,892664ce377ffff,13
892664c1a8bffff,892664cea07ffff,7
892664c1a8bffff,892664cea4fffff,7
892664c1a8bffff,892664ceb1bffff,43
892664c1a8bffff,892664cf0a7ffff,5
892664c1a8bffff,892664cf10fffff,8
892664c1a8bffff,892664cf193ffff,19
892664c1a8bffff,892664cf1bbffff,44
892664c1a8bffff,892664cf1d7ffff,54
892664c1a8bffff,892664cf213ffff,30
892664c1a8bffff,892664cf413ffff,20
892664c1a8bffff,892664cf44bffff,44
892664c1a8bffff,892664cf457ffff,6
892664c1a8bffff,892664cf497ffff,579
892664c1a8bffff,892664cf4afffff,770
892664c1a8bffff,892664cf50fffff,14
892664c1a8bffff,892664cf513ffff,95
892664c1a8bffff,892664cf527ffff,5
892664c1a8bffff,892664cf53bffff,5
892664c1a8bffff,892664cf57bffff,101
892664c1a8bffff,892664cf587ffff,8
892664c1a8bffff,892664cf5afffff,110
892664c1a8bffff,892664cf66bffff,9
892664c1a8bffff,892664cf6afffff,16
892664c1a8bffff,892664d81afffff,7
892664c1a8bffff,892664d81b7ffff,5
892664c1a8bffff,892664d8813ffff,16
892664c1a8bffff,892664d8833ffff,65
892664c1a8bffff,892664d883bffff,19
892664c1a8bffff,892664d8847ffff,24
892664c1a8bffff,892664d888fffff,103
892664c1a8bffff,892664d8893ffff,70
892664c1a8bffff,892664d88b3ffff,12
892664c1a8bffff,892664d88dbffff,12
892664c1a8bffff,892664d8903ffff,13
892664c1a8bffff,892664d8913ffff,195
892664c1a8bffff,892664d8923ffff,1470
892664c1a8bffff,892664d894fffff,79
892664c1a8bffff,892664d895bffff,76
892664c1a8bffff,892664d896fffff,229
892664c1a8bffff,892664d8977ffff,56
892664c1a8bffff,892664d89cfffff,121
892664c1a8bffff,892664d89dbffff,57
892664c1a8bffff,892664d8a37ffff,19
892664c1a8bffff,892664d8aabffff,12
892664c1a8bffff,892664d8b0bffff,12
892664c1a8bffff,892664d8b17ffff,5
892664c1a8bffff,892664d8b1bffff,6
892664c1a8bffff,892664d8b37ffff,11
892664c1a8bffff,892664d8b77ffff,77
892664c1a8bffff,892664d8b93ffff,28
892664c1a8bffff,892664d8b9bffff,26
892664c1a8bffff,892664d8ba3ffff,6
892664c1a8bffff,892664d8bc3ffff,7
892664c1a8bffff,892664d8c17ffff,13
892664c1a8bffff,892664d8c1bffff,12
892664c1a8bffff,892664d8c27ffff,17
892664c1a8bffff,892664d8c3bffff,16
892664c1a8bffff,892664d8c53ffff,6
892664c1a8bffff,892664d8c7bffff,6
892664c1a8bffff,892664d8cc7ffff,14
892664c1a8bffff,892664d8cd3ffff,27
892664c1a8bffff,892664d8d4bffff,14
892664c1a8bffff,892664d8d5bffff,53
892664c1a8bffff,892664d8d6bffff,5
892664c1a8bffff,892664d8d6fffff,150
892664c1a8bffff,892664d8d7bffff,52
892664c1a8bffff,892664d8e37ffff,9
892664c1a8bffff,892664d8e6bffff,9
892664c1a8bffff,892664d8e77ffff,12
892664c1a8bffff,892664d8ebbffff,14
892664c1a8bffff,892664d997bffff,5
892664c1a8bffff,892664d99cfffff,5
892664c1a8bffff,892664d9b27ffff,9
892664c1a8bffff,892664d9b43ffff,5
892664c1a8bffff,892664d9e77ffff,5
892664c1a8bffff,89275934cdbffff,1208
892664c1a8bffff,89275936983ffff,14
892664c1a8bffff,89275936bb3ffff,14
892664c1a8bffff,89275936bc7ffff,45
892664c1aa7ffff,89266452183ffff,7823
892664c1aa7ffff,89266452533ffff,6
892664c1aa7ffff,892664c1007ffff,117
892664c1aa7ffff,892664c100bffff,16
892664c1aa7ffff,892664c101bffff,29
892664c1aa7ffff,892664c102fffff,324
892664c1aa7ffff,892664c1047ffff,41
892664c1aa7ffff,892664c104fffff,26
892664c1aa7ffff,892664c1057ffff,17
892664c1aa7ffff,892664c105bffff,31
892664c1aa7ffff,892664c1067ffff,27
892664c1aa7ffff,892664c106fffff,51
892664c1aa7ffff,892664c108fffff,8
892664c1aa7ffff,892664c10cbffff,13
892664c1aa7ffff,892664c10d3ffff,51
892664c1aa7ffff,892664c10d7ffff,56
892664c1aa7ffff,892664c10dbffff,31
892664c1aa7ffff,892664c114fffff,653
892664c1aa7ffff,892664c116fffff,461
892664c1aa7ffff,892664c1233ffff,60
892664c1aa7ffff,892664c1267ffff,12
892664c1aa7ffff,892664c1293ffff,6
892664c1aa7ffff,892664c129bffff,8
892664c1aa7ffff,892664c12b3ffff,10
892664c1aa7ffff,892664c1313ffff,17
892664c1aa7ffff,892664c1327ffff,57
892664c1aa7ffff,892664c1333ffff,18
892664c1aa7ffff,892664c1377ffff,191
892664c1aa7ffff,892664c13afffff,331
892664c1aa7ffff,892664c13b7ffff,86
892664c1aa7ffff,892664c13bbffff,8
892664c1aa7ffff,892664c13cfffff,77
892664c1aa7ffff,892664c13d3ffff,15
892664c1aa7ffff,892664c13dbffff,9
892664c1aa7ffff,892664c144bffff,15
892664c1aa7ffff,892664c144fffff,110
892664c1aa7ffff,892664c1617ffff,148
892664c1aa7ffff,892664c162fffff,8
892664c1aa7ffff,892664c1633ffff,27
892664c1aa7ffff,892664c168fffff,12
892664c1aa7ffff,892664c1693ffff,12
892664c1aa7ffff,892664c16abffff,91
892664c1aa7ffff,892664c16bbffff,256
892664c1aa7ffff,892664c1a07ffff,946
892664c1aa7ffff,892664c1a63ffff,1725
892664c1aa7ffff,892664c1a8bffff,20835
892664c1aa7ffff,892664c1ab3ffff,6336
892664c1aa7ffff,892664c1acfffff,10810
892664c1aa7ffff,892664c1adbffff,3908
892664c1aa7ffff,892664c1b0bffff,28734
892664c1aa7ffff,892664c1b6fffff,16341
892664c1aa7ffff,892664c1e0fffff,13407
892664c1aa7ffff,892664c1e13ffff,4676
892664c1aa7ffff,892664c1e2fffff,16238
892664c1aa7ffff,892664c1e33ffff,9398
892664c1aa7ffff,892664c1e4fffff,3517
892664c1aa7ffff,892664c1e73ffff,8226
892664c1aa7ffff,892664c1e8fffff,4271
892664c1aa7ffff,892664c1ea7ffff,4495
892664c1aa7ffff,892664c1eabffff,5670
892664c1aa7ffff,892664c1ec7ffff,562
892664c1aa7ffff,892664c1ecfffff,394
892664c1aa7ffff,892664c1ed3ffff,286
892664c1aa7ffff,892664c1ed7ffff,975
892664c1aa7ffff,892664ca1cfffff,7
892664c1aa7ffff,892664ca63bffff,6
892664c1aa7ffff,892664ca807ffff,12
892664c1aa7ffff,892664ca82fffff,10
892664c1aa7ffff,892664ca913ffff,12
892664c1aa7ffff,892664ca943ffff,910
892664c1aa7ffff,892664ca963ffff,83
892664c1aa7ffff,892664ca993ffff,796
892664c1aa7ffff,892664ca9bbffff,35
892664c1aa7ffff,892664ca9c3ffff,907
892664c1aa7ffff,892664cab07ffff,5
892664c1aa7ffff,892664cab63ffff,40
892664c1aa7ffff,892664cac03ffff,66
892664c1aa7ffff,892664cac17ffff,20
892664c1aa7ffff,892664cac2bffff,9
892664c1aa7ffff,892664cac37ffff,18
892664c1aa7ffff,892664cac8bffff,10
892664c1aa7ffff,892664cac9bffff,5
892664c1aa7ffff,892664caca3ffff,6
892664c1aa7ffff,892664caccfffff,5
892664c1aa7ffff,892664cad17ffff,185
892664c1aa7ffff,892664cad1bffff,8
892664c1aa7ffff,892664cad57ffff,9
892664c1aa7ffff,892664cad77ffff,5944
892664c1aa7ffff,892664cad8bffff,285
892664c1aa7ffff,892664caddbffff,11
892664c1aa7ffff,892664cc527ffff,7
892664c1aa7ffff,892664cc553ffff,120
892664c1aa7ffff,892664cc58fffff,447
892664c1aa7ffff,892664cc5cfffff,16
892664c1aa7ffff,892664cca5bffff,6
892664c1aa7ffff,892664ccccfffff,5
892664c1aa7ffff,892664cce4fffff,7
892664c1aa7ffff,892664cddbbffff,115
892664c1aa7ffff,892664ce207ffff,13
892664c1aa7ffff,892664ce227ffff,6
892664c1aa7ffff,892664ce24fffff,7
892664c1aa7ffff,892664ce347ffff,70
892664c1aa7ffff,892664ce367ffff,8
892664c1aa7ffff,892664ce36fffff,22
892664c1aa7ffff,892664cea07ffff,6
892664c1aa7ffff,892664ceb1bffff,8
892664c1aa7ffff,892664cf003ffff,7
892664c1aa7ffff,892664cf1bbffff,8
892664c1aa7ffff,892664cf1d7ffff,31
892664c1aa7ffff,892664cf413ffff,8
892664c1aa7ffff,892664cf44bffff,19
892664c1aa7ffff,892664cf457ffff,9
892664c1aa7ffff,892664cf497ffff,69
892664c1aa7ffff,892664cf4afffff,304
892664c1aa7ffff,892664cf50fffff,8
892664c1aa7ffff,892664cf513ffff,35
892664c1aa7ffff,892664cf52fffff,5
892664c1aa7ffff,892664cf57bffff,72
892664c1aa7ffff,892664cf5afffff,27
892664c1aa7ffff,892664cf6afffff,5
892664c1aa7ffff,892664d8833ffff,8
892664c1aa7ffff,892664d883bffff,7
892664c1aa7ffff,892664d8893ffff,7
892664c1aa7ffff,892664d8913ffff,30
892664c1aa7ffff,892664d8923ffff,56
892664c1aa7ffff,892664d895bffff,10
892664c1aa7ffff,892664d896fffff,31
892664c1aa7ffff,892664d89cfffff,20
892664c1aa7ffff,892664d8b77ffff,6
892664c1aa7ffff,892664d8c17ffff,7
892664c1aa7ffff,892664d8c27ffff,5
892664c1aa7ffff,892664d8c3bffff,5
892664c1aa7ffff,892664d8d6fffff,13
892664c1aa7ffff,89275934cdbffff,396
892664c1aa7ffff,89275936bc7ffff,6
892664c1ab3ffff,89266452183ffff,5342
892664c1ab3ffff,89266452533ffff,8
892664c1ab3ffff,892664c1007ffff,477
892664c1ab3ffff,892664c100bffff,43
892664c1ab3ffff,892664c101bffff,203
892664c1ab3ffff,892664c102fffff,825
892664c1ab3ffff,892664c1047ffff,99
892664c1ab3ffff,892664c104fffff,54
892664c1ab3ffff,892664c1057ffff,34
892664c1ab3ffff,892664c105bffff,68
892664c1ab3ffff,892664c1067ffff,63
892664c1ab3ffff,892664c106fffff,102
892664c1ab3ffff,892664c1077ffff,5
892664c1ab3ffff,892664c108fffff,47
892664c1ab3ffff,892664c10cbffff,21
892664c1ab3ffff,892664c10d3ffff,344
892664c1ab3ffff,892664c10d7ffff,299
892664c1ab3ffff,892664c10dbffff,69
892664c1ab3ffff,892664c114fffff,1389
892664c1ab3ffff,892664c116fffff,3676
892664c1ab3ffff,892664c1217ffff,8
892664c1ab3ffff,892664c1233ffff,118
892664c1ab3ffff,892664c124bffff,8
892664c1ab3ffff,892664c1257ffff,9
892664c1ab3ffff,892664c1267ffff,15
892664c1ab3ffff,892664c126bffff,8
892664c1ab3ffff,892664c1293ffff,14
892664c1ab3ffff,892664c129bffff,8
892664c1ab3ffff,892664c12b3ffff,15
892664c1ab3ffff,892664c12bbffff,9
892664c1ab3ffff,892664c1313ffff,62
892664c1ab3ffff,892664c1327ffff,126
892664c1ab3ffff,892664c1333ffff,37
892664c1ab3ffff,892664c1377ffff,291
892664c1ab3ffff,892664c1383ffff,5
892664c1ab3ffff,892664c13afffff,551
892664c1ab3ffff,892664c13b7ffff,606
892664c1ab3ffff,892664c13bbffff,13
892664c1ab3ffff,892664c13cfffff,147
892664c1ab3ffff,892664c13d3ffff,41
892664c1ab3ffff,892664c13dbffff,12
892664c1ab3ffff,892664c144bffff,65
892664c1ab3ffff,892664c144fffff,355
892664c1ab3ffff,892664c1617ffff,141
892664c1ab3ffff,892664c162fffff,15
892664c1ab3ffff,892664c1633ffff,61
892664c1ab3ffff,892664c163bffff,10
892664c1ab3ffff,892664c1657ffff,8
892664c1ab3ffff,892664c167bffff,6
892664c1ab3ffff,892664c168fffff,20
892664c1ab3ffff,892664c1693ffff,87
892664c1ab3ffff,892664c16a3ffff,5
892664c1ab3ffff,892664c16abffff,93
892664c1ab3ffff,892664c16bbffff,237
892664c1ab3ffff,892664c1a07ffff,1345
892664c1ab3ffff,892664c1a63ffff,1801
892664c1ab3ffff,892664c1a8bffff,24480
892664c1ab3ffff,892664c1aa7ffff,6323
892664c1ab3ffff,892664c1acfffff,24417
892664c1ab3ffff,892664c1adbffff,7917
892664c1ab3ffff,892664c1b0bffff,26081
892664c1ab3ffff,892664c1b6fffff,7644
892664c1ab3ffff,892664c1e0fffff,17364
892664c1ab3ffff,892664c1e13ffff,9612
892664c1ab3ffff,892664c1e2fffff,18761
892664c1ab3ffff,892664c1e33ffff,12727
892664c1ab3ffff,892664c1e4fffff,5618
892664c1ab3ffff,892664c1e5bffff,8
892664c1ab3ffff,892664c1e73ffff,9099
892664c1ab3ffff,892664c1e8fffff,8954
892664c1ab3ffff,892664c1ea7ffff,6529
892664c1ab3ffff,892664c1eabffff,9075
892664c1ab3ffff,892664c1ec7ffff,1104
892664c1ab3ffff,892664c1ecfffff,1103
892664c1ab3ffff,892664c1ed3ffff,925
892664c1ab3ffff,892664c1ed7ffff,3408
892664c1ab3ffff,892664ca013ffff,6
892664c1ab3ffff,892664ca10fffff,5
892664c1ab3ffff,892664ca483ffff,6
892664c1ab3ffff,892664ca54fffff,6
892664c1ab3ffff,892664ca583ffff,5
892664c1ab3ffff,892664ca63bffff,5
892664c1ab3ffff,892664ca807ffff,15
892664c1ab3ffff,892664ca82fffff,20
892664c1ab3ffff,892664ca897ffff,6
892664c1ab3ffff,892664ca913ffff,14
892664c1ab3ffff,892664ca943ffff,781
892664c1ab3ffff,892664ca963ffff,30
892664c1ab3ffff,892664ca993ffff,1654
892664c1ab3ffff,892664ca9bbffff,58
892664c1ab3ffff,892664ca9c3ffff,981
892664c1ab3ffff,892664cab63ffff,33
892664c1ab3ffff,892664cac03ffff,95
892664c1ab3ffff,892664cac17ffff,27
892664c1ab3ffff,892664cac2bffff,9
892664c1ab3ffff,892664cac37ffff,24
892664c1ab3ffff,892664cac67ffff,10
892664c1ab3ffff,892664cac83ffff,5
892664c1ab3ffff,892664cac9bffff,11
892664c1ab3ffff,892664caca3ffff,8
892664c1ab3ffff,892664caccfffff,8
892664c1ab3ffff,892664cad17ffff,303
892664c1ab3ffff,892664cad1bffff,11
892664c1ab3ffff,892664cad43ffff,10
892664c1ab3ffff,892664cad57ffff,6
892664c1ab3ffff,892664cad77ffff,7051
892664c1ab3ffff,892664cad8bffff,356
892664c1ab3ffff,892664caddbffff,17
892664c1ab3ffff,892664cc303ffff,7
892664c1ab3ffff,892664cc4a7ffff,5
892664c1ab3ffff,892664cc527ffff,6
892664c1ab3ffff,892664cc553ffff,113
892664c1ab3ffff,892664cc58fffff,490
892664c1ab3ffff,892664cc5cfffff,12
892664c1ab3ffff,892664cc8a3ffff,6
892664c1ab3ffff,892664ccc07ffff,6
892664c1ab3ffff,892664ccccfffff,13
892664c1ab3ffff,892664cce4fffff,8
892664c1ab3ffff,892664cceb7ffff,6
892664c1ab3ffff,892664cddbbffff,210
892664c1ab3ffff,892664ce207ffff,22
892664c1ab3ffff,892664ce227ffff,14
892664c1ab3ffff,892664ce24fffff,19
892664c1ab3ffff,892664ce347ffff,134
892664c1ab3ffff,892664ce34fffff,5
892664c1ab3ffff,892664ce367ffff,35
892664c1ab3ffff,892664ce36fffff,46
892664c1ab3ffff,892664ce377ffff,12
892664c1ab3ffff,892664ceb1bffff,16
892664c1ab3ffff,892664cf1bbffff,19
892664c1ab3ffff,892664cf1d7ffff,22
892664c1ab3ffff,892664cf213ffff,7
892664c1ab3ffff,892664cf44bffff,11
892664c1ab3ffff,892664cf497ffff,116
892664c1ab3ffff,892664cf4afffff,306
892664c1ab3ffff,892664cf50fffff,11
892664c1ab3ffff,892664cf513ffff,39
892664c1ab3ffff,892664cf53bffff,5
892664c1ab3ffff,892664cf57bffff,34
892664c1ab3ffff,892664cf587ffff,12
892664c1ab3ffff,892664cf5afffff,59
892664c1ab3ffff,892664cf6afffff,8
892664c1ab3ffff,892664d8833ffff,19
892664c1ab3ffff,892664d888fffff,20
892664c1ab3ffff,892664d8893ffff,22
892664c1ab3ffff,892664d88dbffff,7
892664c1ab3ffff,892664d8913ffff,59
892664c1ab3ffff,892664d8923ffff,206
892664c1ab3ffff,892664d894fffff,30
892664c1ab3ffff,892664d895bffff,20
892664c1ab3ffff,892664d896fffff,69
892664c1ab3ffff,892664d8977ffff,5
892664c1ab3ffff,892664d89cfffff,40
892664c1ab3ffff,892664d89dbffff,16
892664c1ab3ffff,892664d8a37ffff,10
892664c1ab3ffff,892664d8b77ffff,6
892664c1ab3ffff,892664d8b93ffff,8
892664c1ab3ffff,892664d8b9bffff,6
892664c1ab3ffff,892664d8c17ffff,6
892664c1ab3ffff,892664d8c1bffff,9
892664c1ab3ffff,892664d8c3bffff,6
892664c1ab3ffff,892664d8c7bffff,7
892664c1ab3ffff,892664d8cd3ffff,12
892664c1ab3ffff,892664d8d5bffff,10
892664c1ab3ffff,892664d8d6fffff,44
892664c1ab3ffff,892664d8d7bffff,19
892664c1ab3ffff,892664d8ebbffff,10
892664c1ab3ffff,89275934cdbffff,394
892664c1ab3ffff,89275936bc7ffff,7
892664c1acfffff,89266452183ffff,3871
892664c1acfffff,89266452533ffff,5
892664c1acfffff,892664c1007ffff,474
892664c1acfffff,892664c100bffff,106
892664c1acfffff,892664c101bffff,296
892664c1acfffff,892664c102fffff,1245
892664c1acfffff,892664c1047ffff,181
892664c1acfffff,892664c104fffff,91
892664c1acfffff,892664c1057ffff,91
892664c1acfffff,892664c105bffff,189
892664c1acfffff,892664c1067ffff,151
892664c1acfffff,892664c106fffff,236
892664c1acfffff,892664c1077ffff,8
892664c1acfffff,892664c108fffff,43
892664c1acfffff,892664c10cbffff,46
892664c1acfffff,892664c10d3ffff,451
892664c1acfffff,892664c10d7ffff,432
892664c1acfffff,892664c10dbffff,97
892664c1acfffff,892664c114fffff,3388
892664c1acfffff,892664c116fffff,4111
892664c1acfffff,892664c1217ffff,32
892664c1acfffff,892664c1233ffff,121
892664c1acfffff,892664c124bffff,34
892664c1acfffff,892664c1257ffff,18
892664c1acfffff,892664c1267ffff,70
892664c1acfffff,892664c126bffff,18
892664c1acfffff,892664c1293ffff,39
892664c1acfffff,892664c129bffff,26
892664c1acfffff,892664c12b3ffff,44
892664c1acfffff,892664c12bbffff,22
892664c1acfffff,892664c12d7ffff,6
892664c1acfffff,892664c12dbffff,9
892664c1acfffff,892664c1313ffff,99
892664c1acfffff,892664c1327ffff,516
892664c1acfffff,892664c1333ffff,173
892664c1acfffff,892664c1377ffff,2962
892664c1acfffff,892664c1383ffff,26
892664c1acfffff,892664c13afffff,2064
892664c1acfffff,892664c13b7ffff,912
892664c1acfffff,892664c13bbffff,15
892664c1acfffff,892664c13cfffff,410
892664c1acfffff,892664c13d3ffff,105
892664c1acfffff,892664c13dbffff,38
892664c1acfffff,892664c144bffff,123
892664c1acfffff,892664c144fffff,600
892664c1acfffff,892664c1617ffff,538
892664c1acfffff,892664c161bffff,14
892664c1acfffff,892664c162fffff,49
892664c1acfffff,892664c1633ffff,208
892664c1acfffff,892664c163bffff,25
892664c1acfffff,892664c1657ffff,31
892664c1acfffff,892664c1663ffff,7
892664c1acfffff,892664c166bffff,5
892664c1acfffff,892664c1677ffff,7
892664c1acfffff,892664c167bffff,17
892664c1acfffff,892664c168fffff,41
892664c1acfffff,892664c1693ffff,108
892664c1acfffff,892664c16a3ffff,24
892664c1acfffff,892664c16abffff,471
892664c1acfffff,892664c16bbffff,940
892664c1acfffff,892664c16c7ffff,6
892664c1acfffff,892664c1a07ffff,3928
892664c1acfffff,892664c1a63ffff,8810
892664c1acfffff,892664c1a8bffff,166748
892664c1acfffff,892664c1aa7ffff,14362
892664c1acfffff,892664c1ab3ffff,41442
892664c1acfffff,892664c1adbffff,16017
892664c1acfffff,892664c1b0bffff,35383
892664c1acfffff,892664c1b6fffff,7867
892664c1acfffff,892664c1e0fffff,63332
892664c1acfffff,892664c1e13ffff,24949
892664c1acfffff,892664c1e2fffff,119591
892664c1acfffff,892664c1e33ffff,50329
892664c1acfffff,892664c1e4fffff,34589
892664c1acfffff,892664c1e5bffff,38
892664c1acfffff,892664c1e73ffff,41776
892664c1acfffff,892664c1e8fffff,21061
892664c1acfffff,892664c1ea7ffff,11036
892664c1acfffff,892664c1eabffff,60021
892664c1acfffff,892664c1ec7ffff,3708
892664c1acfffff,892664c1ecfffff,4062
892664c1acfffff,892664c1ed3ffff,2457
892664c1acfffff,892664c1ed7ffff,4891
892664c1acfffff,892664c8d23ffff,11
892664c1acfffff,892664ca013ffff,9
892664c1acfffff,892664ca0a7ffff,6
892664c1acfffff,892664ca107ffff,5
892664c1acfffff,892664ca10fffff,9
892664c1acfffff,892664ca1a3ffff,5
892664c1acfffff,892664ca2d7ffff,6
892664c1acfffff,892664ca51bffff,8
892664c1acfffff,892664ca54fffff,6
892664c1acfffff,892664ca567ffff,7
892664c1acfffff,892664ca583ffff,11
892664c1acfffff,892664ca63bffff,27
892664c1acfffff,892664ca673ffff,6
892664c1acfffff,892664ca807ffff,34
892664c1acfffff,892664ca82fffff,46
892664c1acfffff,892664ca897ffff,15
892664c1acfffff,892664ca8b7ffff,30
892664c1acfffff,892664ca903ffff,6
892664c1acfffff,892664ca913ffff,101
892664c1acfffff,892664ca937ffff,5
892664c1acfffff,892664ca943ffff,8813
892664c1acfffff,892664ca963ffff,125
892664c1acfffff,892664ca993ffff,5550
892664c1acfffff,892664ca9bbffff,89
892664c1acfffff,892664ca9c3ffff,3205
892664c1acfffff,892664cab07ffff,27
892664c1acfffff,892664cab63ffff,49
892664c1acfffff,892664cac03ffff,265
892664c1acfffff,892664cac17ffff,54
892664c1acfffff,892664cac2bffff,66
892664c1acfffff,892664cac37ffff,84
892664c1acfffff,892664cac67ffff,13
892664c1acfffff,892664cac6bffff,10
892664c1acfffff,892664cac83ffff,7
892664c1acfffff,892664cac8bffff,9
892664c1acfffff,892664cac9bffff,26
892664c1acfffff,892664caca3ffff,23
892664c1acfffff,892664caccfffff,23
892664c1acfffff,892664cad17ffff,1145
892664c1acfffff,892664cad1bffff,44
892664c1acfffff,892664cad43ffff,32
892664c1acfffff,892664cad57ffff,27
892664c1acfffff,892664cad77ffff,40877
892664c1acfffff,892664cad8bffff,1457
892664c1acfffff,892664caddbffff,84
892664c1acfffff,892664caea3ffff,7
892664c1acfffff,892664cc2a3ffff,10
892664c1acfffff,892664cc303ffff,5
892664c1acfffff,892664cc3bbffff,7
892664c1acfffff,892664cc48bffff,8
892664c1acfffff,892664cc4a7ffff,9
892664c1acfffff,892664cc527ffff,12
892664c1acfffff,892664cc553ffff,369
892664c1acfffff,892664cc573ffff,6
892664c1acfffff,892664cc58fffff,803
892664c1acfffff,892664cc5cfffff,13
892664c1acfffff,892664cca5bffff,6
892664c1acfffff,892664ccccfffff,18
892664c1acfffff,892664cce1bffff,6
892664c1acfffff,892664cddbbffff,164
892664c1acfffff,892664ce207ffff,26
892664c1acfffff,892664ce227ffff,18
892664c1acfffff,892664ce24fffff,10
892664c1acfffff,892664ce347ffff,136
892664c1acfffff,892664ce367ffff,10
892664c1acfffff,892664ce36fffff,80
892664c1acfffff,892664ce377ffff,11
892664c1acfffff,892664cea4fffff,6
892664c1acfffff,892664ceb1bffff,6
892664c1acfffff,892664cf003ffff,13
892664c1acfffff,892664cf023ffff,6
892664c1acfffff,892664cf10fffff,5
892664c1acfffff,892664cf193ffff,6
892664c1acfffff,892664cf1bbffff,13
892664c1acfffff,892664cf1d7ffff,48
892664c1acfffff,892664cf213ffff,15
892664c1acfffff,892664cf413ffff,11
892664c1acfffff,892664cf44bffff,30
892664c1acfffff,892664cf497ffff,195
892664c1acfffff,892664cf4afffff,683
892664c1acfffff,892664cf50fffff,36
892664c1acfffff,892664cf513ffff,33
892664c1acfffff,892664cf52fffff,8
892664c1acfffff,892664cf57bffff,121
892664c1acfffff,892664cf587ffff,10
892664c1acfffff,892664cf5afffff,40
892664c1acfffff,892664cf66bffff,6
892664c1acfffff,892664cf6afffff,33
892664c1acfffff,892664d8833ffff,35
892664c1acfffff,892664d883bffff,8
892664c1acfffff,892664d8847ffff,7
892664c1acfffff,892664d888fffff,25
892664c1acfffff,892664d8893ffff,19
892664c1acfffff,892664d88b3ffff,6
892664c1acfffff,892664d8903ffff,12
892664c1acfffff,892664d8913ffff,94
892664c1acfffff,892664d8923ffff,395
892664c1acfffff,892664d894fffff,25
892664c1acfffff,892664d895bffff,28
892664c1acfffff,892664d896fffff,101
892664c1acfffff,892664d8977ffff,22
892664c1acfffff,892664d89cfffff,79
892664c1acfffff,892664d89dbffff,20
892664c1acfffff,892664d8a37ffff,12
892664c1acfffff,892664d8b17ffff,5
892664c1acfffff,892664d8b1bffff,5
892664c1acfffff,892664d8b77ffff,26
892664c1acfffff,892664d8b9bffff,8
892664c1acfffff,892664d8c17ffff,11
892664c1acfffff,892664d8c1bffff,6
892664c1acfffff,892664d8c3bffff,7
892664c1acfffff,892664d8c7bffff,6
892664c1acfffff,892664d8cd3ffff,9
892664c1acfffff,892664d8d4bffff,7
892664c1acfffff,892664d8d5bffff,10
892664c1acfffff,892664d8d6fffff,87
892664c1acfffff,892664d8d7bffff,17
892664c1acfffff,892664d8e03ffff,5
892664c1acfffff,892664d8ebbffff,7
892664c1acfffff,89275934cdbffff,1047
892664c1acfffff,892759369a7ffff,6
892664c1acfffff,89275936bb3ffff,15
892664c1acfffff,89275936bc7ffff,29
892664c1adbffff,89266452183ffff,1482
892664c1adbffff,892664c1007ffff,211
892664c1adbffff,892664c100bffff,86
892664c1adbffff,892664c101bffff,111
892664c1adbffff,892664c102fffff,627
892664c1adbffff,892664c1047ffff,108
892664c1adbffff,892664c104fffff,63
892664c1adbffff,892664c1057ffff,23
892664c1adbffff,892664c105bffff,78
892664c1adbffff,892664c1067ffff,99
892664c1adbffff,892664c106fffff,128
892664c1adbffff,892664c108fffff,16
892664c1adbffff,892664c10cbffff,14
892664c1adbffff,892664c10d3ffff,138
892664c1adbffff,892664c10d7ffff,134
892664c1adbffff,892664c10dbffff,33
892664c1adbffff,892664c114fffff,1216
892664c1adbffff,892664c116fffff,1834
892664c1adbffff,892664c1217ffff,23
892664c1adbffff,892664c1233ffff,69
892664c1adbffff,892664c124bffff,10
892664c1adbffff,892664c1257ffff,17
892664c1adbffff,892664c1267ffff,25
892664c1adbffff,892664c126bffff,8
892664c1adbffff,892664c1293ffff,21
892664c1adbffff,892664c129bffff,14
892664c1adbffff,892664c12b3ffff,18
892664c1adbffff,892664c12bbffff,11
892664c1adbffff,892664c1313ffff,51
892664c1adbffff,892664c1327ffff,232
892664c1adbffff,892664c1333ffff,82
892664c1adbffff,892664c1377ffff,1266
892664c1adbffff,892664c1383ffff,6
892664c1adbffff,892664c13afffff,1174
892664c1adbffff,892664c13b7ffff,409
892664c1adbffff,892664c13bbffff,12
892664c1adbffff,892664c13cfffff,158
892664c1adbffff,892664c13d3ffff,50
892664c1adbffff,892664c13dbffff,23
892664c1adbffff,892664c144bffff,50
892664c1adbffff,892664c144fffff,189
892664c1adbffff,892664c1617ffff,112
892664c1adbffff,892664c162fffff,20
892664c1adbffff,892664c1633ffff,82
892664c1adbffff,892664c163bffff,21
892664c1adbffff,892664c1657ffff,5
892664c1adbffff,892664c166bffff,6
892664c1adbffff,892664c1677ffff,5
892664c1adbffff,892664c168fffff,11
892664c1adbffff,892664c1693ffff,45
892664c1adbffff,892664c16abffff,157
892664c1adbffff,892664c16bbffff,226
892664c1adbffff,892664c1a07ffff,1303
892664c1adbffff,892664c1a63ffff,2324
892664c1adbffff,892664c1a8bffff,56484
892664c1adbffff,892664c1aa7ffff,3350
892664c1adbffff,892664c1ab3ffff,12968
892664c1adbffff,892664c1acfffff,7272
892664c1adbffff,892664c1b0bffff,9381
892664c1adbffff,892664c1b6fffff,2070
892664c1adbffff,892664c1e0fffff,22013
892664c1adbffff,892664c1e13ffff,11254
892664c1adbffff,892664c1e2fffff,48490
892664c1adbffff,892664c1e33ffff,17755
892664c1adbffff,892664c1e4fffff,13435
892664c1adbffff,892664c1e5bffff,18
892664c1adbffff,892664c1e73ffff,15477
892664c1adbffff,892664c1e8fffff,8036
892664c1adbffff,892664c1ea7ffff,3766
892664c1adbffff,892664c1eabffff,25834
892664c1adbffff,892664c1ec7ffff,1667
892664c1adbffff,892664c1ecfffff,1825
892664c1adbffff,892664c1ed3ffff,1242
892664c1adbffff,892664c1ed7ffff,2041
892664c1adbffff,892664ca1cfffff,5
892664c1adbffff,892664ca583ffff,9
892664c1adbffff,892664ca63bffff,12
892664c1adbffff,892664ca807ffff,24
892664c1adbffff,892664ca82fffff,9
892664c1adbffff,892664ca897ffff,6
892664c1adbffff,892664ca8b7ffff,9
892664c1adbffff,892664ca913ffff,50
892664c1adbffff,892664ca943ffff,3995
892664c1adbffff,892664ca963ffff,33
892664c1adbffff,892664ca993ffff,2229
892664c1adbffff,892664ca9bbffff,38
892664c1adbffff,892664ca9c3ffff,1504
892664c1adbffff,892664cab07ffff,6
892664c1adbffff,892664cab63ffff,23
892664c1adbffff,892664cac03ffff,165
892664c1adbffff,892664cac17ffff,28
892664c1adbffff,892664cac2bffff,21
892664c1adbffff,892664cac37ffff,37
892664c1adbffff,892664cac67ffff,11
892664c1adbffff,892664cac8bffff,7
892664c1adbffff,892664cac9bffff,17
892664c1adbffff,892664caca3ffff,16
892664c1adbffff,892664caccfffff,7
892664c1adbffff,892664cad17ffff,609
892664c1adbffff,892664cad1bffff,36
892664c1adbffff,892664cad43ffff,11
892664c1adbffff,892664cad57ffff,13
892664c1adbffff,892664cad77ffff,19108
892664c1adbffff,892664cad8bffff,691
892664c1adbffff,892664caddbffff,32
892664c1adbffff,892664cc0b3ffff,8
892664c1adbffff,892664cc553ffff,87
892664c1adbffff,892664cc58fffff,198
892664c1adbffff,892664cca5bffff,7
892664c1adbffff,892664ccccfffff,6
892664c1adbffff,892664cce4fffff,14
892664c1adbffff,892664cddbbffff,143
892664c1adbffff,892664ce207ffff,7
892664c1adbffff,892664ce227ffff,7
892664c1adbffff,892664ce347ffff,43
892664c1adbffff,892664ce367ffff,9
892664c1adbffff,892664ce36fffff,13
892664c1adbffff,892664ce377ffff,7
892664c1adbffff,892664cf193ffff,5
892664c1adbffff,892664cf1bbffff,10
892664c1adbffff,892664cf1d7ffff,18
892664c1adbffff,892664cf213ffff,9
892664c1adbffff,892664cf44bffff,14
892664c1adbffff,892664cf497ffff,45
892664c1adbffff,892664cf4afffff,130
892664c1adbffff,892664cf50fffff,7
892664c1adbffff,892664cf513ffff,8
892664c1adbffff,892664cf57bffff,43
892664c1adbffff,892664cf5afffff,16
892664c1adbffff,892664cf6afffff,14
892664c1adbffff,892664d8833ffff,12
892664c1adbffff,892664d888fffff,6
892664c1adbffff,892664d8893ffff,11
892664c1adbffff,892664d8913ffff,26
892664c1adbffff,892664d8923ffff,102
892664c1adbffff,892664d894fffff,5
892664c1adbffff,892664d895bffff,16
892664c1adbffff,892664d896fffff,25
892664c1adbffff,892664d89cfffff,10
892664c1adbffff,892664d89dbffff,5
892664c1adbffff,892664d8a37ffff,8
892664c1adbffff,892664d8b77ffff,9
892664c1adbffff,892664d8cd3ffff,6
892664c1adbffff,892664d8d5bffff,5
892664c1adbffff,892664d8d6fffff,28
892664c1adbffff,89275934cdbffff,204
892664c1adbffff,89275936bc7ffff,22
892664c1b0bffff,89266452183ffff,12967
892664c1b0bffff,89266456253ffff,9
892664c1b0bffff,892664c1007ffff,154
892664c1b0bffff,892664c100bffff,37
892664c1b0bffff,892664c101bffff,103
892664c1b0bffff,892664c102fffff,409
892664c1b0bffff,892664c1047ffff,35
892664c1b0bffff,892664c104fffff,28
892664c1b0bffff,892664c1057ffff,17
892664c1b0bffff,892664c105bffff,82
892664c1b0bffff,892664c1067ffff,30
892664c1b0bffff,892664c106fffff,59
892664c1b0bffff,892664c108fffff,11
892664c1b0bffff,892664c10cbffff,10
892664c1b0bffff,892664c10d3ffff,115
892664c1b0bffff,892664c10d7ffff,73
892664c1b0bffff,892664c10dbffff,54
892664c1b0bffff,892664c114fffff,799
892664c1b0bffff,892664c116fffff,871
892664c1b0bffff,892664c1217ffff,6
892664c1b0bffff,892664c1233ffff,75
892664c1b0bffff,892664c124bffff,12
892664c1b0bffff,892664c1257ffff,6
892664c1b0bffff,892664c1267ffff,15
892664c1b0bffff,892664c126bffff,6
892664c1b0bffff,892664c1293ffff,11
892664c1b0bffff,892664c12b3ffff,14
892664c1b0bffff,892664c12bbffff,10
892664c1b0bffff,892664c1313ffff,40
892664c1b0bffff,892664c1327ffff,139
892664c1b0bffff,892664c1333ffff,44
892664c1b0bffff,892664c1377ffff,364
892664c1b0bffff,892664c13afffff,472
892664c1b0bffff,892664c13b7ffff,139
892664c1b0bffff,892664c13bbffff,5
892664c1b0bffff,892664c13cfffff,115
892664c1b0bffff,892664c13d3ffff,22
892664c1b0bffff,892664c13dbffff,9
892664c1b0bffff,892664c144bffff,30
892664c1b0bffff,892664c144fffff,127
892664c1b0bffff,892664c1617ffff,130
892664c1b0bffff,892664c161bffff,5
892664c1b0bffff,892664c162fffff,11
892664c1b0bffff,892664c1633ffff,48
892664c1b0bffff,892664c163bffff,6
892664c1b0bffff,892664c1657ffff,7
892664c1b0bffff,892664c167bffff,6
892664c1b0bffff,892664c168fffff,10
892664c1b0bffff,892664c1693ffff,65
892664c1b0bffff,892664c16abffff,100
892664c1b0bffff,892664c16bbffff,268
892664c1b0bffff,892664c1a07ffff,2936
892664c1b0bffff,892664c1a63ffff,4492
892664c1b0bffff,892664c1a8bffff,46773
892664c1b0bffff,892664c1aa7ffff,21640
892664c1b0bffff,892664c1ab3ffff,20070
892664c1b0bffff,892664c1acfffff,19729
892664c1b0bffff,892664c1adbffff,7662
892664c1b0bffff,892664c1b6fffff,5440
892664c1b0bffff,892664c1e0fffff,36655
892664c1b0bffff,892664c1e13ffff,9442
892664c1b0bffff,892664c1e2fffff,49045
892664c1b0bffff,892664c1e33ffff,28310
892664c1b0bffff,892664c1e4fffff,6171
892664c1b0bffff,892664c1e5bffff,8
892664c1b0bffff,892664c1e73ffff,14578
892664c1b0bffff,892664c1e8fffff,9217
892664c1b0bffff,892664c1ea7ffff,6158
892664c1b0bffff,892664c1eabffff,17771
892664c1b0bffff,892664c1ec7ffff,837
892664c1b0bffff,892664c1ecfffff,822
892664c1b0bffff,892664c1ed3ffff,427
892664c1b0bffff,892664c1ed7ffff,1994
892664c1b0bffff,892664ca63bffff,15
892664c1b0bffff,892664ca807ffff,21
892664c1b0bffff,892664ca82fffff,33
892664c1b0bffff,892664ca897ffff,7
892664c1b0bffff,892664ca903ffff,7
892664c1b0bffff,892664ca913ffff,24
892664c1b0bffff,892664ca943ffff,2630
892664c1b0bffff,892664ca963ffff,47
892664c1b0bffff,892664ca993ffff,1147
892664c1b0bffff,892664ca9bbffff,34
892664c1b0bffff,892664ca9c3ffff,830
892664c1b0bffff,892664cab63ffff,13
892664c1b0bffff,892664cac03ffff,84
892664c1b0bffff,892664cac17ffff,26
892664c1b0bffff,892664cac2bffff,10
892664c1b0bffff,892664cac37ffff,17
892664c1b0bffff,892664cac63ffff,8
892664c1b0bffff,892664cac67ffff,5
892664c1b0bffff,892664cac9bffff,6
892664c1b0bffff,892664caca3ffff,8
892664c1b0bffff,892664cad17ffff,247
892664c1b0bffff,892664cad1bffff,12
892664c1b0bffff,892664cad57ffff,5
892664c1b0bffff,892664cad77ffff,8293
892664c1b0bffff,892664cad8bffff,380
892664c1b0bffff,892664caddbffff,19
892664c1b0bffff,892664cc2a3ffff,18
892664c1b0bffff,892664cc303ffff,9
892664c1b0bffff,892664cc48bffff,13
892664c1b0bffff,892664cc527ffff,14
892664c1b0bffff,892664cc553ffff,265
892664c1b0bffff,892664cc56fffff,10
892664c1b0bffff,892664cc58fffff,476
892664c1b0bffff,892664cc5cfffff,15
892664c1b0bffff,892664cc62fffff,5
892664c1b0bffff,892664cc687ffff,8
892664c1b0bffff,892664cc8a3ffff,8
892664c1b0bffff,892664cc953ffff,20
892664c1b0bffff,892664cca2bffff,5
892664c1b0bffff,892664cca5bffff,10
892664c1b0bffff,892664ccb67ffff,8
892664c1b0bffff,892664ccc07ffff,6
892664c1b0bffff,892664ccc2bffff,7
892664c1b0bffff,892664ccccfffff,29
892664c1b0bffff,892664cce4fffff,18
892664c1b0bffff,892664cceb7ffff,9
892664c1b0bffff,892664cced3ffff,5
892664c1b0bffff,892664cddbbffff,418
892664c1b0bffff,892664ce207ffff,51
892664c1b0bffff,892664ce227ffff,25
892664c1b0bffff,892664ce24fffff,33
892664c1b0bffff,892664ce267ffff,5
892664c1b0bffff,892664ce2c7ffff,10
892664c1b0bffff,892664ce2cfffff,9
892664c1b0bffff,892664ce347ffff,184
892664c1b0bffff,892664ce367ffff,12
892664c1b0bffff,892664ce36fffff,88
892664c1b0bffff,892664ce377ffff,14
892664c1b0bffff,892664cea07ffff,10
892664c1b0bffff,892664ceb1bffff,35
892664c1b0bffff,892664cf003ffff,16
892664c1b0bffff,892664cf193ffff,9
892664c1b0bffff,892664cf1bbffff,87
892664c1b0bffff,892664cf1d7ffff,47
892664c1b0bffff,892664cf213ffff,12
892664c1b0bffff,892664cf413ffff,11
892664c1b0bffff,892664cf44bffff,28
892664c1b0bffff,892664cf457ffff,7
892664c1b0bffff,892664cf497ffff,227
892664c1b0bffff,892664cf4afffff,1520
892664c1b0bffff,892664cf50fffff,10
892664c1b0bffff,892664cf513ffff,160
892664c1b0bffff,892664cf527ffff,8
892664c1b0bffff,892664cf52fffff,10
892664c1b0bffff,892664cf53bffff,15
892664c1b0bffff,892664cf553ffff,6
892664c1b0bffff,892664cf57bffff,81
892664c1b0bffff,892664cf587ffff,13
892664c1b0bffff,892664cf5afffff,115
892664c1b0bffff,892664cf5cfffff,13
892664c1b0bffff,892664cf66bffff,6
892664c1b0bffff,892664cf6afffff,11
892664c1b0bffff,892664d81afffff,5
892664c1b0bffff,892664d8833ffff,24
892664c1b0bffff,892664d883bffff,7
892664c1b0bffff,892664d888fffff,29
892664c1b0bffff,892664d8893ffff,23
892664c1b0bffff,892664d88dbffff,28
892664c1b0bffff,892664d8903ffff,5
892664c1b0bffff,892664d8913ffff,67
892664c1b0bffff,892664d8923ffff,189
892664c1b0bffff,892664d894fffff,11
892664c1b0bffff,892664d895bffff,17
892664c1b0bffff,892664d896fffff,92
892664c1b0bffff,892664d8977ffff,25
892664c1b0bffff,892664d89cfffff,97
892664c1b0bffff,892664d89dbffff,17
892664c1b0bffff,892664d8a37ffff,6
892664c1b0bffff,892664d8b77ffff,10
892664c1b0bffff,892664d8b93ffff,9
892664c1b0bffff,892664d8c17ffff,15
892664c1b0bffff,892664d8c1bffff,8
892664c1b0bffff,892664d8c3bffff,16
892664c1b0bffff,892664d8c6fffff,7
892664c1b0bffff,892664d8c7bffff,9
892664c1b0bffff,892664d8cd3ffff,18
892664c1b0bffff,892664d8d4bffff,13
892664c1b0bffff,892664d8d5bffff,21
892664c1b0bffff,892664d8d6fffff,78
892664c1b0bffff,892664d8d7bffff,18
892664c1b0bffff,892664d8e37ffff,5
892664c1b0bffff,892664d8e6bffff,6
892664c1b0bffff,892664d8e77ffff,11
892664c1b0bffff,892664d8ebbffff,9
892664c1b0bffff,892664d9b27ffff,7
892664c1b0bffff,89275934cdbffff,604
892664c1b0bffff,89275936bc7ffff,14
892664c1b47ffff,89266419157ffff,22
892664c1b47ffff,89266419493ffff,457
892664c1b47ffff,89266419607ffff,1460
892664c1b47ffff,892664520afffff,10304
892664c1b47ffff,89266452147ffff,565
892664c1b47ffff,89266452c87ffff,337
892664c1b47ffff,89266452dabffff,1066
892664c1b47ffff,89266456067ffff,623
892664c1b47ffff,89266456137ffff,169
892664c1b47ffff,892664562dbffff,1812
892664c1b47ffff,89266456413ffff,6486
892664c1b47ffff,89266457013ffff,22
892664c1b47ffff,892664c13d3ffff,7546
892664c1b47ffff,892664c1607ffff,9522
892664c1b47ffff,892664c1a87ffff,27042
892664c1b47ffff,892664c1ecfffff,30616
892664c1b47ffff,892664c80afffff,2590
892664c1b47ffff,892664c81b7ffff,561
892664c1b47ffff,892664c8cabffff,1081
892664c1b47ffff,892664c8d6bffff,727
892664c1b47ffff,892664ca0abffff,966
892664c1b47ffff,892664ca103ffff,2593
892664c1b47ffff,892664ca3cfffff,146
892664c1b47ffff,892664ca58fffff,1223
892664c1b47ffff,892664ca6b7ffff,2020
892664c1b47ffff,892664ca913ffff,22479
892664c1b47ffff,892664caaafffff,897
892664c1b47ffff,892664cac3bffff,6765
892664c1b47ffff,892664cae4fffff,731
892664c1b47ffff,892664cb057ffff,74
892664c1b47ffff,892664cb1a7ffff,233
892664c1b47ffff,892664cb387ffff,20
892664c1b47ffff,892664cb58fffff,1172
892664c1b47ffff,892664cc217ffff,2666
892664c1b47ffff,892664cc3b3ffff,5192
892664c1b47ffff,892664cc46fffff,1198
892664c1b47ffff,892664cc4dbffff,7362
892664c1b47ffff,892664cc563ffff,3483
892664c1b47ffff,892664cc5d7ffff,8425
892664c1b47ffff,892664cc847ffff,761
892664c1b47ffff,892664cc8b3ffff,1776
892664c1b47ffff,892664ccb73ffff,2381
892664c1b47ffff,892664ccc7bffff,1352
892664c1b47ffff,892664ccd9bffff,4779
892664c1b47ffff,892664cce7bffff,8317
892664c1b47ffff,892664cd08bffff,180
892664c1b47ffff,892664cd1b3ffff,1312
892664c1b47ffff,892664cd29bffff,674
892664c1b47ffff,892664cd3b3ffff,1645
892664c1b47ffff,892664cd4cbffff,380
892664c1b47ffff,892664cd6cfffff,266
892664c1b47ffff,892664cd897ffff,5535
892664c1b47ffff,892664cd973ffff,4477
892664c1b47ffff,892664cdb0fffff,348
892664c1b47ffff,892664ce203ffff,2012
892664c1b47ffff,892664ce35bffff,4973
892664c1b47ffff,892664cea67ffff,8482
892664c1b47ffff,892664cf017ffff,2708
892664c1b47ffff,892664cf12bffff,821
892664c1b47ffff,892664cf2bbffff,635
892664c1b47ffff,892664cf33bffff,1345
892664c1b47ffff,892664cf507ffff,11297
892664c1b47ffff,892664cf553ffff,8486
892664c1b47ffff,892664cf617ffff,3947
892664c1b47ffff,892664d88bbffff,12060
892664c1b47ffff,892664d8973ffff,7115
892664c1b47ffff,892664d8aa7ffff,1380
892664c1b47ffff,892664d8ccfffff,6112
892664c1b47ffff,892664d8e1bffff,4077
892664c1b47ffff,892664d9857ffff,263
892664c1b47ffff,892664d9937ffff,816
892664c1b47ffff,892664d9993ffff,299
892664c1b47ffff,892664d9bcbffff,611
892664c1b47ffff,892759369bbffff,547
892664c1b47ffff,89275936d53ffff,21
892664c1b6fffff,89266452183ffff,7178
892664c1b6fffff,89266452533ffff,5
892664c1b6fffff,89266456253ffff,8
892664c1b6fffff,89266456503ffff,6
892664c1b6fffff,892664c1007ffff,26
892664c1b6fffff,892664c100bffff,7
892664c1b6fffff,892664c101bffff,12
892664c1b6fffff,892664c102fffff,98
892664c1b6fffff,892664c1047ffff,11
892664c1b6fffff,892664c104fffff,9
892664c1b6fffff,892664c105bffff,7
892664c1b6fffff,892664c106fffff,12
892664c1b6fffff,892664c10d3ffff,25
892664c1b6fffff,892664c10d7ffff,22
892664c1b6fffff,892664c114fffff,166
892664c1b6fffff,892664c116fffff,179
892664c1b6fffff,892664c1233ffff,29
892664c1b6fffff,892664c1313ffff,13
892664c1b6fffff,892664c1327ffff,34
892664c1b6fffff,892664c1333ffff,9
892664c1b6fffff,892664c1377ffff,71
892664c1b6fffff,892664c13afffff,85
892664c1b6fffff,892664c13b7ffff,14
892664c1b6fffff,892664c13cfffff,32
892664c1b6fffff,892664c13d3ffff,9
892664c1b6fffff,892664c144fffff,39
892664c1b6fffff,892664c1617ffff,62
892664c1b6fffff,892664c167bffff,5
892664c1b6fffff,892664c1693ffff,20
892664c1b6fffff,892664c16abffff,23
892664c1b6fffff,892664c16bbffff,111
892664c1b6fffff,892664c1a07ffff,715
892664c1b6fffff,892664c1a63ffff,1036
892664c1b6fffff,892664c1a8bffff,11208
892664c1b6fffff,892664c1aa7ffff,10684
892664c1b6fffff,892664c1ab3ffff,6919
892664c1b6fffff,892664c1acfffff,5574
892664c1b6fffff,892664c1adbffff,1861
892664c1b6fffff,892664c1b0bffff,7946
892664c1b6fffff,892664c1e0fffff,12512
892664c1b6fffff,892664c1e13ffff,2624
892664c1b6fffff,892664c1e2fffff,16921
892664c1b6fffff,892664c1e33ffff,9032
892664c1b6fffff,892664c1e4fffff,1395
892664c1b6fffff,892664c1e73ffff,4943
892664c1b6fffff,892664c1e8fffff,2782
892664c1b6fffff,892664c1ea7ffff,1578
892664c1b6fffff,892664c1eabffff,3186
892664c1b6fffff,892664c1ec7ffff,199
892664c1b6fffff,892664c1ecfffff,118
892664c1b6fffff,892664c1ed3ffff,92
892664c1b6fffff,892664c1ed7ffff,651
892664c1b6fffff,892664ca63bffff,8
892664c1b6fffff,892664ca807ffff,6
892664c1b6fffff,892664ca943ffff,234
892664c1b6fffff,892664ca963ffff,5
892664c1b6fffff,892664ca993ffff,255
892664c1b6fffff,892664ca9bbffff,10
892664c1b6fffff,892664ca9c3ffff,170
892664c1b6fffff,892664cac03ffff,21
892664c1b6fffff,892664cad17ffff,58
892664c1b6fffff,892664cad1bffff,5
892664c1b6fffff,892664cad77ffff,2248
892664c1b6fffff,892664cad8bffff,96
892664c1b6fffff,892664caddbffff,7
892664c1b6fffff,892664cc2a3ffff,5
892664c1b6fffff,892664cc48bffff,10
892664c1b6fffff,892664cc553ffff,39
892664c1b6fffff,892664cc58fffff,127
892664c1b6fffff,892664cc8a3ffff,6
892664c1b6fffff,892664cc953ffff,12
892664c1b6fffff,892664ccb67ffff,25
892664c1b6fffff,892664cddbbffff,76
892664c1b6fffff,892664ce207ffff,10
892664c1b6fffff,892664ce227ffff,8
892664c1b6fffff,892664ce24fffff,23
892664c1b6fffff,892664ce347ffff,64
892664c1b6fffff,892664ce367ffff,5
892664c1b6fffff,892664ce36fffff,52
892664c1b6fffff,892664ce377ffff,5
892664c1b6fffff,892664cf003ffff,5
892664c1b6fffff,892664cf193ffff,7
892664c1b6fffff,892664cf1bbffff,16
892664c1b6fffff,892664cf1d7ffff,26
892664c1b6fffff,892664cf213ffff,13
892664c1b6fffff,892664cf44bffff,6
892664c1b6fffff,892664cf497ffff,57
892664c1b6fffff,892664cf4afffff,718
892664c1b6fffff,892664cf50fffff,14
892664c1b6fffff,892664cf513ffff,26
892664c1b6fffff,892664cf57bffff,39
892664c1b6fffff,892664cf587ffff,6
892664c1b6fffff,892664cf5afffff,74
892664c1b6fffff,892664d8833ffff,8
892664c1b6fffff,892664d883bffff,11
892664c1b6fffff,892664d888fffff,14
892664c1b6fffff,892664d8893ffff,5
892664c1b6fffff,892664d88b3ffff,8
892664c1b6fffff,892664d8903ffff,6
892664c1b6fffff,892664d8913ffff,19
892664c1b6fffff,892664d8923ffff,49
892664c1b6fffff,892664d895bffff,6
892664c1b6fffff,892664d896fffff,26
892664c1b6fffff,892664d89cfffff,15
892664c1b6fffff,892664d89dbffff,8
892664c1b6fffff,892664d8c17ffff,10
892664c1b6fffff,892664d8d6fffff,24
892664c1b6fffff,89275934cdbffff,347
892664c1b6fffff,89275936bc7ffff,8
892664c1e0fffff,89266452183ffff,14757
892664c1e0fffff,89266452533ffff,9
892664c1e0fffff,892664c1007ffff,1112
892664c1e0fffff,892664c100bffff,215
892664c1e0fffff,892664c101bffff,626
892664c1e0fffff,892664c102fffff,2552
892664c1e0fffff,892664c1047ffff,306
892664c1e0fffff,892664c104fffff,232
892664c1e0fffff,892664c1057ffff,120
892664c1e0fffff,892664c105bffff,216
892664c1e0fffff,892664c1067ffff,286
892664c1e0fffff,892664c106fffff,423
892664c1e0fffff,892664c1077ffff,14
892664c1e0fffff,892664c108fffff,84
892664c1e0fffff,892664c10cbffff,84
892664c1e0fffff,892664c10d3ffff,620
892664c1e0fffff,892664c10d7ffff,530
892664c1e0fffff,892664c10dbffff,223
892664c1e0fffff,892664c114fffff,5409
892664c1e0fffff,892664c116fffff,9906
892664c1e0fffff,892664c1217ffff,61
892664c1e0fffff,892664c1233ffff,303
892664c1e0fffff,892664c124bffff,41
892664c1e0fffff,892664c1257ffff,19
892664c1e0fffff,892664c1267ffff,58
892664c1e0fffff,892664c126bffff,41
892664c1e0fffff,892664c1293ffff,59
892664c1e0fffff,892664c129bffff,45
892664c1e0fffff,892664c12b3ffff,78
892664c1e0fffff,892664c12bbffff,53
892664c1e0fffff,892664c12d7ffff,8
892664c1e0fffff,892664c12dbffff,9
892664c1e0fffff,892664c1313ffff,247
892664c1e0fffff,892664c1327ffff,542
892664c1e0fffff,892664c1333ffff,258
892664c1e0fffff,892664c1377ffff,2061
892664c1e0fffff,892664c1383ffff,55
892664c1e0fffff,892664c13afffff,3380
892664c1e0fffff,892664c13b7ffff,1933
892664c1e0fffff,892664c13bbffff,39
892664c1e0fffff,892664c13cfffff,732
892664c1e0fffff,892664c13d3ffff,181
892664c1e0fffff,892664c13dbffff,47
892664c1e0fffff,892664c144bffff,198
892664c1e0fffff,892664c144fffff,794
892664c1e0fffff,892664c160fffff,9
892664c1e0fffff,892664c1617ffff,611
892664c1e0fffff,892664c161bffff,15
892664c1e0fffff,892664c162fffff,91
892664c1e0fffff,892664c1633ffff,211
892664c1e0fffff,892664c163bffff,34
892664c1e0fffff,892664c1643ffff,10
892664c1e0fffff,892664c1657ffff,45
892664c1e0fffff,892664c1663ffff,10
892664c1e0fffff,892664c1677ffff,10
892664c1e0fffff,892664c167bffff,27
892664c1e0fffff,892664c168fffff,55
892664c1e0fffff,892664c1693ffff,214
892664c1e0fffff,892664c16a3ffff,12
892664c1e0fffff,892664c16abffff,530
892664c1e0fffff,892664c16bbffff,1122
892664c1e0fffff,892664c16c7ffff,7
892664c1e0fffff,892664c16dbffff,8
892664c1e0fffff,892664c1a07ffff,3851
892664c1e0fffff,892664c1a63ffff,3079
892664c1e0fffff,892664c1a8bffff,113237
892664c1e0fffff,892664c1aa7ffff,13481
892664c1e0fffff,892664c1ab3ffff,24671
892664c1e0fffff,892664c1acfffff,60435
892664c1e0fffff,892664c1adbffff,31256
892664c1e0fffff,892664c1b0bffff,44005
892664c1e0fffff,892664c1b6fffff,13361
892664c1e0fffff,892664c1e13ffff,25611
892664c1e0fffff,892664c1e2fffff,72798
892664c1e0fffff,892664c1e33ffff,21112
892664c1e0fffff,892664c1e4fffff,24554
892664c1e0fffff,892664c1e5bffff,54
892664c1e0fffff,892664c1e73ffff,21981
892664c1e0fffff,892664c1e8fffff,19117
892664c1e0fffff,892664c1ea7ffff,14416
892664c1e0fffff,892664c1eabffff,16069
892664c1e0fffff,892664c1ec7ffff,4185
892664c1e0fffff,892664c1ecfffff,3896
892664c1e0fffff,892664c1ed3ffff,3965
892664c1e0fffff,892664c1ed7ffff,8784
892664c1e0fffff,892664ca013ffff,14
892664c1e0fffff,892664ca107ffff,7
892664c1e0fffff,892664ca10fffff,15
892664c1e0fffff,892664ca123ffff,6
892664c1e0fffff,892664ca1a3ffff,7
892664c1e0fffff,892664ca1cfffff,14
892664c1e0fffff,892664ca44fffff,5
892664c1e0fffff,892664ca483ffff,7
892664c1e0fffff,892664ca51bffff,9
892664c1e0fffff,892664ca54fffff,20
892664c1e0fffff,892664ca567ffff,5
892664c1e0fffff,892664ca583ffff,14
892664c1e0fffff,892664ca597ffff,5
892664c1e0fffff,892664ca5a7ffff,5
892664c1e0fffff,892664ca63bffff,18
892664c1e0fffff,892664ca673ffff,5
892664c1e0fffff,892664ca807ffff,41
892664c1e0fffff,892664ca82fffff,29
892664c1e0fffff,892664ca883ffff,8
892664c1e0fffff,892664ca897ffff,14
892664c1e0fffff,892664ca8b7ffff,13
892664c1e0fffff,892664ca903ffff,6
892664c1e0fffff,892664ca913ffff,31
892664c1e0fffff,892664ca937ffff,7
892664c1e0fffff,892664ca943ffff,1354
892664c1e0fffff,892664ca963ffff,35
892664c1e0fffff,892664ca993ffff,4419
892664c1e0fffff,892664ca9abffff,6
892664c1e0fffff,892664ca9bbffff,65
892664c1e0fffff,892664ca9c3ffff,3066
892664c1e0fffff,892664cab07ffff,5
892664c1e0fffff,892664cab63ffff,65
892664c1e0fffff,892664cac03ffff,487
892664c1e0fffff,892664cac17ffff,96
892664c1e0fffff,892664cac2bffff,63
892664c1e0fffff,892664cac37ffff,110
892664c1e0fffff,892664cac47ffff,7
892664c1e0fffff,892664cac63ffff,11
892664c1e0fffff,892664cac67ffff,17
892664c1e0fffff,892664cac6bffff,6
892664c1e0fffff,892664cac83ffff,12
892664c1e0fffff,892664cac8bffff,40
892664c1e0fffff,892664cac9bffff,25
892664c1e0fffff,892664caca3ffff,51
892664c1e0fffff,892664caccfffff,35
892664c1e0fffff,892664cad17ffff,1365
892664c1e0fffff,892664cad1bffff,74
892664c1e0fffff,892664cad43ffff,26
892664c1e0fffff,892664cad57ffff,26
892664c1e0fffff,892664cad77ffff,28382
892664c1e0fffff,892664cad8bffff,1912
892664c1e0fffff,892664caddbffff,83
892664c1e0fffff,892664cc2a3ffff,15
892664c1e0fffff,892664cc303ffff,8
892664c1e0fffff,892664cc363ffff,6
892664c1e0fffff,892664cc527ffff,20
892664c1e0fffff,892664cc553ffff,215
892664c1e0fffff,892664cc58fffff,789
892664c1e0fffff,892664cc5abffff,7
892664c1e0fffff,892664cc5c7ffff,12
892664c1e0fffff,892664cc5cfffff,47
892664c1e0fffff,892664cc62fffff,6
892664c1e0fffff,892664cc687ffff,5
892664c1e0fffff,892664ccccfffff,13
892664c1e0fffff,892664cceb7ffff,7
892664c1e0fffff,892664cddbbffff,98
892664c1e0fffff,892664ce207ffff,42
892664c1e0fffff,892664ce227ffff,14
892664c1e0fffff,892664ce24fffff,45
892664c1e0fffff,892664ce347ffff,131
892664c1e0fffff,892664ce367ffff,20
892664c1e0fffff,892664ce36fffff,52
892664c1e0fffff,892664ce377ffff,8
892664c1e0fffff,892664cea07ffff,6
892664c1e0fffff,892664ceb1bffff,11
892664c1e0fffff,892664cf003ffff,5
892664c1e0fffff,892664cf10fffff,5
892664c1e0fffff,892664cf1bbffff,28
892664c1e0fffff,892664cf1d7ffff,49
892664c1e0fffff,892664cf213ffff,10
892664c1e0fffff,892664cf413ffff,7
892664c1e0fffff,892664cf44bffff,28
892664c1e0fffff,892664cf497ffff,143
892664c1e0fffff,892664cf4afffff,574
892664c1e0fffff,892664cf50fffff,13
892664c1e0fffff,892664cf513ffff,57
892664c1e0fffff,892664cf527ffff,6
892664c1e0fffff,892664cf52fffff,5
892664c1e0fffff,892664cf57bffff,93
892664c1e0fffff,892664cf587ffff,13
892664c1e0fffff,892664cf5afffff,81
892664c1e0fffff,892664cf66bffff,7
892664c1e0fffff,892664d81afffff,19
892664c1e0fffff,892664d8833ffff,38
892664c1e0fffff,892664d883bffff,16
892664c1e0fffff,892664d8847ffff,6
892664c1e0fffff,892664d888fffff,42
892664c1e0fffff,892664d8893ffff,28
892664c1e0fffff,892664d88dbffff,7
892664c1e0fffff,892664d8903ffff,15
892664c1e0fffff,892664d8913ffff,158
892664c1e0fffff,892664d8923ffff,750
892664c1e0fffff,892664d894fffff,69
892664c1e0fffff,892664d895bffff,44
892664c1e0fffff,892664d896fffff,139
892664c1e0fffff,892664d8977ffff,29
892664c1e0fffff,892664d89cfffff,94
892664c1e0fffff,892664d89dbffff,32
892664c1e0fffff,892664d8a37ffff,10
892664c1e0fffff,892664d8a83ffff,6
892664c1e0fffff,892664d8aabffff,9
892664c1e0fffff,892664d8b0bffff,8
892664c1e0fffff,892664d8b17ffff,7
892664c1e0fffff,892664d8b1bffff,6
892664c1e0fffff,892664d8b37ffff,9
892664c1e0fffff,892664d8b5bffff,5
892664c1e0fffff,892664d8b77ffff,44
892664c1e0fffff,892664d8b93ffff,30
892664c1e0fffff,892664d8b9bffff,13
892664c1e0fffff,892664d8ba3ffff,9
892664c1e0fffff,892664d8c17ffff,14
892664c1e0fffff,892664d8c1bffff,8
892664c1e0fffff,892664d8c3bffff,6
892664c1e0fffff,892664d8c7bffff,7
892664c1e0fffff,892664d8d4bffff,6
892664c1e0fffff,892664d8d5bffff,12
892664c1e0fffff,892664d8d6fffff,126
892664c1e0fffff,892664d8d7bffff,37
892664c1e0fffff,892664d8e03ffff,9
892664c1e0fffff,892664d8e37ffff,5
892664c1e0fffff,892664d8e57ffff,6
892664c1e0fffff,892664d8ebbffff,14
892664c1e0fffff,892664d98a3ffff,5
892664c1e0fffff,892664d9b27ffff,8
892664c1e0fffff,892664d9b43ffff,5
892664c1e0fffff,89275934cdbffff,1465
892664c1e0fffff,89275936983ffff,10
892664c1e0fffff,89275936bb3ffff,15
892664c1e0fffff,89275936bc7ffff,34
892664c1e13ffff,89266452183ffff,3751
892664c1e13ffff,892664529dbffff,26
892664c1e13ffff,892664c1007ffff,826
892664c1e13ffff,892664c100bffff,107
892664c1e13ffff,892664c101bffff,333
892664c1e13ffff,892664c102fffff,1629
892664c1e13ffff,892664c1047ffff,154
892664c1e13ffff,892664c104fffff,119
892664c1e13ffff,892664c1057ffff,56
892664c1e13ffff,892664c105bffff,113
892664c1e13ffff,892664c1067ffff,191
892664c1e13ffff,892664c106fffff,267
892664c1e13ffff,892664c1077ffff,9
892664c1e13ffff,892664c108fffff,78
892664c1e13ffff,892664c10cbffff,41
892664c1e13ffff,892664c10d3ffff,521
892664c1e13ffff,892664c10d7ffff,404
892664c1e13ffff,892664c10dbffff,101
892664c1e13ffff,892664c114fffff,2993
892664c1e13ffff,892664c116fffff,6926
892664c1e13ffff,892664c1217ffff,34
892664c1e13ffff,892664c1233ffff,118
892664c1e13ffff,892664c124bffff,14
892664c1e13ffff,892664c1257ffff,7
892664c1e13ffff,892664c1267ffff,28
892664c1e13ffff,892664c126bffff,17
892664c1e13ffff,892664c1293ffff,23
892664c1e13ffff,892664c129bffff,13
892664c1e13ffff,892664c12b3ffff,30
892664c1e13ffff,892664c12bbffff,36
892664c1e13ffff,892664c12dbffff,5
892664c1e13ffff,892664c1313ffff,149
892664c1e13ffff,892664c1327ffff,226
892664c1e13ffff,892664c1333ffff,132
892664c1e13ffff,892664c1377ffff,1095
892664c1e13ffff,892664c1383ffff,31
892664c1e13ffff,892664c13afffff,1679
892664c1e13ffff,892664c13b7ffff,1623
892664c1e13ffff,892664c13bbffff,22
892664c1e13ffff,892664c13cfffff,434
892664c1e13ffff,892664c13d3ffff,107
892664c1e13ffff,892664c13dbffff,34
892664c1e13ffff,892664c144bffff,135
892664c1e13ffff,892664c144fffff,650
892664c1e13ffff,892664c1617ffff,261
892664c1e13ffff,892664c161bffff,5
892664c1e13ffff,892664c162fffff,30
892664c1e13ffff,892664c1633ffff,94
892664c1e13ffff,892664c163bffff,16
892664c1e13ffff,892664c1657ffff,16
892664c1e13ffff,892664c1663ffff,8
892664c1e13ffff,892664c1677ffff,6
892664c1e13ffff,892664c167bffff,9
892664c1e13ffff,892664c168fffff,28
892664c1e13ffff,892664c1693ffff,93
892664c1e13ffff,892664c16a3ffff,8
892664c1e13ffff,892664c16abffff,209
892664c1e13ffff,892664c16bbffff,492
892664c1e13ffff,892664c1a07ffff,1363
892664c1e13ffff,892664c1a63ffff,919
892664c1e13ffff,892664c1a8bffff,42027
892664c1e13ffff,892664c1aa7ffff,3956
892664c1e13ffff,892664c1ab3ffff,11235
892664c1e13ffff,892664c1acfffff,20134
892664c1e13ffff,892664c1adbffff,11721
892664c1e13ffff,892664c1b0bffff,10035
892664c1e13ffff,892664c1b6fffff,2312
892664c1e13ffff,892664c1e0fffff,24103
892664c1e13ffff,892664c1e2fffff,37339
892664c1e13ffff,892664c1e33ffff,13587
892664c1e13ffff,892664c1e4fffff,11779
892664c1e13ffff,892664c1e5bffff,28
892664c1e13ffff,892664c1e73ffff,12359
892664c1e13ffff,892664c1e8fffff,6488
892664c1e13ffff,892664c1ea7ffff,5637
892664c1e13ffff,892664c1eabffff,14025
892664c1e13ffff,892664c1ec7ffff,1133
892664c1e13ffff,892664c1ecfffff,1588
892664c1e13ffff,892664c1ed3ffff,2172
892664c1e13ffff,892664c1ed7ffff,3064
892664c1e13ffff,892664ca013ffff,5
892664c1e13ffff,892664ca10fffff,7
892664c1e13ffff,892664ca1cfffff,11
892664c1e13ffff,892664ca54fffff,6
892664c1e13ffff,892664ca583ffff,8
892664c1e13ffff,892664ca597ffff,6
892664c1e13ffff,892664ca807ffff,16
892664c1e13ffff,892664ca82fffff,5
892664c1e13ffff,892664ca913ffff,15
892664c1e13ffff,892664ca943ffff,574
892664c1e13ffff,892664ca963ffff,11
892664c1e13ffff,892664ca993ffff,1596
892664c1e13ffff,892664ca9bbffff,26
892664c1e13ffff,892664ca9c3ffff,766
892664c1e13ffff,892664cab63ffff,13
892664c1e13ffff,892664cac03ffff,173
892664c1e13ffff,892664cac17ffff,41
892664c1e13ffff,892664cac2bffff,23
892664c1e13ffff,892664cac37ffff,39
892664c1e13ffff,892664cac63ffff,6
892664c1e13ffff,892664cac67ffff,11
892664c1e13ffff,892664cac83ffff,5
892664c1e13ffff,892664cac8bffff,14
892664c1e13ffff,892664cac9bffff,11
892664c1e13ffff,892664caca3ffff,14
892664c1e13ffff,892664caccfffff,14
892664c1e13ffff,892664cad17ffff,487
892664c1e13ffff,892664cad1bffff,32
892664c1e13ffff,892664cad43ffff,10
892664c1e13ffff,892664cad57ffff,10
892664c1e13ffff,892664cad77ffff,9835
892664c1e13ffff,892664cad8bffff,847
892664c1e13ffff,892664caddbffff,52
892664c1e13ffff,892664cc527ffff,7
892664c1e13ffff,892664cc553ffff,98
892664c1e13ffff,892664cc58fffff,190
892664c1e13ffff,892664cc5c7ffff,9
892664c1e13ffff,892664cc5cfffff,8
892664c1e13ffff,892664cce4fffff,7
892664c1e13ffff,892664cddbbffff,24
892664c1e13ffff,892664ce207ffff,5
892664c1e13ffff,892664ce347ffff,45
892664c1e13ffff,892664ce36fffff,19
892664c1e13ffff,892664ceb1bffff,13
892664c1e13ffff,892664cf1bbffff,5
892664c1e13ffff,892664cf1d7ffff,10
892664c1e13ffff,892664cf44bffff,12
892664c1e13ffff,892664cf497ffff,59
892664c1e13ffff,892664cf4afffff,107
892664c1e13ffff,892664cf513ffff,6
892664c1e13ffff,892664cf57bffff,13
892664c1e13ffff,892664cf587ffff,5
892664c1e13ffff,892664cf5afffff,20
892664c1e13ffff,892664d83b7ffff,5
892664c1e13ffff,892664d8833ffff,27
892664c1e13ffff,892664d883bffff,5
892664c1e13ffff,892664d888fffff,18
892664c1e13ffff,892664d8893ffff,11
892664c1e13ffff,892664d8903ffff,7
892664c1e13ffff,892664d8913ffff,100
892664c1e13ffff,892664d8923ffff,413
892664c1e13ffff,892664d894fffff,52
892664c1e13ffff,892664d895bffff,22
892664c1e13ffff,892664d896fffff,78
892664c1e13ffff,892664d8977ffff,26
892664c1e13ffff,892664d89cfffff,38
892664c1e13ffff,892664d89dbffff,10
892664c1e13ffff,892664d8a37ffff,8
892664c1e13ffff,892664d8a83ffff,9
892664c1e13ffff,892664d8b0bffff,5
892664c1e13ffff,892664d8b77ffff,5
892664c1e13ffff,892664d8b93ffff,12
892664c1e13ffff,892664d8c17ffff,14
892664c1e13ffff,892664d8d4bffff,7
892664c1e13ffff,892664d8d5bffff,17
892664c1e13ffff,892664d8d6fffff,64
892664c1e13ffff,892664d8d7bffff,22
892664c1e13ffff,89275934cdbffff,395
892664c1e13ffff,89275936bb3ffff,7
892664c1e13ffff,89275936bc7ffff,7
892664c1e2fffff,89266452183ffff,27398
892664c1e2fffff,89266452533ffff,18
892664c1e2fffff,892664c1007ffff,1343
892664c1e2fffff,892664c100bffff,200
892664c1e2fffff,892664c101bffff,681
892664c1e2fffff,892664c102fffff,2925
892664c1e2fffff,892664c1047ffff,336
892664c1e2fffff,892664c104fffff,195
892664c1e2fffff,892664c1057ffff,135
892664c1e2fffff,892664c105bffff,287
892664c1e2fffff,892664c1067ffff,291
892664c1e2fffff,892664c106fffff,454
892664c1e2fffff,892664c1077ffff,17
892664c1e2fffff,892664c108fffff,213
892664c1e2fffff,892664c10cbffff,110
892664c1e2fffff,892664c10d3ffff,722
892664c1e2fffff,892664c10d7ffff,650
892664c1e2fffff,892664c10dbffff,216
892664c1e2fffff,892664c114fffff,5734
892664c1e2fffff,892664c116fffff,9139
892664c1e2fffff,892664c1217ffff,65
892664c1e2fffff,892664c1233ffff,313
892664c1e2fffff,892664c124bffff,48
892664c1e2fffff,892664c1257ffff,22
892664c1e2fffff,892664c1267ffff,57
892664c1e2fffff,892664c126bffff,41
892664c1e2fffff,892664c1293ffff,67
892664c1e2fffff,892664c129bffff,37
892664c1e2fffff,892664c12b3ffff,67
892664c1e2fffff,892664c12bbffff,46
892664c1e2fffff,892664c12d7ffff,9
892664c1e2fffff,892664c1313ffff,199
892664c1e2fffff,892664c1327ffff,548
892664c1e2fffff,892664c1333ffff,230
892664c1e2fffff,892664c1377ffff,2022
892664c1e2fffff,892664c1383ffff,39
892664c1e2fffff,892664c13afffff,2907
892664c1e2fffff,892664c13b7ffff,1510
892664c1e2fffff,892664c13bbffff,46
892664c1e2fffff,892664c13cfffff,606
892664c1e2fffff,892664c13d3ffff,152
892664c1e2fffff,892664c13dbffff,51
892664c1e2fffff,892664c144bffff,389
892664c1e2fffff,892664c144fffff,1081
892664c1e2fffff,892664c160fffff,7
892664c1e2fffff,892664c1617ffff,839
892664c1e2fffff,892664c161bffff,20
892664c1e2fffff,892664c162fffff,75
892664c1e2fffff,892664c1633ffff,269
892664c1e2fffff,892664c163bffff,28
892664c1e2fffff,892664c1643ffff,9
892664c1e2fffff,892664c1657ffff,44
892664c1e2fffff,892664c166bffff,10
892664c1e2fffff,892664c1677ffff,20
892664c1e2fffff,892664c167bffff,26
892664c1e2fffff,892664c168fffff,76
892664c1e2fffff,892664c1693ffff,230
892664c1e2fffff,892664c16a3ffff,22
892664c1e2fffff,892664c16abffff,618
892664c1e2fffff,892664c16bbffff,1570
892664c1e2fffff,892664c16c7ffff,15
892664c1e2fffff,892664c16dbffff,11
892664c1e2fffff,892664c1a07ffff,5120
892664c1e2fffff,892664c1a63ffff,5751
892664c1e2fffff,892664c1a8bffff,185039
892664c1e2fffff,892664c1aa7ffff,16523
892664c1e2fffff,892664c1ab3ffff,28099
892664c1e2fffff,892664c1acfffff,90096
892664c1e2fffff,892664c1adbffff,51471
892664c1e2fffff,892664c1b0bffff,63803
892664c1e2fffff,892664c1b6fffff,20676
892664c1e2fffff,892664c1e0fffff,68178
892664c1e2fffff,892664c1e13ffff,40348
892664c1e2fffff,892664c1e33ffff,45166
892664c1e2fffff,892664c1e4fffff,36753
892664c1e2fffff,892664c1e5bffff,61
892664c1e2fffff,892664c1e73ffff,48640
892664c1e2fffff,892664c1e8fffff,30747
892664c1e2fffff,892664c1ea7ffff,25215
892664c1e2fffff,892664c1eabffff,61210
892664c1e2fffff,892664c1ec7ffff,4841
892664c1e2fffff,892664c1ecfffff,5095
892664c1e2fffff,892664c1ed3ffff,3303
892664c1e2fffff,892664c1ed7ffff,9963
892664c1e2fffff,892664ca013ffff,6
892664c1e2fffff,892664ca0d3ffff,7
892664c1e2fffff,892664ca107ffff,8
892664c1e2fffff,892664ca10fffff,13
892664c1e2fffff,892664ca1a3ffff,5
892664c1e2fffff,892664ca1c7ffff,7
892664c1e2fffff,892664ca1cfffff,7
892664c1e2fffff,892664ca483ffff,7
892664c1e2fffff,892664ca4afffff,5
892664c1e2fffff,892664ca51bffff,7
892664c1e2fffff,892664ca54fffff,12
892664c1e2fffff,892664ca583ffff,15
892664c1e2fffff,892664ca597ffff,11
892664c1e2fffff,892664ca613ffff,5
892664c1e2fffff,892664ca63bffff,25
892664c1e2fffff,892664ca807ffff,53
892664c1e2fffff,892664ca82fffff,50
892664c1e2fffff,892664ca84fffff,6
892664c1e2fffff,892664ca883ffff,5
892664c1e2fffff,892664ca897ffff,14
892664c1e2fffff,892664ca8b7ffff,24
892664c1e2fffff,892664ca903ffff,12
892664c1e2fffff,892664ca913ffff,59
892664c1e2fffff,892664ca943ffff,5162
892664c1e2fffff,892664ca963ffff,62
892664c1e2fffff,892664ca993ffff,6224
892664c1e2fffff,892664ca9abffff,6
892664c1e2fffff,892664ca9bbffff,106
892664c1e2fffff,892664ca9c3ffff,4156
892664c1e2fffff,892664cab07ffff,7
892664c1e2fffff,892664cab63ffff,83
892664c1e2fffff,892664cac03ffff,427
892664c1e2fffff,892664cac0bffff,5
892664c1e2fffff,892664cac17ffff,93
892664c1e2fffff,892664cac2bffff,68
892664c1e2fffff,892664cac37ffff,87
892664c1e2fffff,892664cac47ffff,10
892664c1e2fffff,892664cac63ffff,11
892664c1e2fffff,892664cac67ffff,18
892664c1e2fffff,892664cac8bffff,32
892664c1e2fffff,892664cac9bffff,35
892664c1e2fffff,892664caca3ffff,41
892664c1e2fffff,892664caccfffff,21
892664c1e2fffff,892664cacdbffff,9
892664c1e2fffff,892664cad17ffff,1442
892664c1e2fffff,892664cad1bffff,72
892664c1e2fffff,892664cad43ffff,21
892664c1e2fffff,892664cad57ffff,29
892664c1e2fffff,892664cad77ffff,41689
892664c1e2fffff,892664cad8bffff,1734
892664c1e2fffff,892664caddbffff,73
892664c1e2fffff,892664cae2fffff,15
892664c1e2fffff,892664caea3ffff,6
892664c1e2fffff,892664cc2a3ffff,9
892664c1e2fffff,892664cc48bffff,5
892664c1e2fffff,892664cc4a7ffff,5
892664c1e2fffff,892664cc4c3ffff,13
892664c1e2fffff,892664cc527ffff,33
892664c1e2fffff,892664cc553ffff,447
892664c1e2fffff,892664cc58fffff,1134
892664c1e2fffff,892664cc5abffff,6
892664c1e2fffff,892664cc5c7ffff,10
892664c1e2fffff,892664cc5cfffff,59
892664c1e2fffff,892664cc62fffff,5
892664c1e2fffff,892664cc8a3ffff,11
892664c1e2fffff,892664cca5bffff,14
892664c1e2fffff,892664ccc07ffff,9
892664c1e2fffff,892664ccccfffff,25
892664c1e2fffff,892664ccd37ffff,5
892664c1e2fffff,892664cce4fffff,13
892664c1e2fffff,892664cceb7ffff,5
892664c1e2fffff,892664cddbbffff,342
892664c1e2fffff,892664ce207ffff,41
892664c1e2fffff,892664ce227ffff,45
892664c1e2fffff,892664ce24fffff,52
892664c1e2fffff,892664ce347ffff,327
892664c1e2fffff,892664ce34fffff,5
892664c1e2fffff,892664ce367ffff,23
892664c1e2fffff,892664ce36fffff,101
892664c1e2fffff,892664ce377ffff,27
892664c1e2fffff,892664cea07ffff,19
892664c1e2fffff,892664cea4fffff,6
892664c1e2fffff,892664ceb1bffff,20
892664c1e2fffff,892664cf003ffff,15
892664c1e2fffff,892664cf023ffff,5
892664c1e2fffff,892664cf10fffff,6
892664c1e2fffff,892664cf193ffff,21
892664c1e2fffff,892664cf1bbffff,24
892664c1e2fffff,892664cf1d7ffff,76
892664c1e2fffff,892664cf213ffff,26
892664c1e2fffff,892664cf413ffff,7
892664c1e2fffff,892664cf44bffff,44
892664c1e2fffff,892664cf457ffff,5
892664c1e2fffff,892664cf497ffff,260
892664c1e2fffff,892664cf4afffff,836
892664c1e2fffff,892664cf50fffff,29
892664c1e2fffff,892664cf513ffff,120
892664c1e2fffff,892664cf527ffff,10
892664c1e2fffff,892664cf52fffff,11
892664c1e2fffff,892664cf57bffff,175
892664c1e2fffff,892664cf587ffff,24
892664c1e2fffff,892664cf5afffff,158
892664c1e2fffff,892664cf66bffff,8
892664c1e2fffff,892664cf6afffff,8
892664c1e2fffff,892664d8133ffff,6
892664c1e2fffff,892664d81afffff,11
892664c1e2fffff,892664d8833ffff,74
892664c1e2fffff,892664d883bffff,18
892664c1e2fffff,892664d8847ffff,7
892664c1e2fffff,892664d888fffff,45
892664c1e2fffff,892664d8893ffff,40
892664c1e2fffff,892664d88a7ffff,9
892664c1e2fffff,892664d88b3ffff,12
892664c1e2fffff,892664d88dbffff,11
892664c1e2fffff,892664d8903ffff,12
892664c1e2fffff,892664d8913ffff,187
892664c1e2fffff,892664d8923ffff,956
892664c1e2fffff,892664d894fffff,70
892664c1e2fffff,892664d895bffff,74
892664c1e2fffff,892664d896fffff,159
892664c1e2fffff,892664d8977ffff,32
892664c1e2fffff,892664d89cfffff,155
892664c1e2fffff,892664d89dbffff,34
892664c1e2fffff,892664d8a37ffff,16
892664c1e2fffff,892664d8a83ffff,6
892664c1e2fffff,892664d8aabffff,6
892664c1e2fffff,892664d8b0bffff,7
892664c1e2fffff,892664d8b17ffff,6
892664c1e2fffff,892664d8b1bffff,9
892664c1e2fffff,892664d8b77ffff,29
892664c1e2fffff,892664d8b93ffff,45
892664c1e2fffff,892664d8b9bffff,20
892664c1e2fffff,892664d8ba3ffff,6
892664c1e2fffff,892664d8c17ffff,26
892664c1e2fffff,892664d8c1bffff,18
892664c1e2fffff,892664d8c23ffff,7
892664c1e2fffff,892664d8c27ffff,7
892664c1e2fffff,892664d8c3bffff,15
892664c1e2fffff,892664d8cc7ffff,9
892664c1e2fffff,892664d8cd3ffff,5
892664c1e2fffff,892664d8d4bffff,16
892664c1e2fffff,892664d8d5bffff,27
892664c1e2fffff,892664d8d6fffff,152
892664c1e2fffff,892664d8d7bffff,48
892664c1e2fffff,892664d8e57ffff,5
892664c1e2fffff,892664d8e6bffff,5
892664c1e2fffff,892664d8e77ffff,8
892664c1e2fffff,892664d8ebbffff,16
892664c1e2fffff,892664d9d77ffff,7
892664c1e2fffff,89275934cdbffff,1706
892664c1e2fffff,89275936bb3ffff,9
892664c1e2fffff,89275936bc7ffff,38
892664c1e33ffff,89266452183ffff,10869
892664c1e33ffff,89266452533ffff,6
892664c1e33ffff,892664c1007ffff,558
892664c1e33ffff,892664c100bffff,89
892664c1e33ffff,892664c101bffff,284
892664c1e33ffff,892664c102fffff,1490
892664c1e33ffff,892664c1047ffff,164
892664c1e33ffff,892664c104fffff,95
892664c1e33ffff,892664c1057ffff,60
892664c1e33ffff,892664c105bffff,110
892664c1e33ffff,892664c1067ffff,171
892664c1e33ffff,892664c106fffff,206
892664c1e33ffff,892664c1077ffff,10
892664c1e33ffff,892664c108fffff,66
892664c1e33ffff,892664c10cbffff,46
892664c1e33ffff,892664c10d3ffff,434
892664c1e33ffff,892664c10d7ffff,376
892664c1e33ffff,892664c10dbffff,136
892664c1e33ffff,892664c114fffff,2663
892664c1e33ffff,892664c116fffff,4337
892664c1e33ffff,892664c1217ffff,15
892664c1e33ffff,892664c1233ffff,167
892664c1e33ffff,892664c124bffff,20
892664c1e33ffff,892664c1257ffff,15
892664c1e33ffff,892664c1267ffff,27
892664c1e33ffff,892664c126bffff,27
892664c1e33ffff,892664c1293ffff,24
892664c1e33ffff,892664c129bffff,11
892664c1e33ffff,892664c12b3ffff,22
892664c1e33ffff,892664c12bbffff,14
892664c1e33ffff,892664c12d7ffff,9
892664c1e33ffff,892664c1313ffff,86
892664c1e33ffff,892664c1327ffff,199
892664c1e33ffff,892664c1333ffff,174
892664c1e33ffff,892664c1377ffff,872
892664c1e33ffff,892664c1383ffff,12
892664c1e33ffff,892664c13afffff,1491
892664c1e33ffff,892664c13b7ffff,921
892664c1e33ffff,892664c13bbffff,21
892664c1e33ffff,892664c13cfffff,295
892664c1e33ffff,892664c13d3ffff,104
892664c1e33ffff,892664c13dbffff,30
892664c1e33ffff,892664c144bffff,110
892664c1e33ffff,892664c144fffff,640
892664c1e33ffff,892664c1617ffff,463
892664c1e33ffff,892664c161bffff,12
892664c1e33ffff,892664c162fffff,44
892664c1e33ffff,892664c1633ffff,134
892664c1e33ffff,892664c163bffff,17
892664c1e33ffff,892664c1657ffff,16
892664c1e33ffff,892664c166bffff,5
892664c1e33ffff,892664c1677ffff,8
892664c1e33ffff,892664c167bffff,20
892664c1e33ffff,892664c168fffff,42
892664c1e33ffff,892664c1693ffff,114
892664c1e33ffff,892664c16a3ffff,7
892664c1e33ffff,892664c16abffff,322
892664c1e33ffff,892664c16bbffff,767
892664c1e33ffff,892664c16c7ffff,7
892664c1e33ffff,892664c1a07ffff,1742
892664c1e33ffff,892664c1a63ffff,1807
892664c1e33ffff,892664c1a8bffff,52572
892664c1e33ffff,892664c1aa7ffff,6160
892664c1e33ffff,892664c1ab3ffff,11073
892664c1e33ffff,892664c1acfffff,28281
892664c1e33ffff,892664c1adbffff,12707
892664c1e33ffff,892664c1b0bffff,25439
892664c1e33ffff,892664c1b6fffff,7740
892664c1e33ffff,892664c1e0fffff,18516
892664c1e33ffff,892664c1e13ffff,14072
892664c1e33ffff,892664c1e2fffff,33203
892664c1e33ffff,892664c1e4fffff,11040
892664c1e33ffff,892664c1e5bffff,16
892664c1e33ffff,892664c1e73ffff,14679
892664c1e33ffff,892664c1e8fffff,10916
892664c1e33ffff,892664c1ea7ffff,8240
892664c1e33ffff,892664c1eabffff,9172
892664c1e33ffff,892664c1ec7ffff,1752
892664c1e33ffff,892664c1ecfffff,1887
892664c1e33ffff,892664c1ed3ffff,1788
892664c1e33ffff,892664c1ed7ffff,4892
892664c1e33ffff,892664ca10fffff,9
892664c1e33ffff,892664ca1a3ffff,6
892664c1e33ffff,892664ca1c7ffff,5
892664c1e33ffff,892664ca1cfffff,5
892664c1e33ffff,892664ca51bffff,7
892664c1e33ffff,892664ca54fffff,5
892664c1e33ffff,892664ca583ffff,9
892664c1e33ffff,892664ca597ffff,6
892664c1e33ffff,892664ca63bffff,17
892664c1e33ffff,892664ca807ffff,21
892664c1e33ffff,892664ca82fffff,14
892664c1e33ffff,892664ca883ffff,5
892664c1e33ffff,892664ca897ffff,6
892664c1e33ffff,892664ca8b7ffff,6
892664c1e33ffff,892664ca903ffff,5
892664c1e33ffff,892664ca913ffff,17
892664c1e33ffff,892664ca943ffff,962
892664c1e33ffff,892664ca963ffff,35
892664c1e33ffff,892664ca993ffff,2190
892664c1e33ffff,892664ca9bbffff,26
892664c1e33ffff,892664ca9c3ffff,1835
892664c1e33ffff,892664cab63ffff,47
892664c1e33ffff,892664cac03ffff,218
892664c1e33ffff,892664cac17ffff,56
892664c1e33ffff,892664cac2bffff,18
892664c1e33ffff,892664cac37ffff,41
892664c1e33ffff,892664cac63ffff,9
892664c1e33ffff,892664cac67ffff,7
892664c1e33ffff,892664cac8bffff,22
892664c1e33ffff,892664cac9bffff,10
892664c1e33ffff,892664caca3ffff,14
892664c1e33ffff,892664caccfffff,13
892664c1e33ffff,892664cad17ffff,620
892664c1e33ffff,892664cad1bffff,28
892664c1e33ffff,892664cad43ffff,10
892664c1e33ffff,892664cad57ffff,11
892664c1e33ffff,892664cad77ffff,13055
892664c1e33ffff,892664cad8bffff,744
892664c1e33ffff,892664caddbffff,23
892664c1e33ffff,892664cc527ffff,7
892664c1e33ffff,892664cc553ffff,160
892664c1e33ffff,892664cc58fffff,580
892664c1e33ffff,892664cc5c7ffff,6
892664c1e33ffff,892664cc5cfffff,25
892664c1e33ffff,892664cc687ffff,5
892664c1e33ffff,892664ccccfffff,14
892664c1e33ffff,892664cce4fffff,10
892664c1e33ffff,892664cddbbffff,119
892664c1e33ffff,892664ce207ffff,19
892664c1e33ffff,892664ce227ffff,9
892664c1e33ffff,892664ce24fffff,14
892664c1e33ffff,892664ce347ffff,91
892664c1e33ffff,892664ce367ffff,27
892664c1e33ffff,892664ce36fffff,33
892664c1e33ffff,892664ce377ffff,5
892664c1e33ffff,892664ceb1bffff,18
892664c1e33ffff,892664cf193ffff,8
892664c1e33ffff,892664cf1bbffff,17
892664c1e33ffff,892664cf1d7ffff,35
892664c1e33ffff,892664cf213ffff,5
892664c1e33ffff,892664cf413ffff,7
892664c1e33ffff,892664cf44bffff,15
892664c1e33ffff,892664cf497ffff,61
892664c1e33ffff,892664cf4afffff,340
892664c1e33ffff,892664cf50fffff,10
892664c1e33ffff,892664cf513ffff,27
892664c1e33ffff,892664cf57bffff,94
892664c1e33ffff,892664cf587ffff,7
892664c1e33ffff,892664cf5afffff,26
892664c1e33ffff,892664d8833ffff,29
892664c1e33ffff,892664d883bffff,6
892664c1e33ffff,892664d888fffff,30
892664c1e33ffff,892664d8893ffff,19
892664c1e33ffff,892664d88dbffff,8
892664c1e33ffff,892664d8913ffff,135
892664c1e33ffff,892664d8923ffff,623
892664c1e33ffff,892664d894fffff,19
892664c1e33ffff,892664d895bffff,30
892664c1e33ffff,892664d896fffff,81
892664c1e33ffff,892664d8977ffff,18
892664c1e33ffff,892664d89cfffff,49
892664c1e33ffff,892664d89dbffff,20
892664c1e33ffff,892664d8a37ffff,7
892664c1e33ffff,892664d8b77ffff,7
892664c1e33ffff,892664d8b93ffff,20
892664c1e33ffff,892664d8b9bffff,10
892664c1e33ffff,892664d8ba3ffff,5
892664c1e33ffff,892664d8c17ffff,8
892664c1e33ffff,892664d8c3bffff,8
892664c1e33ffff,892664d8cd3ffff,9
892664c1e33ffff,892664d8d4bffff,12
892664c1e33ffff,892664d8d5bffff,20
892664c1e33ffff,892664d8d6fffff,65
892664c1e33ffff,892664d8d7bffff,49
892664c1e33ffff,892664d8e77ffff,5
892664c1e33ffff,892664d8ebbffff,6
892664c1e33ffff,892664d997bffff,7
892664c1e33ffff,89275934cdbffff,950
892664c1e33ffff,89275936bc7ffff,13
892664c1e4fffff,89266452183ffff,1954
892664c1e4fffff,892664c1007ffff,339
892664c1e4fffff,892664c100bffff,97
892664c1e4fffff,892664c101bffff,184
892664c1e4fffff,892664c102fffff,726
892664c1e4fffff,892664c1047ffff,121
892664c1e4fffff,892664c104fffff,85
892664c1e4fffff,892664c1057ffff,40
892664c1e4fffff,892664c105bffff,66
892664c1e4fffff,892664c1067ffff,179
892664c1e4fffff,892664c106fffff,194
892664c1e4fffff,892664c1077ffff,6
892664c1e4fffff,892664c108fffff,35
892664c1e4fffff,892664c10cbffff,26
892664c1e4fffff,892664c10d3ffff,344
892664c1e4fffff,892664c10d7ffff,226
892664c1e4fffff,892664c10dbffff,53
892664c1e4fffff,892664c114fffff,1893
892664c1e4fffff,892664c116fffff,2798
892664c1e4fffff,892664c1217ffff,32
892664c1e4fffff,892664c1233ffff,94
892664c1e4fffff,892664c124bffff,13
892664c1e4fffff,892664c1257ffff,8
892664c1e4fffff,892664c1267ffff,40
892664c1e4fffff,892664c126bffff,11
892664c1e4fffff,892664c1293ffff,35
892664c1e4fffff,892664c12b3ffff,31
892664c1e4fffff,892664c12bbffff,16
892664c1e4fffff,892664c1313ffff,77
892664c1e4fffff,892664c1327ffff,301
892664c1e4fffff,892664c1333ffff,120
892664c1e4fffff,892664c1377ffff,868
892664c1e4fffff,892664c1383ffff,19
892664c1e4fffff,892664c13afffff,1510
892664c1e4fffff,892664c13b7ffff,602
892664c1e4fffff,892664c13bbffff,12
892664c1e4fffff,892664c13cfffff,236
892664c1e4fffff,892664c13d3ffff,73
892664c1e4fffff,892664c13dbffff,20
892664c1e4fffff,892664c144bffff,48
892664c1e4fffff,892664c144fffff,198
892664c1e4fffff,892664c1617ffff,74
892664c1e4fffff,892664c161bffff,5
892664c1e4fffff,892664c162fffff,24
892664c1e4fffff,892664c1633ffff,85
892664c1e4fffff,892664c163bffff,15
892664c1e4fffff,892664c1657ffff,14
892664c1e4fffff,892664c167bffff,5
892664c1e4fffff,892664c168fffff,11
892664c1e4fffff,892664c1693ffff,48
892664c1e4fffff,892664c16abffff,151
892664c1e4fffff,892664c16bbffff,114
892664c1e4fffff,892664c1a07ffff,1053
892664c1e4fffff,892664c1a63ffff,654
892664c1e4fffff,892664c1a8bffff,20526
892664c1e4fffff,892664c1aa7ffff,1359
892664c1e4fffff,892664c1ab3ffff,3241
892664c1e4fffff,892664c1acfffff,9018
892664c1e4fffff,892664c1adbffff,6340
892664c1e4fffff,892664c1b0bffff,3861
892664c1e4fffff,892664c1b6fffff,477
892664c1e4fffff,892664c1e0fffff,10707
892664c1e4fffff,892664c1e13ffff,6812
892664c1e4fffff,892664c1e2fffff,15017
892664c1e4fffff,892664c1e33ffff,6697
892664c1e4fffff,892664c1e5bffff,15
892664c1e4fffff,892664c1e73ffff,6245
892664c1e4fffff,892664c1e8fffff,5069
892664c1e4fffff,892664c1ea7ffff,2449
892664c1e4fffff,892664c1eabffff,6301
892664c1e4fffff,892664c1ec7ffff,1631
892664c1e4fffff,892664c1ecfffff,1866
892664c1e4fffff,892664c1ed3ffff,1337
892664c1e4fffff,892664c1ed7ffff,2694
892664c1e4fffff,892664ca013ffff,5
892664c1e4fffff,892664ca107ffff,6
892664c1e4fffff,892664ca10fffff,9
892664c1e4fffff,892664ca1a3ffff,5
892664c1e4fffff,892664ca1cfffff,5
892664c1e4fffff,892664ca51bffff,7
892664c1e4fffff,892664ca597ffff,6
892664c1e4fffff,892664ca63bffff,9
892664c1e4fffff,892664ca807ffff,7
892664c1e4fffff,892664ca897ffff,9
892664c1e4fffff,892664ca8b7ffff,6
892664c1e4fffff,892664ca913ffff,11
892664c1e4fffff,892664ca943ffff,342
892664c1e4fffff,892664ca993ffff,1949
892664c1e4fffff,892664ca9bbffff,17
892664c1e4fffff,892664ca9c3ffff,537
892664c1e4fffff,892664cab63ffff,12
892664c1e4fffff,892664cac03ffff,232
892664c1e4fffff,892664cac17ffff,63
892664c1e4fffff,892664cac2bffff,30
892664c1e4fffff,892664cac37ffff,63
892664c1e4fffff,892664cac47ffff,6
892664c1e4fffff,892664cac63ffff,6
892664c1e4fffff,892664cac67ffff,15
892664c1e4fffff,892664cac83ffff,7
892664c1e4fffff,892664cac8bffff,13
892664c1e4fffff,892664cac9bffff,8
892664c1e4fffff,892664caca3ffff,20
892664c1e4fffff,892664caccfffff,13
892664c1e4fffff,892664cad17ffff,556
892664c1e4fffff,892664cad1bffff,40
892664c1e4fffff,892664cad43ffff,12
892664c1e4fffff,892664cad57ffff,17
892664c1e4fffff,892664cad77ffff,11100
892664c1e4fffff,892664cad8bffff,705
892664c1e4fffff,892664caddbffff,33
892664c1e4fffff,892664cc433ffff,5
892664c1e4fffff,892664cc553ffff,27
892664c1e4fffff,892664cc58fffff,44
892664c1e4fffff,892664cce4fffff,5
892664c1e4fffff,892664cddbbffff,77
892664c1e4fffff,892664ce207ffff,8
892664c1e4fffff,892664ce227ffff,15
892664c1e4fffff,892664ce347ffff,23
892664c1e4fffff,892664ce36fffff,5
892664c1e4fffff,892664ceb1bffff,16
892664c1e4fffff,892664cf1bbffff,8
892664c1e4fffff,892664cf1d7ffff,13
892664c1e4fffff,892664cf213ffff,8
892664c1e4fffff,892664cf44bffff,7
892664c1e4fffff,892664cf497ffff,41
892664c1e4fffff,892664cf4afffff,78
892664c1e4fffff,892664cf513ffff,8
892664c1e4fffff,892664cf57bffff,23
892664c1e4fffff,892664d8833ffff,11
892664c1e4fffff,892664d888fffff,6
892664c1e4fffff,892664d8893ffff,5
892664c1e4fffff,892664d8903ffff,5
892664c1e4fffff,892664d8913ffff,15
892664c1e4fffff,892664d8923ffff,158
892664c1e4fffff,892664d894fffff,6
892664c1e4fffff,892664d895bffff,11
892664c1e4fffff,892664d896fffff,24
892664c1e4fffff,892664d8977ffff,10
892664c1e4fffff,892664d89cfffff,16
892664c1e4fffff,892664d89dbffff,6
892664c1e4fffff,892664d8b77ffff,5
892664c1e4fffff,892664d8d6fffff,19
892664c1e4fffff,892664d8d7bffff,8
892664c1e4fffff,89275934cdbffff,214
892664c1e4fffff,89275936bb3ffff,7
892664c1e4fffff,89275936bc7ffff,28
892664c1e5bffff,892664c1a8bffff,41
892664c1e5bffff,892664c1ab3ffff,5
892664c1e5bffff,892664c1acfffff,9
892664c1e5bffff,892664c1adbffff,19
892664c1e5bffff,892664c1e0fffff,8
892664c1e5bffff,892664c1e13ffff,8
892664c1e5bffff,892664c1e2fffff,18
892664c1e5bffff,892664c1e4fffff,12
892664c1e5bffff,892664c1e73ffff,14
892664c1e5bffff,892664c1eabffff,31
892664c1e5bffff,892664cad77ffff,13
892664c1e73ffff,89266452183ffff,2296
892664c1e73ffff,892664c1007ffff,447
892664c1e73ffff,892664c100bffff,115
892664c1e73ffff,892664c101bffff,300
892664c1e73ffff,892664c102fffff,1005
892664c1e73ffff,892664c1047ffff,191
892664c1e73ffff,892664c104fffff,119
892664c1e73ffff,892664c1057ffff,40
892664c1e73ffff,892664c105bffff,81
892664c1e73ffff,892664c1067ffff,232
892664c1e73ffff,892664c106fffff,273
892664c1e73ffff,892664c1077ffff,14
892664c1e73ffff,892664c108fffff,22
892664c1e73ffff,892664c10cbffff,36
892664c1e73ffff,892664c10d3ffff,343
892664c1e73ffff,892664c10d7ffff,283
892664c1e73ffff,892664c10dbffff,134
892664c1e73ffff,892664c114fffff,2710
892664c1e73ffff,892664c116fffff,2854
892664c1e73ffff,892664c1217ffff,31
892664c1e73ffff,892664c1233ffff,114
892664c1e73ffff,892664c124bffff,15
892664c1e73ffff,892664c1257ffff,16
892664c1e73ffff,892664c1267ffff,35
892664c1e73ffff,892664c126bffff,19
892664c1e73ffff,892664c1293ffff,35
892664c1e73ffff,892664c129bffff,13
892664c1e73ffff,892664c12b3ffff,35
892664c1e73ffff,892664c12bbffff,20
892664c1e73ffff,892664c12d7ffff,6
892664c1e73ffff,892664c12dbffff,8
892664c1e73ffff,892664c1313ffff,80
892664c1e73ffff,892664c1327ffff,286
892664c1e73ffff,892664c1333ffff,115
892664c1e73ffff,892664c1377ffff,762
892664c1e73ffff,892664c1383ffff,16
892664c1e73ffff,892664c13afffff,1933
892664c1e73ffff,892664c13b7ffff,791
892664c1e73ffff,892664c13bbffff,20
892664c1e73ffff,892664c13cfffff,247
892664c1e73ffff,892664c13d3ffff,80
892664c1e73ffff,892664c13dbffff,33
892664c1e73ffff,892664c144bffff,74
892664c1e73ffff,892664c144fffff,323
892664c1e73ffff,892664c1617ffff,134
892664c1e73ffff,892664c161bffff,11
892664c1e73ffff,892664c162fffff,40
892664c1e73ffff,892664c1633ffff,120
892664c1e73ffff,892664c163bffff,21
892664c1e73ffff,892664c1657ffff,30
892664c1e73ffff,892664c1663ffff,10
892664c1e73ffff,892664c1677ffff,7
892664c1e73ffff,892664c167bffff,19
892664c1e73ffff,892664c168fffff,28
892664c1e73ffff,892664c1693ffff,90
892664c1e73ffff,892664c16abffff,174
892664c1e73ffff,892664c16bbffff,246
892664c1e73ffff,892664c1a07ffff,1525
892664c1e73ffff,892664c1a63ffff,813
892664c1e73ffff,892664c1a8bffff,25913
892664c1e73ffff,892664c1aa7ffff,3212
892664c1e73ffff,892664c1ab3ffff,4559
892664c1e73ffff,892664c1acfffff,15346
892664c1e73ffff,892664c1adbffff,7446
892664c1e73ffff,892664c1b0bffff,8529
892664c1e73ffff,892664c1b6fffff,1960
892664c1e73ffff,892664c1e0fffff,9917
892664c1e73ffff,892664c1e13ffff,6473
892664c1e73ffff,892664c1e2fffff,19148
892664c1e73ffff,892664c1e33ffff,7650
892664c1e73ffff,892664c1e4fffff,6670
892664c1e73ffff,892664c1e5bffff,38
892664c1e73ffff,892664c1e8fffff,5710
892664c1e73ffff,892664c1ea7ffff,3579
892664c1e73ffff,892664c1eabffff,4624
892664c1e73ffff,892664c1ec7ffff,1863
892664c1e73ffff,892664c1ecfffff,2254
892664c1e73ffff,892664c1ed3ffff,1748
892664c1e73ffff,892664c1ed7ffff,2263
892664c1e73ffff,892664ca123ffff,6
892664c1e73ffff,892664ca483ffff,7
892664c1e73ffff,892664ca54fffff,6
892664c1e73ffff,892664ca583ffff,10
892664c1e73ffff,892664ca597ffff,5
892664c1e73ffff,892664ca63bffff,7
892664c1e73ffff,892664ca807ffff,15
892664c1e73ffff,892664ca82fffff,6
892664c1e73ffff,892664ca8b7ffff,6
892664c1e73ffff,892664ca913ffff,6
892664c1e73ffff,892664ca943ffff,348
892664c1e73ffff,892664ca963ffff,7
892664c1e73ffff,892664ca993ffff,1868
892664c1e73ffff,892664ca9bbffff,28
892664c1e73ffff,892664ca9c3ffff,863
892664c1e73ffff,892664cab63ffff,18
892664c1e73ffff,892664cac03ffff,282
892664c1e73ffff,892664cac17ffff,53
892664c1e73ffff,892664cac2bffff,40
892664c1e73ffff,892664cac37ffff,61
892664c1e73ffff,892664cac47ffff,5
892664c1e73ffff,892664cac63ffff,13
892664c1e73ffff,892664cac67ffff,18
892664c1e73ffff,892664cac83ffff,6
892664c1e73ffff,892664cac8bffff,16
892664c1e73ffff,892664cac9bffff,18
892664c1e73ffff,892664caca3ffff,26
892664c1e73ffff,892664caccfffff,23
892664c1e73ffff,892664cacdbffff,6
892664c1e73ffff,892664cad17ffff,622
892664c1e73ffff,892664cad1bffff,34
892664c1e73ffff,892664cad43ffff,14
892664c1e73ffff,892664cad57ffff,20
892664c1e73ffff,892664cad77ffff,9695
892664c1e73ffff,892664cad8bffff,718
892664c1e73ffff,892664caddbffff,47
892664c1e73ffff,892664cc553ffff,42
892664c1e73ffff,892664cc58fffff,106
892664c1e73ffff,892664ccccfffff,10
892664c1e73ffff,892664cddbbffff,65
892664c1e73ffff,892664ce207ffff,14
892664c1e73ffff,892664ce227ffff,7
892664c1e73ffff,892664ce24fffff,18
892664c1e73ffff,892664ce347ffff,23
892664c1e73ffff,892664ce377ffff,6
892664c1e73ffff,892664cf1d7ffff,10
892664c1e73ffff,892664cf213ffff,7
892664c1e73ffff,892664cf44bffff,7
892664c1e73ffff,892664cf497ffff,75
892664c1e73ffff,892664cf4afffff,123
892664c1e73ffff,892664cf513ffff,5
892664c1e73ffff,892664cf57bffff,20
892664c1e73ffff,892664cf5afffff,13
892664c1e73ffff,892664d8833ffff,16
892664c1e73ffff,892664d883bffff,7
892664c1e73ffff,892664d8847ffff,6
892664c1e73ffff,892664d888fffff,12
892664c1e73ffff,892664d8893ffff,7
892664c1e73ffff,892664d8913ffff,42
892664c1e73ffff,892664d8923ffff,206
892664c1e73ffff,892664d894fffff,27
892664c1e73ffff,892664d895bffff,21
892664c1e73ffff,892664d896fffff,56
892664c1e73ffff,892664d8977ffff,10
892664c1e73ffff,892664d89cfffff,38
892664c1e73ffff,892664d89dbffff,13
892664c1e73ffff,892664d8a37ffff,9
892664c1e73ffff,892664d8b77ffff,13
892664c1e73ffff,892664d8b93ffff,10
892664c1e73ffff,892664d8cd3ffff,7
892664c1e73ffff,892664d8d5bffff,5
892664c1e73ffff,892664d8d6fffff,43
892664c1e73ffff,892664d8d7bffff,13
892664c1e73ffff,89275934cdbffff,326
892664c1e73ffff,89275936983ffff,7
892664c1e73ffff,89275936bb3ffff,8
892664c1e73ffff,89275936bc7ffff,12
892664c1e8fffff,89266452183ffff,7076
892664c1e8fffff,89266452533ffff,6
892664c1e8fffff,892664c1007ffff,710
892664c1e8fffff,892664c100bffff,103
892664c1e8fffff,892664c101bffff,261
892664c1e8fffff,892664c102fffff,1628
892664c1e8fffff,892664c1047ffff,147
892664c1e8fffff,892664c104fffff,93
892664c1e8fffff,892664c1057ffff,56
892664c1e8fffff,892664c105bffff,121
892664c1e8fffff,892664c1067ffff,128
892664c1e8fffff,892664c106fffff,234
892664c1e8fffff,892664c1077ffff,8
892664c1e8fffff,892664c108fffff,85
892664c1e8fffff,892664c10cbffff,49
892664c1e8fffff,892664c10d3ffff,374
892664c1e8fffff,892664c10d7ffff,302
892664c1e8fffff,892664c10dbffff,91
892664c1e8fffff,892664c114fffff,2507
892664c1e8fffff,892664c116fffff,5161
892664c1e8fffff,892664c1217ffff,19
892664c1e8fffff,892664c1233ffff,144
892664c1e8fffff,892664c124bffff,5
892664c1e8fffff,892664c1257ffff,14
892664c1e8fffff,892664c1267ffff,20
892664c1e8fffff,892664c126bffff,6
892664c1e8fffff,892664c1293ffff,17
892664c1e8fffff,892664c129bffff,15
892664c1e8fffff,892664c12b3ffff,30
892664c1e8fffff,892664c12bbffff,20
892664c1e8fffff,892664c1313ffff,100
892664c1e8fffff,892664c1327ffff,186
892664c1e8fffff,892664c1333ffff,90
892664c1e8fffff,892664c1377ffff,1049
892664c1e8fffff,892664c1383ffff,10
892664c1e8fffff,892664c13afffff,1304
892664c1e8fffff,892664c13b7ffff,979
892664c1e8fffff,892664c13bbffff,22
892664c1e8fffff,892664c13cfffff,349
892664c1e8fffff,892664c13d3ffff,103
892664c1e8fffff,892664c13dbffff,31
892664c1e8fffff,892664c144bffff,119
892664c1e8fffff,892664c144fffff,566
892664c1e8fffff,892664c1617ffff,496
892664c1e8fffff,892664c161bffff,6
892664c1e8fffff,892664c162fffff,31
892664c1e8fffff,892664c1633ffff,107
892664c1e8fffff,892664c163bffff,9
892664c1e8fffff,892664c1657ffff,14
892664c1e8fffff,892664c1677ffff,6
892664c1e8fffff,892664c167bffff,15
892664c1e8fffff,892664c168fffff,26
892664c1e8fffff,892664c1693ffff,96
892664c1e8fffff,892664c16a3ffff,13
892664c1e8fffff,892664c16abffff,355
892664c1e8fffff,892664c16bbffff,845
892664c1e8fffff,892664c16c7ffff,7
892664c1e8fffff,892664c16dbffff,7
892664c1e8fffff,892664c1a07ffff,930
892664c1e8fffff,892664c1a63ffff,726
892664c1e8fffff,892664c1a8bffff,39665
892664c1e8fffff,892664c1aa7ffff,3589
892664c1e8fffff,892664c1ab3ffff,11784
892664c1e8fffff,892664c1acfffff,17043
892664c1e8fffff,892664c1adbffff,8715
892664c1e8fffff,892664c1b0bffff,11280
892664c1e8fffff,892664c1b6fffff,3507
892664c1e8fffff,892664c1e0fffff,21874
892664c1e8fffff,892664c1e13ffff,7905
892664c1e8fffff,892664c1e2fffff,29308
892664c1e8fffff,892664c1e33ffff,12816
892664c1e8fffff,892664c1e4fffff,9915
892664c1e8fffff,892664c1e5bffff,14
892664c1e8fffff,892664c1e73ffff,12321
892664c1e8fffff,892664c1ea7ffff,6610
892664c1e8fffff,892664c1eabffff,11637
892664c1e8fffff,892664c1ec7ffff,1439
892664c1e8fffff,892664c1ecfffff,1426
892664c1e8fffff,892664c1ed3ffff,1592
892664c1e8fffff,892664c1ed7ffff,3054
892664c1e8fffff,892664ca1cfffff,5
892664c1e8fffff,892664ca483ffff,5
892664c1e8fffff,892664ca51bffff,10
892664c1e8fffff,892664ca583ffff,6
892664c1e8fffff,892664ca63bffff,7
892664c1e8fffff,892664ca807ffff,20
892664c1e8fffff,892664ca82fffff,10
892664c1e8fffff,892664ca913ffff,8
892664c1e8fffff,892664ca943ffff,695
892664c1e8fffff,892664ca963ffff,14
892664c1e8fffff,892664ca993ffff,992
892664c1e8fffff,892664ca9bbffff,21
892664c1e8fffff,892664ca9c3ffff,925
892664c1e8fffff,892664cab63ffff,17
892664c1e8fffff,892664cac03ffff,139
892664c1e8fffff,892664cac17ffff,35
892664c1e8fffff,892664cac2bffff,12
892664c1e8fffff,892664cac37ffff,19
892664c1e8fffff,892664cac63ffff,5
892664c1e8fffff,892664cac8bffff,15
892664c1e8fffff,892664cac9bffff,6
892664c1e8fffff,892664caca3ffff,6
892664c1e8fffff,892664caccfffff,7
892664c1e8fffff,892664cacdbffff,6
892664c1e8fffff,892664cad17ffff,412
892664c1e8fffff,892664cad1bffff,7
892664c1e8fffff,892664cad57ffff,13
892664c1e8fffff,892664cad77ffff,8452
892664c1e8fffff,892664cad8bffff,667
892664c1e8fffff,892664caddbffff,18
892664c1e8fffff,892664cc527ffff,17
892664c1e8fffff,892664cc553ffff,120
892664c1e8fffff,892664cc58fffff,348
892664c1e8fffff,892664cc5cfffff,14
892664c1e8fffff,892664ccccfffff,8
892664c1e8fffff,892664cddbbffff,47
892664c1e8fffff,892664ce207ffff,6
892664c1e8fffff,892664ce347ffff,46
892664c1e8fffff,892664ce36fffff,25
892664c1e8fffff,892664cea4fffff,5
892664c1e8fffff,892664ceb1bffff,16
892664c1e8fffff,892664cf1bbffff,6
892664c1e8fffff,892664cf1d7ffff,33
892664c1e8fffff,892664cf44bffff,5
892664c1e8fffff,892664cf497ffff,41
892664c1e8fffff,892664cf4afffff,164
892664c1e8fffff,892664cf50fffff,5
892664c1e8fffff,892664cf57bffff,28
892664c1e8fffff,892664cf5afffff,18
892664c1e8fffff,892664d81afffff,7
892664c1e8fffff,892664d8833ffff,23
892664c1e8fffff,892664d883bffff,7
892664c1e8fffff,892664d8847ffff,5
892664c1e8fffff,892664d888fffff,17
892664c1e8fffff,892664d8893ffff,15
892664c1e8fffff,892664d8903ffff,7
892664c1e8fffff,892664d8913ffff,118
892664c1e8fffff,892664d8923ffff,389
892664c1e8fffff,892664d894fffff,27
892664c1e8fffff,892664d895bffff,39
892664c1e8fffff,892664d896fffff,83
892664c1e8fffff,892664d8977ffff,9
892664c1e8fffff,892664d89cfffff,53
892664c1e8fffff,892664d89dbffff,19
892664c1e8fffff,892664d8b0bffff,6
892664c1e8fffff,892664d8b17ffff,7
892664c1e8fffff,892664d8b1bffff,6
892664c1e8fffff,892664d8b77ffff,11
892664c1e8fffff,892664d8b93ffff,16
892664c1e8fffff,892664d8b9bffff,6
892664c1e8fffff,892664d8c17ffff,11
892664c1e8fffff,892664d8c27ffff,6
892664c1e8fffff,892664d8d4bffff,5
892664c1e8fffff,892664d8d5bffff,21
892664c1e8fffff,892664d8d6fffff,97
892664c1e8fffff,892664d8d7bffff,27
892664c1e8fffff,892664d8ebbffff,7
892664c1e8fffff,892664d9d77ffff,5
892664c1e8fffff,89275934cdbffff,476
892664c1e8fffff,89275936bc7ffff,12
892664c1ea7ffff,89266452183ffff,894
892664c1ea7ffff,892664c1007ffff,139
892664c1ea7ffff,892664c100bffff,26
892664c1ea7ffff,892664c101bffff,87
892664c1ea7ffff,892664c102fffff,480
892664c1ea7ffff,892664c1047ffff,51
892664c1ea7ffff,892664c104fffff,28
892664c1ea7ffff,892664c1057ffff,24
892664c1ea7ffff,892664c105bffff,54
892664c1ea7ffff,892664c1067ffff,32
892664c1ea7ffff,892664c106fffff,119
892664c1ea7ffff,892664c108fffff,17
892664c1ea7ffff,892664c10cbffff,13
892664c1ea7ffff,892664c10d3ffff,132
892664c1ea7ffff,892664c10d7ffff,80
892664c1ea7ffff,892664c10dbffff,44
892664c1ea7ffff,892664c114fffff,910
892664c1ea7ffff,892664c116fffff,860
892664c1ea7ffff,892664c1217ffff,9
892664c1ea7ffff,892664c1233ffff,55
892664c1ea7ffff,892664c124bffff,9
892664c1ea7ffff,892664c1267ffff,12
892664c1ea7ffff,892664c1293ffff,5
892664c1ea7ffff,892664c129bffff,10
892664c1ea7ffff,892664c12b3ffff,14
892664c1ea7ffff,892664c12bbffff,7
892664c1ea7ffff,892664c1313ffff,24
892664c1ea7ffff,892664c1327ffff,86
892664c1ea7ffff,892664c1333ffff,28
892664c1ea7ffff,892664c1377ffff,258
892664c1ea7ffff,892664c13afffff,480
892664c1ea7ffff,892664c13b7ffff,163
892664c1ea7ffff,892664c13cfffff,70
892664c1ea7ffff,892664c13d3ffff,32
892664c1ea7ffff,892664c13dbffff,17
892664c1ea7ffff,892664c144bffff,24
892664c1ea7ffff,892664c144fffff,163
892664c1ea7ffff,892664c1617ffff,126
892664c1ea7ffff,892664c162fffff,15
892664c1ea7ffff,892664c1633ffff,56
892664c1ea7ffff,892664c163bffff,8
892664c1ea7ffff,892664c168fffff,11
892664c1ea7ffff,892664c1693ffff,30
892664c1ea7ffff,892664c16abffff,123
892664c1ea7ffff,892664c16bbffff,213
892664c1ea7ffff,892664c1a07ffff,817
892664c1ea7ffff,892664c1a63ffff,447
892664c1ea7ffff,892664c1a8bffff,17704
892664c1ea7ffff,892664c1aa7ffff,3842
892664c1ea7ffff,892664c1ab3ffff,6252
892664c1ea7ffff,892664c1acfffff,8484
892664c1ea7ffff,892664c1adbffff,3335
892664c1ea7ffff,892664c1b0bffff,5847
892664c1ea7ffff,892664c1b6fffff,1037
892664c1ea7ffff,892664c1e0fffff,13570
892664c1ea7ffff,892664c1e13ffff,4954
892664c1ea7ffff,892664c1e2fffff,21543
892664c1ea7ffff,892664c1e33ffff,7938
892664c1ea7ffff,892664c1e4fffff,3209
892664c1ea7ffff,892664c1e73ffff,6193
892664c1ea7ffff,892664c1e8fffff,5564
892664c1ea7ffff,892664c1eabffff,4635
892664c1ea7ffff,892664c1ec7ffff,521
892664c1ea7ffff,892664c1ecfffff,601
892664c1ea7ffff,892664c1ed3ffff,491
892664c1ea7ffff,892664c1ed7ffff,1468
892664c1ea7ffff,892664ca913ffff,6
892664c1ea7ffff,892664ca943ffff,363
892664c1ea7ffff,892664ca963ffff,18
892664c1ea7ffff,892664ca993ffff,555
892664c1ea7ffff,892664ca9c3ffff,264
892664c1ea7ffff,892664cab63ffff,9
892664c1ea7ffff,892664cac03ffff,75
892664c1ea7ffff,892664cac17ffff,22
892664c1ea7ffff,892664cac37ffff,8
892664c1ea7ffff,892664cac8bffff,9
892664c1ea7ffff,892664caca3ffff,7
892664c1ea7ffff,892664cad17ffff,172
892664c1ea7ffff,892664cad1bffff,5
892664c1ea7ffff,892664cad77ffff,3910
892664c1ea7ffff,892664cad8bffff,249
892664c1ea7ffff,892664caddbffff,11
892664c1ea7ffff,892664cc527ffff,12
892664c1ea7ffff,892664cc553ffff,24
892664c1ea7ffff,892664cc58fffff,128
892664c1ea7ffff,892664cce4fffff,7
892664c1ea7ffff,892664cddbbffff,76
892664c1ea7ffff,892664ce347ffff,19
892664c1ea7ffff,892664ce36fffff,6
892664c1ea7ffff,892664ceb1bffff,20
892664c1ea7ffff,892664cf1d7ffff,8
892664c1ea7ffff,892664cf44bffff,10
892664c1ea7ffff,892664cf497ffff,19
892664c1ea7ffff,892664cf4afffff,203
892664c1ea7ffff,892664cf513ffff,5
892664c1ea7ffff,892664cf57bffff,29
892664c1ea7ffff,892664cf5afffff,8
892664c1ea7ffff,892664d8833ffff,10
892664c1ea7ffff,892664d888fffff,17
892664c1ea7ffff,892664d8893ffff,9
892664c1ea7ffff,892664d8913ffff,109
892664c1ea7ffff,892664d8923ffff,156
892664c1ea7ffff,892664d894fffff,12
892664c1ea7ffff,892664d895bffff,6
892664c1ea7ffff,892664d896fffff,41
892664c1ea7ffff,892664d8977ffff,10
892664c1ea7ffff,892664d89cfffff,34
892664c1ea7ffff,892664d8a83ffff,5
892664c1ea7ffff,892664d8b93ffff,5
892664c1ea7ffff,892664d8d6fffff,21
892664c1ea7ffff,892664d8d7bffff,5
892664c1ea7ffff,89275934cdbffff,141
892664c1eabffff,89266452183ffff,3792
892664c1eabffff,89266456253ffff,13
892664c1eabffff,892664c1007ffff,1602
892664c1eabffff,892664c100bffff,230
892664c1eabffff,892664c101bffff,847
892664c1eabffff,892664c102fffff,2232
892664c1eabffff,892664c1047ffff,240
892664c1eabffff,892664c104fffff,90
892664c1eabffff,892664c1057ffff,116
892664c1eabffff,892664c105bffff,176
892664c1eabffff,892664c1067ffff,337
892664c1eabffff,892664c106fffff,285
892664c1eabffff,892664c1077ffff,12
892664c1eabffff,892664c108fffff,494
892664c1eabffff,892664c10cbffff,66
892664c1eabffff,892664c10d3ffff,1024
892664c1eabffff,892664c10d7ffff,971
892664c1eabffff,892664c10dbffff,125
892664c1eabffff,892664c114fffff,4796
892664c1eabffff,892664c116fffff,15210
892664c1eabffff,892664c1217ffff,25
892664c1eabffff,892664c1233ffff,212
892664c1eabffff,892664c124bffff,20
892664c1eabffff,892664c1257ffff,18
892664c1eabffff,892664c1267ffff,44
892664c1eabffff,892664c126bffff,10
892664c1eabffff,892664c1293ffff,33
892664c1eabffff,892664c129bffff,17
892664c1eabffff,892664c12b3ffff,67
892664c1eabffff,892664c12bbffff,38
892664c1eabffff,892664c12d7ffff,7
892664c1eabffff,892664c12dbffff,6
892664c1eabffff,892664c1313ffff,173
892664c1eabffff,892664c1327ffff,704
892664c1eabffff,892664c1333ffff,319
892664c1eabffff,892664c1377ffff,1530
892664c1eabffff,892664c1383ffff,58
892664c1eabffff,892664c13afffff,1918
892664c1eabffff,892664c13b7ffff,3253
892664c1eabffff,892664c13bbffff,34
892664c1eabffff,892664c13cfffff,369
892664c1eabffff,892664c13d3ffff,105
892664c1eabffff,892664c13dbffff,43
892664c1eabffff,892664c144bffff,332
892664c1eabffff,892664c144fffff,1141
892664c1eabffff,892664c1617ffff,232
892664c1eabffff,892664c161bffff,13
892664c1eabffff,892664c162fffff,66
892664c1eabffff,892664c1633ffff,79
892664c1eabffff,892664c163bffff,12
892664c1eabffff,892664c1657ffff,26
892664c1eabffff,892664c1663ffff,6
892664c1eabffff,892664c166bffff,7
892664c1eabffff,892664c1677ffff,7
892664c1eabffff,892664c167bffff,12
892664c1eabffff,892664c168fffff,33
892664c1eabffff,892664c1693ffff,240
892664c1eabffff,892664c16a3ffff,16
892664c1eabffff,892664c16abffff,150
892664c1eabffff,892664c16bbffff,420
892664c1eabffff,892664c16dbffff,10
892664c1eabffff,892664c1a07ffff,3354
892664c1eabffff,892664c1a63ffff,1881
892664c1eabffff,892664c1a8bffff,64687
892664c1eabffff,892664c1aa7ffff,5470
892664c1eabffff,892664c1ab3ffff,10541
892664c1eabffff,892664c1acfffff,49015
892664c1eabffff,892664c1adbffff,22754
892664c1eabffff,892664c1b0bffff,20534
892664c1eabffff,892664c1b6fffff,3041
892664c1eabffff,892664c1e0fffff,18077
892664c1eabffff,892664c1e13ffff,17712
892664c1eabffff,892664c1e2fffff,54369
892664c1eabffff,892664c1e33ffff,10326
892664c1eabffff,892664c1e4fffff,14384
892664c1eabffff,892664c1e5bffff,60
892664c1eabffff,892664c1e73ffff,10597
892664c1eabffff,892664c1e8fffff,12176
892664c1eabffff,892664c1ea7ffff,6485
892664c1eabffff,892664c1ec7ffff,2877
892664c1eabffff,892664c1ecfffff,7217
892664c1eabffff,892664c1ed3ffff,4738
892664c1eabffff,892664c1ed7ffff,8325
892664c1eabffff,892664ca013ffff,6
892664c1eabffff,892664ca1cfffff,5
892664c1eabffff,892664ca483ffff,7
892664c1eabffff,892664ca54fffff,7
892664c1eabffff,892664ca567ffff,5
892664c1eabffff,892664ca583ffff,10
892664c1eabffff,892664ca597ffff,9
892664c1eabffff,892664ca63bffff,31
892664c1eabffff,892664ca673ffff,7
892664c1eabffff,892664ca6afffff,5
892664c1eabffff,892664ca807ffff,24
892664c1eabffff,892664ca82fffff,12
892664c1eabffff,892664ca88bffff,5
892664c1eabffff,892664ca897ffff,8
892664c1eabffff,892664ca913ffff,18
892664c1eabffff,892664ca943ffff,1105
892664c1eabffff,892664ca963ffff,80
892664c1eabffff,892664ca993ffff,2591
892664c1eabffff,892664ca9bbffff,28
892664c1eabffff,892664ca9c3ffff,843
892664c1eabffff,892664cab63ffff,24
892664c1eabffff,892664cac03ffff,127
892664c1eabffff,892664cac17ffff,33
892664c1eabffff,892664cac2bffff,24
892664c1eabffff,892664cac37ffff,45
892664c1eabffff,892664cac47ffff,5
892664c1eabffff,892664cac67ffff,7
892664c1eabffff,892664cac83ffff,7
892664c1eabffff,892664cac8bffff,13
892664c1eabffff,892664cac9bffff,17
892664c1eabffff,892664caca3ffff,11
892664c1eabffff,892664caccfffff,10
892664c1eabffff,892664cad17ffff,642
892664c1eabffff,892664cad1bffff,29
892664c1eabffff,892664cad43ffff,10
892664c1eabffff,892664cad57ffff,13
892664c1eabffff,892664cad77ffff,7773
892664c1eabffff,892664cad8bffff,763
892664c1eabffff,892664caddbffff,39
892664c1eabffff,892664cc2a3ffff,16
892664c1eabffff,892664cc303ffff,14
892664c1eabffff,892664cc363ffff,20
892664c1eabffff,892664cc453ffff,7
892664c1eabffff,892664cc48bffff,12
892664c1eabffff,892664cc48fffff,5
892664c1eabffff,892664cc4a7ffff,7
892664c1eabffff,892664cc4c3ffff,7
892664c1eabffff,892664cc527ffff,30
892664c1eabffff,892664cc553ffff,167
892664c1eabffff,892664cc58fffff,551
892664c1eabffff,892664cc5cfffff,11
892664c1eabffff,892664cc62fffff,7
892664c1eabffff,892664cc687ffff,9
892664c1eabffff,892664cc803ffff,7
892664c1eabffff,892664cc8a3ffff,26
892664c1eabffff,892664cc953ffff,11
892664c1eabffff,892664cca5bffff,8
892664c1eabffff,892664ccc07ffff,13
892664c1eabffff,892664ccccfffff,34
892664c1eabffff,892664cce4fffff,22
892664c1eabffff,892664cceb7ffff,10
892664c1eabffff,892664cddbbffff,297
892664c1eabffff,892664ce207ffff,57
892664c1eabffff,892664ce227ffff,29
892664c1eabffff,892664ce24fffff,46
892664c1eabffff,892664ce2cfffff,6
892664c1eabffff,892664ce347ffff,564
892664c1eabffff,892664ce34fffff,11
892664c1eabffff,892664ce367ffff,40
892664c1eabffff,892664ce36fffff,57
892664c1eabffff,892664ce377ffff,25
892664c1eabffff,892664cea07ffff,15
892664c1eabffff,892664cea4fffff,7
892664c1eabffff,892664ceb1bffff,40
892664c1eabffff,892664cf10fffff,6
892664c1eabffff,892664cf193ffff,10
892664c1eabffff,892664cf1bbffff,44
892664c1eabffff,892664cf1d7ffff,12
892664c1eabffff,892664cf213ffff,13
892664c1eabffff,892664cf3bbffff,7
892664c1eabffff,892664cf44bffff,5
892664c1eabffff,892664cf497ffff,182
892664c1eabffff,892664cf4afffff,167
892664c1eabffff,892664cf50fffff,8
892664c1eabffff,892664cf513ffff,74
892664c1eabffff,892664cf527ffff,6
892664c1eabffff,892664cf52fffff,10
892664c1eabffff,892664cf53bffff,6
892664c1eabffff,892664cf57bffff,27
892664c1eabffff,892664cf587ffff,22
892664c1eabffff,892664cf5afffff,161
892664c1eabffff,892664d8133ffff,6
892664c1eabffff,892664d81afffff,36
892664c1eabffff,892664d83b7ffff,5
892664c1eabffff,892664d8813ffff,7
892664c1eabffff,892664d8833ffff,43
892664c1eabffff,892664d883bffff,18
892664c1eabffff,892664d8847ffff,9
892664c1eabffff,892664d888fffff,56
892664c1eabffff,892664d8893ffff,49
892664c1eabffff,892664d88b3ffff,19
892664c1eabffff,892664d88dbffff,31
892664c1eabffff,892664d8903ffff,13
892664c1eabffff,892664d8913ffff,486
892664c1eabffff,892664d8923ffff,1332
892664c1eabffff,892664d894fffff,45
892664c1eabffff,892664d895bffff,29
892664c1eabffff,892664d896fffff,189
892664c1eabffff,892664d8977ffff,34
892664c1eabffff,892664d89cfffff,129
892664c1eabffff,892664d89dbffff,60
892664c1eabffff,892664d8a0fffff,13
892664c1eabffff,892664d8a37ffff,29
892664c1eabffff,892664d8a83ffff,5
892664c1eabffff,892664d8aabffff,11
892664c1eabffff,892664d8b17ffff,12
892664c1eabffff,892664d8b77ffff,28
892664c1eabffff,892664d8b93ffff,30
892664c1eabffff,892664d8b9bffff,13
892664c1eabffff,892664d8c17ffff,11
892664c1eabffff,892664d8c1bffff,7
892664c1eabffff,892664d8c23ffff,10
892664c1eabffff,892664d8c27ffff,12
892664c1eabffff,892664d8c3bffff,33
892664c1eabffff,892664d8c6fffff,6
892664c1eabffff,892664d8cc7ffff,6
892664c1eabffff,892664d8cd3ffff,14
892664c1eabffff,892664d8d4bffff,17
892664c1eabffff,892664d8d5bffff,63
892664c1eabffff,892664d8d6fffff,648
892664c1eabffff,892664d8d7bffff,96
892664c1eabffff,892664d8e03ffff,5
892664c1eabffff,892664d8e37ffff,20
892664c1eabffff,892664d8e57ffff,7
892664c1eabffff,892664d8e6bffff,7
892664c1eabffff,892664d8e77ffff,14
892664c1eabffff,892664d8ebbffff,23
892664c1eabffff,892664d99cfffff,9
892664c1eabffff,892664d9b27ffff,6
892664c1eabffff,892664d9d77ffff,13
892664c1eabffff,89275934cdbffff,447
892664c1eabffff,89275936983ffff,6
892664c1eabffff,89275936bb3ffff,6
892664c1eabffff,89275936bc7ffff,14
892664c1ec7ffff,89266452183ffff,309
892664c1ec7ffff,892664c1007ffff,107
892664c1ec7ffff,892664c100bffff,36
892664c1ec7ffff,892664c101bffff,65
892664c1ec7ffff,892664c102fffff,251
892664c1ec7ffff,892664c1047ffff,49
892664c1ec7ffff,892664c104fffff,35
892664c1ec7ffff,892664c1057ffff,23
892664c1ec7ffff,892664c105bffff,18
892664c1ec7ffff,892664c1067ffff,32
892664c1ec7ffff,892664c106fffff,87
892664c1ec7ffff,892664c10cbffff,22
892664c1ec7ffff,892664c10d3ffff,67
892664c1ec7ffff,892664c10d7ffff,68
892664c1ec7ffff,892664c10dbffff,22
892664c1ec7ffff,892664c114fffff,703
892664c1ec7ffff,892664c116fffff,826
892664c1ec7ffff,892664c1217ffff,7
892664c1ec7ffff,892664c1233ffff,25
892664c1ec7ffff,892664c1267ffff,7
892664c1ec7ffff,892664c126bffff,6
892664c1ec7ffff,892664c1293ffff,11
892664c1ec7ffff,892664c12b3ffff,11
892664c1ec7ffff,892664c12bbffff,9
892664c1ec7ffff,892664c1313ffff,23
892664c1ec7ffff,892664c1327ffff,58
892664c1ec7ffff,892664c1333ffff,23
892664c1ec7ffff,892664c1377ffff,279
892664c1ec7ffff,892664c13afffff,481
892664c1ec7ffff,892664c13b7ffff,264
892664c1ec7ffff,892664c13bbffff,15
892664c1ec7ffff,892664c13cfffff,111
892664c1ec7ffff,892664c13d3ffff,30
892664c1ec7ffff,892664c13dbffff,9
892664c1ec7ffff,892664c144bffff,22
892664c1ec7ffff,892664c144fffff,64
892664c1ec7ffff,892664c1617ffff,39
892664c1ec7ffff,892664c162fffff,11
892664c1ec7ffff,892664c1633ffff,29
892664c1ec7ffff,892664c1693ffff,17
892664c1ec7ffff,892664c16abffff,37
892664c1ec7ffff,892664c16bbffff,46
892664c1ec7ffff,892664c1a07ffff,259
892664c1ec7ffff,892664c1a63ffff,159
892664c1ec7ffff,892664c1a8bffff,8778
892664c1ec7ffff,892664c1aa7ffff,446
892664c1ec7ffff,892664c1ab3ffff,1120
892664c1ec7ffff,892664c1acfffff,2768
892664c1ec7ffff,892664c1adbffff,2086
892664c1ec7ffff,892664c1b0bffff,969
892664c1ec7ffff,892664c1b6fffff,112
892664c1ec7ffff,892664c1e0fffff,4781
892664c1ec7ffff,892664c1e13ffff,1211
892664c1ec7ffff,892664c1e2fffff,4557
892664c1ec7ffff,892664c1e33ffff,1870
892664c1ec7ffff,892664c1e4fffff,2977
892664c1ec7ffff,892664c1e5bffff,5
892664c1ec7ffff,892664c1e73ffff,2972
892664c1ec7ffff,892664c1e8fffff,1296
892664c1ec7ffff,892664c1ea7ffff,637
892664c1ec7ffff,892664c1eabffff,2324
892664c1ec7ffff,892664c1ecfffff,370
892664c1ec7ffff,892664c1ed3ffff,304
892664c1ec7ffff,892664c1ed7ffff,446
892664c1ec7ffff,892664ca943ffff,179
892664c1ec7ffff,892664ca993ffff,360
892664c1ec7ffff,892664ca9c3ffff,171
892664c1ec7ffff,892664cac03ffff,79
892664c1ec7ffff,892664cac17ffff,10
892664c1ec7ffff,892664cac2bffff,8
892664c1ec7ffff,892664cac37ffff,9
892664c1ec7ffff,892664cac8bffff,6
892664c1ec7ffff,892664cac9bffff,9
892664c1ec7ffff,892664caca3ffff,12
892664c1ec7ffff,892664cad17ffff,142
892664c1ec7ffff,892664cad1bffff,10
892664c1ec7ffff,892664cad43ffff,5
892664c1ec7ffff,892664cad77ffff,2662
892664c1ec7ffff,892664cad8bffff,267
892664c1ec7ffff,892664caddbffff,7
892664c1ec7ffff,892664cc553ffff,9
892664c1ec7ffff,892664cc58fffff,14
892664c1ec7ffff,892664cf497ffff,8
892664c1ec7ffff,892664cf4afffff,7
892664c1ec7ffff,892664cf57bffff,8
892664c1ec7ffff,892664d8833ffff,6
892664c1ec7ffff,892664d8913ffff,16
892664c1ec7ffff,892664d8923ffff,51
892664c1ec7ffff,892664d894fffff,5
892664c1ec7ffff,892664d895bffff,7
892664c1ec7ffff,892664d896fffff,13
892664c1ec7ffff,892664d89cfffff,6
892664c1ec7ffff,892664d8b77ffff,5
892664c1ec7ffff,892664d8d5bffff,5
892664c1ec7ffff,892664d8d6fffff,7
892664c1ec7ffff,89275934cdbffff,48
892664c1ecfffff,89266419157ffff,117
892664c1ecfffff,89266419493ffff,423
892664c1ecfffff,89266419607ffff,1009
892664c1ecfffff,892664520afffff,34408
892664c1ecfffff,89266452147ffff,894
892664c1ecfffff,89266452183ffff,330
892664c1ecfffff,89266452c87ffff,549
892664c1ecfffff,89266452dabffff,1068
892664c1ecfffff,89266456067ffff,1346
892664c1ecfffff,89266456137ffff,320
892664c1ecfffff,892664562dbffff,1119
892664c1ecfffff,89266456413ffff,4093
892664c1ecfffff,89266457013ffff,142
892664c1ecfffff,892664c1007ffff,91
892664c1ecfffff,892664c100bffff,36
892664c1ecfffff,892664c101bffff,91
892664c1ecfffff,892664c102fffff,194
892664c1ecfffff,892664c1047ffff,43
892664c1ecfffff,892664c104fffff,14
892664c1ecfffff,892664c1057ffff,23
892664c1ecfffff,892664c105bffff,86
892664c1ecfffff,892664c1067ffff,28
892664c1ecfffff,892664c106fffff,67
892664c1ecfffff,892664c108fffff,21
892664c1ecfffff,892664c10cbffff,14
892664c1ecfffff,892664c10d3ffff,46
892664c1ecfffff,892664c10d7ffff,30
892664c1ecfffff,892664c10dbffff,21
892664c1ecfffff,892664c114fffff,482
892664c1ecfffff,892664c116fffff,384
892664c1ecfffff,892664c1217ffff,9
892664c1ecfffff,892664c1233ffff,38
892664c1ecfffff,892664c1267ffff,13
892664c1ecfffff,892664c1293ffff,9
892664c1ecfffff,892664c129bffff,9
892664c1ecfffff,892664c12b3ffff,5
892664c1ecfffff,892664c1313ffff,15
892664c1ecfffff,892664c1327ffff,94
892664c1ecfffff,892664c1333ffff,101
892664c1ecfffff,892664c1377ffff,369
892664c1ecfffff,892664c13afffff,343
892664c1ecfffff,892664c13b7ffff,205
892664c1ecfffff,892664c13cfffff,64
892664c1ecfffff,892664c13d3ffff,244836
892664c1ecfffff,892664c13dbffff,7
892664c1ecfffff,892664c144bffff,15
892664c1ecfffff,892664c144fffff,45
892664c1ecfffff,892664c1607ffff,236456
892664c1ecfffff,892664c1617ffff,22
892664c1ecfffff,892664c162fffff,12
892664c1ecfffff,892664c1633ffff,23
892664c1ecfffff,892664c163bffff,7
892664c1ecfffff,892664c1693ffff,18
892664c1ecfffff,892664c16abffff,42
892664c1ecfffff,892664c16bbffff,42
892664c1ecfffff,892664c1a07ffff,153
892664c1ecfffff,892664c1a63ffff,381
892664c1ecfffff,892664c1a87ffff,225652
892664c1ecfffff,892664c1a8bffff,8121
892664c1ecfffff,892664c1aa7ffff,241
892664c1ecfffff,892664c1ab3ffff,1109
892664c1ecfffff,892664c1acfffff,2290
892664c1ecfffff,892664c1adbffff,1481
892664c1ecfffff,892664c1b0bffff,661
892664c1ecfffff,892664c1b47ffff,45101
892664c1ecfffff,892664c1b6fffff,73
892664c1ecfffff,892664c1e0fffff,2389
892664c1ecfffff,892664c1e13ffff,1002
892664c1ecfffff,892664c1e2fffff,3192
892664c1ecfffff,892664c1e33ffff,1181
892664c1ecfffff,892664c1e4fffff,1860
892664c1ecfffff,892664c1e73ffff,2031
892664c1ecfffff,892664c1e8fffff,769
892664c1ecfffff,892664c1ea7ffff,488
892664c1ecfffff,892664c1eabffff,4940
892664c1ecfffff,892664c1ec7ffff,191
892664c1ecfffff,892664c1ed3ffff,315
892664c1ecfffff,892664c1ed7ffff,298
892664c1ecfffff,892664c80afffff,9355
892664c1ecfffff,892664c81b7ffff,2024
892664c1ecfffff,892664c8cabffff,3050
892664c1ecfffff,892664c8d6bffff,4253
892664c1ecfffff,892664ca0abffff,12515
892664c1ecfffff,892664ca103ffff,46085
892664c1ecfffff,892664ca3cfffff,1319
892664c1ecfffff,892664ca58fffff,24653
892664c1ecfffff,892664ca6b7ffff,14957
892664c1ecfffff,892664ca913ffff,187314
892664c1ecfffff,892664ca943ffff,519
892664c1ecfffff,892664ca993ffff,296
892664c1ecfffff,892664ca9c3ffff,173
892664c1ecfffff,892664caaafffff,4243
892664c1ecfffff,892664cac03ffff,57
892664c1ecfffff,892664cac17ffff,13
892664c1ecfffff,892664cac37ffff,9
892664c1ecfffff,892664cac3bffff,144951
892664c1ecfffff,892664cac8bffff,7
892664c1ecfffff,892664caccfffff,5
892664c1ecfffff,892664cad17ffff,97
892664c1ecfffff,892664cad77ffff,2154
892664c1ecfffff,892664cad8bffff,196
892664c1ecfffff,892664caddbffff,10
892664c1ecfffff,892664cae4fffff,7635
892664c1ecfffff,892664cb057ffff,1693
892664c1ecfffff,892664cb1a7ffff,4242
892664c1ecfffff,892664cb387ffff,506
892664c1ecfffff,892664cb58fffff,6566
892664c1ecfffff,892664cc217ffff,9969
892664c1ecfffff,892664cc3b3ffff,17275
892664c1ecfffff,892664cc46fffff,4170
892664c1ecfffff,892664cc4dbffff,14004
892664c1ecfffff,892664cc553ffff,15
892664c1ecfffff,892664cc563ffff,11433
892664c1ecfffff,892664cc58fffff,25
892664c1ecfffff,892664cc5d7ffff,33352
892664c1ecfffff,892664cc847ffff,513
892664c1ecfffff,892664cc8b3ffff,1895
892664c1ecfffff,892664ccb73ffff,679
892664c1ecfffff,892664ccc7bffff,2663
892664c1ecfffff,892664ccd9bffff,4633
892664c1ecfffff,892664cce7bffff,12840
892664c1ecfffff,892664cd08bffff,972
892664c1ecfffff,892664cd1b3ffff,2888
892664c1ecfffff,892664cd29bffff,1059
892664c1ecfffff,892664cd3b3ffff,2618
892664c1ecfffff,892664cd4cbffff,2199
892664c1ecfffff,892664cd6cfffff,1182
892664c1ecfffff,892664cd897ffff,4421
892664c1ecfffff,892664cd973ffff,1737
892664c1ecfffff,892664cdb0fffff,629
892664c1ecfffff,892664cddbbffff,10
892664c1ecfffff,892664ce203ffff,4929
892664c1ecfffff,892664ce227ffff,5
892664c1ecfffff,892664ce347ffff,7
892664c1ecfffff,892664ce35bffff,13870
892664c1ecfffff,892664cea67ffff,22186
892664c1ecfffff,892664cf017ffff,6074
892664c1ecfffff,892664cf12bffff,3458
892664c1ecfffff,892664cf2bbffff,1514
892664c1ecfffff,892664cf33bffff,2967
892664c1ecfffff,892664cf497ffff,7
892664c1ecfffff,892664cf4afffff,24
892664c1ecfffff,892664cf507ffff,16730
892664c1ecfffff,892664cf553ffff,12249
892664c1ecfffff,892664cf57bffff,6
892664c1ecfffff,892664cf617ffff,12069
892664c1ecfffff,892664d8893ffff,5
892664c1ecfffff,892664d88bbffff,57938
892664c1ecfffff,892664d8913ffff,20
892664c1ecfffff,892664d8923ffff,61
892664c1ecfffff,892664d894fffff,5
892664c1ecfffff,892664d896fffff,32
892664c1ecfffff,892664d8973ffff,72237
892664c1ecfffff,892664d89cfffff,9
892664c1ecfffff,892664d8aa7ffff,20583
892664c1ecfffff,892664d8ccfffff,27600
892664c1ecfffff,892664d8d6fffff,16
892664c1ecfffff,892664d8e1bffff,28521
892664c1ecfffff,892664d9857ffff,3052
892664c1ecfffff,892664d9937ffff,8268
892664c1ecfffff,892664d9993ffff,4113
892664c1ecfffff,892664d9bcbffff,4567
892664c1ecfffff,89275934cdbffff,32
892664c1ecfffff,892759369bbffff,9912
892664c1ecfffff,89275936d53ffff,515
892664c1ed3ffff,89266452183ffff,288
892664c1ed3ffff,892664c1007ffff,97
892664c1ed3ffff,892664c100bffff,16
892664c1ed3ffff,892664c101bffff,46
892664c1ed3ffff,892664c102fffff,241
892664c1ed3ffff,892664c1047ffff,40
892664c1ed3ffff,892664c104fffff,30
892664c1ed3ffff,892664c1057ffff,21
892664c1ed3ffff,892664c105bffff,54
892664c1ed3ffff,892664c1067ffff,33
892664c1ed3ffff,892664c106fffff,81
892664c1ed3ffff,892664c108fffff,12
892664c1ed3ffff,892664c10d3ffff,44
892664c1ed3ffff,892664c10d7ffff,42
892664c1ed3ffff,892664c10dbffff,16
892664c1ed3ffff,892664c114fffff,501
892664c1ed3ffff,892664c116fffff,773
892664c1ed3ffff,892664c1217ffff,6
892664c1ed3ffff,892664c1233ffff,31
892664c1ed3ffff,892664c1267ffff,17
892664c1ed3ffff,892664c1293ffff,9
892664c1ed3ffff,892664c12b3ffff,7
892664c1ed3ffff,892664c1313ffff,24
892664c1ed3ffff,892664c1327ffff,49
892664c1ed3ffff,892664c1333ffff,55
892664c1ed3ffff,892664c1377ffff,240
892664c1ed3ffff,892664c13afffff,276
892664c1ed3ffff,892664c13b7ffff,256
892664c1ed3ffff,892664c13cfffff,81
892664c1ed3ffff,892664c13d3ffff,27
892664c1ed3ffff,892664c13dbffff,8
892664c1ed3ffff,892664c144bffff,12
892664c1ed3ffff,892664c144fffff,45
892664c1ed3ffff,892664c1617ffff,27
892664c1ed3ffff,892664c162fffff,14
892664c1ed3ffff,892664c1633ffff,25
892664c1ed3ffff,892664c167bffff,5
892664c1ed3ffff,892664c1693ffff,6
892664c1ed3ffff,892664c16abffff,54
892664c1ed3ffff,892664c16bbffff,50
892664c1ed3ffff,892664c1a07ffff,86
892664c1ed3ffff,892664c1a63ffff,151
892664c1ed3ffff,892664c1a8bffff,5635
892664c1ed3ffff,892664c1aa7ffff,172
892664c1ed3ffff,892664c1ab3ffff,905
892664c1ed3ffff,892664c1acfffff,1691
892664c1ed3ffff,892664c1adbffff,1305
892664c1ed3ffff,892664c1b0bffff,532
892664c1ed3ffff,892664c1b6fffff,63
892664c1ed3ffff,892664c1e0fffff,2819
892664c1ed3ffff,892664c1e13ffff,1409
892664c1ed3ffff,892664c1e2fffff,2641
892664c1ed3ffff,892664c1e33ffff,1197
892664c1ed3ffff,892664c1e4fffff,1624
892664c1ed3ffff,892664c1e73ffff,1948
892664c1ed3ffff,892664c1e8fffff,959
892664c1ed3ffff,892664c1ea7ffff,395
892664c1ed3ffff,892664c1eabffff,3215
892664c1ed3ffff,892664c1ec7ffff,279
892664c1ed3ffff,892664c1ecfffff,487
892664c1ed3ffff,892664c1ed7ffff,375
892664c1ed3ffff,892664ca943ffff,113
892664c1ed3ffff,892664ca963ffff,5
892664c1ed3ffff,892664ca993ffff,223
892664c1ed3ffff,892664ca9c3ffff,92
892664c1ed3ffff,892664cac03ffff,60
892664c1ed3ffff,892664cac17ffff,16
892664c1ed3ffff,892664cac2bffff,5
892664c1ed3ffff,892664cac37ffff,9
892664c1ed3ffff,892664cac8bffff,7
892664c1ed3ffff,892664caca3ffff,6
892664c1ed3ffff,892664cad17ffff,75
892664c1ed3ffff,892664cad1bffff,5
892664c1ed3ffff,892664cad77ffff,1376
892664c1ed3ffff,892664cad8bffff,159
892664c1ed3ffff,892664cc553ffff,12
892664c1ed3ffff,892664cc58fffff,10
892664c1ed3ffff,892664ce347ffff,10
892664c1ed3ffff,892664cf44bffff,5
892664c1ed3ffff,892664d8913ffff,9
892664c1ed3ffff,892664d8923ffff,34
892664c1ed3ffff,892664d894fffff,5
892664c1ed3ffff,892664d895bffff,5
892664c1ed3ffff,892664d896fffff,9
892664c1ed3ffff,892664d89cfffff,10
892664c1ed3ffff,89275934cdbffff,31
892664c1ed7ffff,89266452183ffff,1364
892664c1ed7ffff,892664c1007ffff,208
892664c1ed7ffff,892664c100bffff,40
892664c1ed7ffff,892664c101bffff,83
892664c1ed7ffff,892664c102fffff,538
892664c1ed7ffff,892664c1047ffff,61
892664c1ed7ffff,892664c104fffff,38
892664c1ed7ffff,892664c1057ffff,20
892664c1ed7ffff,892664c105bffff,46
892664c1ed7ffff,892664c1067ffff,57
892664c1ed7ffff,892664c106fffff,84
892664c1ed7ffff,892664c1077ffff,9
892664c1ed7ffff,892664c108fffff,16
892664c1ed7ffff,892664c10cbffff,12
892664c1ed7ffff,892664c10d3ffff,104
892664c1ed7ffff,892664c10d7ffff,100
892664c1ed7ffff,892664c10dbffff,33
892664c1ed7ffff,892664c114fffff,841
892664c1ed7ffff,892664c116fffff,1459
892664c1ed7ffff,892664c1217ffff,7
892664c1ed7ffff,892664c1233ffff,34
892664c1ed7ffff,892664c1267ffff,13
892664c1ed7ffff,892664c1293ffff,8
892664c1ed7ffff,892664c129bffff,6
892664c1ed7ffff,892664c12b3ffff,7
892664c1ed7ffff,892664c12bbffff,6
892664c1ed7ffff,892664c1313ffff,38
892664c1ed7ffff,892664c1327ffff,52
892664c1ed7ffff,892664c1333ffff,48
892664c1ed7ffff,892664c1377ffff,310
892664c1ed7ffff,892664c13afffff,528
892664c1ed7ffff,892664c13b7ffff,306
892664c1ed7ffff,892664c13bbffff,8
892664c1ed7ffff,892664c13cfffff,153
892664c1ed7ffff,892664c13d3ffff,43
892664c1ed7ffff,892664c13dbffff,18
892664c1ed7ffff,892664c144bffff,26
892664c1ed7ffff,892664c144fffff,122
892664c1ed7ffff,892664c1617ffff,129
892664c1ed7ffff,892664c162fffff,8
892664c1ed7ffff,892664c1633ffff,45
892664c1ed7ffff,892664c1657ffff,5
892664c1ed7ffff,892664c168fffff,13
892664c1ed7ffff,892664c1693ffff,15
892664c1ed7ffff,892664c16abffff,108
892664c1ed7ffff,892664c16bbffff,272
892664c1ed7ffff,892664c1a07ffff,224
892664c1ed7ffff,892664c1a63ffff,213
892664c1ed7ffff,892664c1a8bffff,11375
892664c1ed7ffff,892664c1aa7ffff,716
892664c1ed7ffff,892664c1ab3ffff,3420
892664c1ed7ffff,892664c1acfffff,3693
892664c1ed7ffff,892664c1adbffff,1990
892664c1ed7ffff,892664c1b0bffff,2153
892664c1ed7ffff,892664c1b6fffff,647
892664c1ed7ffff,892664c1e0fffff,6955
892664c1ed7ffff,892664c1e13ffff,2587
892664c1ed7ffff,892664c1e2fffff,7890
892664c1ed7ffff,892664c1e33ffff,3434
892664c1ed7ffff,892664c1e4fffff,3122
892664c1ed7ffff,892664c1e73ffff,3282
892664c1ed7ffff,892664c1e8fffff,2464
892664c1ed7ffff,892664c1ea7ffff,1546
892664c1ed7ffff,892664c1eabffff,6098
892664c1ed7ffff,892664c1ec7ffff,410
892664c1ed7ffff,892664c1ecfffff,430
892664c1ed7ffff,892664c1ed3ffff,546
892664c1ed7ffff,892664ca913ffff,6
892664c1ed7ffff,892664ca943ffff,262
892664c1ed7ffff,892664ca993ffff,231
892664c1ed7ffff,892664ca9bbffff,5
892664c1ed7ffff,892664ca9c3ffff,239
892664c1ed7ffff,892664cac03ffff,57
892664c1ed7ffff,892664cac17ffff,10
892664c1ed7ffff,892664cac37ffff,5
892664c1ed7ffff,892664caca3ffff,10
892664c1ed7ffff,892664caccfffff,5
892664c1ed7ffff,892664cad17ffff,125
892664c1ed7ffff,892664cad1bffff,7
892664c1ed7ffff,892664cad77ffff,2615
892664c1ed7ffff,892664cad8bffff,217
892664c1ed7ffff,892664caddbffff,9
892664c1ed7ffff,892664cc553ffff,31
892664c1ed7ffff,892664cc58fffff,64
892664c1ed7ffff,892664cddbbffff,6
892664c1ed7ffff,892664ce347ffff,7
892664c1ed7ffff,892664cf4afffff,26
892664c1ed7ffff,892664cf57bffff,8
892664c1ed7ffff,892664cf5afffff,5
892664c1ed7ffff,892664d8833ffff,11
892664c1ed7ffff,892664d888fffff,8
892664c1ed7ffff,892664d8903ffff,6
892664c1ed7ffff,892664d8913ffff,24
892664c1ed7ffff,892664d8923ffff,95
892664c1ed7ffff,892664d894fffff,5
892664c1ed7ffff,892664d895bffff,7
892664c1ed7ffff,892664d896fffff,36
892664c1ed7ffff,892664d89cfffff,17
892664c1ed7ffff,892664d89dbffff,5
892664c1ed7ffff,892664d8a37ffff,5
892664c1ed7ffff,892664d8a83ffff,5
892664c1ed7ffff,892664d8d6fffff,22
892664c1ed7ffff,89275934cdbffff,123
892664c8073ffff,892664ca943ffff,8
892664c80afffff,89266419157ffff,118
892664c80afffff,89266419607ffff,348
892664c80afffff,892664520afffff,293
892664c80afffff,89266452147ffff,67
892664c80afffff,89266452c87ffff,111
892664c80afffff,89266452dabffff,132
892664c80afffff,89266456067ffff,219
892664c80afffff,89266456137ffff,127
892664c80afffff,892664562dbffff,481
892664c80afffff,89266456413ffff,424
892664c80afffff,89266457013ffff,100
892664c80afffff,892664c13d3ffff,778
892664c80afffff,892664c1607ffff,675
892664c80afffff,892664c1a87ffff,3261
892664c80afffff,892664c1b47ffff,2371
892664c80afffff,892664c1ecfffff,5002
892664c80afffff,892664c81b7ffff,473
892664c80afffff,892664c8cabffff,412
892664c80afffff,892664c8d6bffff,138
892664c80afffff,892664ca0abffff,233
892664c80afffff,892664ca103ffff,476
892664c80afffff,892664ca3cfffff,42
892664c80afffff,892664ca58fffff,105
892664c80afffff,892664ca6b7ffff,334
892664c80afffff,892664ca913ffff,5139
892664c80afffff,892664caaafffff,793
892664c80afffff,892664cac3bffff,680
892664c80afffff,892664cae4fffff,548
892664c80afffff,892664cb057ffff,67
892664c80afffff,892664cb1a7ffff,539
892664c80afffff,892664cb387ffff,194
892664c80afffff,892664cb58fffff,398
892664c80afffff,892664cc217ffff,835
892664c80afffff,892664cc3b3ffff,818
892664c80afffff,892664cc46fffff,261
892664c80afffff,892664cc4dbffff,1011
892664c80afffff,892664cc563ffff,284
892664c80afffff,892664cc5d7ffff,288
892664c80afffff,892664cc847ffff,36
892664c80afffff,892664cc8b3ffff,171
892664c80afffff,892664ccb73ffff,252
892664c80afffff,892664ccc7bffff,44
892664c80afffff,892664ccd9bffff,152
892664c80afffff,892664cce7bffff,671
892664c80afffff,892664cd08bffff,30
892664c80afffff,892664cd1b3ffff,84
892664c80afffff,892664cd29bffff,25
892664c80afffff,892664cd3b3ffff,113
892664c80afffff,892664cd4cbffff,147
892664c80afffff,892664cd6cfffff,26
892664c80afffff,892664cd897ffff,144
892664c80afffff,892664cd973ffff,189
892664c80afffff,892664cdb0fffff,24
892664c80afffff,892664ce203ffff,653
892664c80afffff,892664ce35bffff,610
892664c80afffff,892664cea67ffff,579
892664c80afffff,892664cf017ffff,134
892664c80afffff,892664cf12bffff,1613
892664c80afffff,892664cf2bbffff,103
892664c80afffff,892664cf33bffff,223
892664c80afffff,892664cf507ffff,1860
892664c80afffff,892664cf553ffff,1236
892664c80afffff,892664cf617ffff,363
892664c80afffff,892664d88bbffff,352
892664c80afffff,892664d8973ffff,937
892664c80afffff,892664d8aa7ffff,166
892664c80afffff,892664d8ccfffff,196
892664c80afffff,892664d8e1bffff,274
892664c80afffff,892664d9857ffff,58
892664c80afffff,892664d9937ffff,115
892664c80afffff,892664d9993ffff,105
892664c80afffff,892664d9bcbffff,43
892664c80afffff,892759369bbffff,120
892664c80afffff,89275936d53ffff,13
892664c81b7ffff,89266419607ffff,106
892664c81b7ffff,892664520afffff,44
892664c81b7ffff,89266452c87ffff,11
892664c81b7ffff,89266452dabffff,8
892664c81b7ffff,89266456067ffff,57
892664c81b7ffff,89266456137ffff,17
892664c81b7ffff,892664562dbffff,33
892664c81b7ffff,89266456413ffff,100
892664c81b7ffff,892664c13d3ffff,175
892664c81b7ffff,892664c1607ffff,391
892664c81b7ffff,892664c1a87ffff,546
892664c81b7ffff,892664c1b47ffff,255
892664c81b7ffff,892664c1ecfffff,897
892664c81b7ffff,892664c80afffff,261
892664c81b7ffff,892664c8cabffff,164
892664c81b7ffff,892664c8d6bffff,40
892664c81b7ffff,892664ca0abffff,46
892664c81b7ffff,892664ca103ffff,74
892664c81b7ffff,892664ca3cfffff,13
892664c81b7ffff,892664ca58fffff,19
892664c81b7ffff,892664ca6b7ffff,100
892664c81b7ffff,892664ca913ffff,1063
892664c81b7ffff,892664caaafffff,205
892664c81b7ffff,892664cac3bffff,240
892664c81b7ffff,892664cae4fffff,82
892664c81b7ffff,892664cb057ffff,9
892664c81b7ffff,892664cb1a7ffff,54
892664c81b7ffff,892664cb387ffff,54
892664c81b7ffff,892664cb58fffff,56
892664c81b7ffff,892664cc217ffff,431
892664c81b7ffff,892664cc3b3ffff,434
892664c81b7ffff,892664cc46fffff,99
892664c81b7ffff,892664cc4dbffff,195
892664c81b7ffff,892664cc563ffff,76
892664c81b7ffff,892664cc5d7ffff,217
892664c81b7ffff,892664cc847ffff,27
892664c81b7ffff,892664cc8b3ffff,16
892664c81b7ffff,892664ccb73ffff,19
892664c81b7ffff,892664ccc7bffff,22
892664c81b7ffff,892664ccd9bffff,71
892664c81b7ffff,892664cce7bffff,165
892664c81b7ffff,892664cd08bffff,7
892664c81b7ffff,892664cd1b3ffff,58
892664c81b7ffff,892664cd29bffff,5
892664c81b7ffff,892664cd3b3ffff,153
892664c81b7ffff,892664cd4cbffff,45
892664c81b7ffff,892664cd6cfffff,19
892664c81b7ffff,892664cd897ffff,42
892664c81b7ffff,892664cd973ffff,46
892664c81b7ffff,892664ce203ffff,102
892664c81b7ffff,892664ce35bffff,289
892664c81b7ffff,892664cea67ffff,174
892664c81b7ffff,892664cf017ffff,16
892664c81b7ffff,892664cf12bffff,169
892664c81b7ffff,892664cf2bbffff,22
892664c81b7ffff,892664cf33bffff,49
892664c81b7ffff,892664cf507ffff,189
892664c81b7ffff,892664cf553ffff,112
892664c81b7ffff,892664cf617ffff,68
892664c81b7ffff,892664d88bbffff,131
892664c81b7ffff,892664d8973ffff,180
892664c81b7ffff,892664d8aa7ffff,47
892664c81b7ffff,892664d8ccfffff,25
892664c81b7ffff,892664d8e1bffff,34
892664c81b7ffff,892664d9937ffff,34
892664c81b7ffff,892664d9993ffff,7
892664c81b7ffff,892664d9bcbffff,36
892664c81b7ffff,892759369bbffff,11
892664c8b6fffff,892664c1ecfffff,13
892664c8b77ffff,89266452183ffff,17
892664c8cabffff,89266419157ffff,110
892664c8cabffff,89266419493ffff,54
892664c8cabffff,89266419607ffff,99
892664c8cabffff,892664520afffff,158
892664c8cabffff,89266452147ffff,25
892664c8cabffff,89266452c87ffff,535
892664c8cabffff,89266452dabffff,71
892664c8cabffff,89266456067ffff,308
892664c8cabffff,89266456137ffff,51
892664c8cabffff,892664562dbffff,53
892664c8cabffff,89266456413ffff,282
892664c8cabffff,892664c13d3ffff,629
892664c8cabffff,892664c1607ffff,853
892664c8cabffff,892664c1a87ffff,917
892664c8cabffff,892664c1b47ffff,416
892664c8cabffff,892664c1ecfffff,1442
892664c8cabffff,892664c80afffff,346
892664c8cabffff,892664c81b7ffff,117
892664c8cabffff,892664c8d6bffff,238
892664c8cabffff,892664ca0abffff,132
892664c8cabffff,892664ca103ffff,184
892664c8cabffff,892664ca3cfffff,17
892664c8cabffff,892664ca58fffff,80
892664c8cabffff,892664ca6b7ffff,357
892664c8cabffff,892664ca913ffff,1847
892664c8cabffff,892664caaafffff,358
892664c8cabffff,892664cac3bffff,424
892664c8cabffff,892664cae4fffff,153
892664c8cabffff,892664cb057ffff,18
892664c8cabffff,892664cb1a7ffff,59
892664c8cabffff,892664cb387ffff,25
892664c8cabffff,892664cb58fffff,60
892664c8cabffff,892664cc217ffff,556
892664c8cabffff,892664cc3b3ffff,763
892664c8cabffff,892664cc46fffff,120
892664c8cabffff,892664cc4dbffff,493
892664c8cabffff,892664cc563ffff,193
892664c8cabffff,892664cc5d7ffff,443
892664c8cabffff,892664cc847ffff,9
892664c8cabffff,892664cc8b3ffff,107
892664c8cabffff,892664ccb73ffff,269
892664c8cabffff,892664ccc7bffff,27
892664c8cabffff,892664ccd9bffff,97
892664c8cabffff,892664cce7bffff,400
892664c8cabffff,892664cd08bffff,19
892664c8cabffff,892664cd1b3ffff,103
892664c8cabffff,892664cd29bffff,49
892664c8cabffff,892664cd3b3ffff,91
892664c8cabffff,892664cd4cbffff,63
892664c8cabffff,892664cd6cfffff,101
892664c8cabffff,892664cd897ffff,101
892664c8cabffff,892664cd973ffff,103
892664c8cabffff,892664cdb0fffff,9
892664c8cabffff,892664ce203ffff,224
892664c8cabffff,892664ce35bffff,326
892664c8cabffff,892664cea67ffff,419
892664c8cabffff,892664cf017ffff,51
892664c8cabffff,892664cf12bffff,630
892664c8cabffff,892664cf2bbffff,84
892664c8cabffff,892664cf33bffff,96
892664c8cabffff,892664cf507ffff,531
892664c8cabffff,892664cf553ffff,397
892664c8cabffff,892664cf617ffff,206
892664c8cabffff,892664d88bbffff,181
892664c8cabffff,892664d8973ffff,530
892664c8cabffff,892664d8aa7ffff,54
892664c8cabffff,892664d8ccfffff,93
892664c8cabffff,892664d8e1bffff,107
892664c8cabffff,892664d9857ffff,36
892664c8cabffff,892664d9937ffff,124
892664c8cabffff,892664d9993ffff,31
892664c8cabffff,892664d9bcbffff,32
892664c8cabffff,892759369bbffff,23
892664c8d6bffff,89266419493ffff,83
892664c8d6bffff,89266419607ffff,96
892664c8d6bffff,892664520afffff,856
892664c8d6bffff,89266452147ffff,26
892664c8d6bffff,89266452c87ffff,40
892664c8d6bffff,89266452dabffff,42
892664c8d6bffff,89266456067ffff,171
892664c8d6bffff,89266456137ffff,12
892664c8d6bffff,892664562dbffff,31
892664c8d6bffff,89266456413ffff,82
892664c8d6bffff,89266457013ffff,6
892664c8d6bffff,892664c13d3ffff,369
892664c8d6bffff,892664c1607ffff,230
892664c8d6bffff,892664c1a87ffff,764
892664c8d6bffff,892664c1b47ffff,427
892664c8d6bffff,892664c1ecfffff,1162
892664c8d6bffff,892664c80afffff,101
892664c8d6bffff,892664c81b7ffff,27
892664c8d6bffff,892664c8cabffff,238
892664c8d6bffff,892664ca0abffff,80
892664c8d6bffff,892664ca103ffff,84
892664c8d6bffff,892664ca3cfffff,8
892664c8d6bffff,892664ca58fffff,36
892664c8d6bffff,892664ca6b7ffff,132
892664c8d6bffff,892664ca913ffff,868
892664c8d6bffff,892664caaafffff,75
892664c8d6bffff,892664cac3bffff,123
892664c8d6bffff,892664cae4fffff,68
892664c8d6bffff,892664cb057ffff,12
892664c8d6bffff,892664cb1a7ffff,42
892664c8d6bffff,892664cb387ffff,6
892664c8d6bffff,892664cb58fffff,19
892664c8d6bffff,892664cc217ffff,247
892664c8d6bffff,892664cc3b3ffff,610
892664c8d6bffff,892664cc46fffff,62
892664c8d6bffff,892664cc4dbffff,225
892664c8d6bffff,892664cc563ffff,176
892664c8d6bffff,892664cc5d7ffff,262
892664c8d6bffff,892664cc847ffff,7
892664c8d6bffff,892664cc8b3ffff,33
892664c8d6bffff,892664ccb73ffff,31
892664c8d6bffff,892664ccc7bffff,54
892664c8d6bffff,892664ccd9bffff,27
892664c8d6bffff,892664cce7bffff,588
892664c8d6bffff,892664cd08bffff,26
892664c8d6bffff,892664cd1b3ffff,45
892664c8d6bffff,892664cd29bffff,43
892664c8d6bffff,892664cd3b3ffff,65
892664c8d6bffff,892664cd4cbffff,121
892664c8d6bffff,892664cd6cfffff,42
892664c8d6bffff,892664cd897ffff,86
892664c8d6bffff,892664cd973ffff,31
892664c8d6bffff,892664cdb0fffff,9
892664c8d6bffff,892664ce203ffff,185
892664c8d6bffff,892664ce35bffff,206
892664c8d6bffff,892664cea67ffff,320
892664c8d6bffff,892664cf017ffff,66
892664c8d6bffff,892664cf12bffff,162
892664c8d6bffff,892664cf2bbffff,87
892664c8d6bffff,892664cf33bffff,104
892664c8d6bffff,892664cf507ffff,235
892664c8d6bffff,892664cf553ffff,101
892664c8d6bffff,892664cf617ffff,160
892664c8d6bffff,892664d88bbffff,178
892664c8d6bffff,892664d8973ffff,106
892664c8d6bffff,892664d8aa7ffff,28
892664c8d6bffff,892664d8ccfffff,41
892664c8d6bffff,892664d8e1bffff,20
892664c8d6bffff,892664d9857ffff,9
892664c8d6bffff,892664d9937ffff,24
892664c8d6bffff,892664d9993ffff,5
892664c8d6bffff,892664d9bcbffff,17
892664ca013ffff,892664c1a8bffff,13
892664ca013ffff,892664c1e0fffff,5
892664ca013ffff,892664c1e2fffff,7
892664ca0abffff,89266419607ffff,11
892664ca0abffff,892664520afffff,208
892664ca0abffff,89266452147ffff,10
892664ca0abffff,89266452c87ffff,8
892664ca0abffff,89266452dabffff,8
892664ca0abffff,89266456067ffff,20
892664ca0abffff,89266456137ffff,5
892664ca0abffff,892664562dbffff,26
892664ca0abffff,89266456413ffff,53
892664ca0abffff,892664c13d3ffff,1034
892664ca0abffff,892664c1607ffff,3151
892664ca0abffff,892664c1a87ffff,1897
892664ca0abffff,892664c1b47ffff,735
892664ca0abffff,892664c1ecfffff,3591
892664ca0abffff,892664c80afffff,151
892664ca0abffff,892664c81b7ffff,45
892664ca0abffff,892664c8cabffff,142
892664ca0abffff,892664c8d6bffff,100
892664ca0abffff,892664ca103ffff,1095
892664ca0abffff,892664ca3cfffff,100
892664ca0abffff,892664ca58fffff,852
892664ca0abffff,892664ca6b7ffff,1466
892664ca0abffff,892664ca913ffff,1901
892664ca0abffff,892664caaafffff,175
892664ca0abffff,892664cac3bffff,1022
892664ca0abffff,892664cae4fffff,237
892664ca0abffff,892664cb057ffff,119
892664ca0abffff,892664cb1a7ffff,324
892664ca0abffff,892664cb387ffff,25
892664ca0abffff,892664cb58fffff,522
892664ca0abffff,892664cc217ffff,727
892664ca0abffff,892664cc3b3ffff,293
892664ca0abffff,892664cc46fffff,149
892664ca0abffff,892664cc4dbffff,1130
892664ca0abffff,892664cc563ffff,168
892664ca0abffff,892664cc5d7ffff,729
892664ca0abffff,892664cc8b3ffff,9
892664ca0abffff,892664ccb73ffff,23
892664ca0abffff,892664ccc7bffff,7
892664ca0abffff,892664ccd9bffff,19
892664ca0abffff,892664cce7bffff,115
892664ca0abffff,892664cd08bffff,12
892664ca0abffff,892664cd1b3ffff,30
892664ca0abffff,892664cd29bffff,5
892664ca0abffff,892664cd3b3ffff,19
892664ca0abffff,892664cd4cbffff,42
892664ca0abffff,892664cd6cfffff,35
892664ca0abffff,892664cd897ffff,37
892664ca0abffff,892664cd973ffff,23
892664ca0abffff,892664ce203ffff,734
892664ca0abffff,892664ce35bffff,463
892664ca0abffff,892664cea67ffff,354
892664ca0abffff,892664cf017ffff,147
892664ca0abffff,892664cf12bffff,827
892664ca0abffff,892664cf2bbffff,118
892664ca0abffff,892664cf33bffff,105
892664ca0abffff,892664cf507ffff,823
892664ca0abffff,892664cf553ffff,459
892664ca0abffff,892664cf617ffff,129
892664ca0abffff,892664d88bbffff,574
892664ca0abffff,892664d8973ffff,885
892664ca0abffff,892664d8aa7ffff,406
892664ca0abffff,892664d8ccfffff,353
892664ca0abffff,892664d8e1bffff,543
892664ca0abffff,892664d9857ffff,114
892664ca0abffff,892664d9937ffff,612
892664ca0abffff,892664d9993ffff,247
892664ca0abffff,892664d9bcbffff,276
892664ca0abffff,892759369bbffff,409
892664ca0abffff,89275936d53ffff,12
892664ca103ffff,89266419607ffff,35
892664ca103ffff,892664520afffff,1057
892664ca103ffff,89266452147ffff,19
892664ca103ffff,89266452c87ffff,13
892664ca103ffff,89266452dabffff,27
892664ca103ffff,89266456067ffff,143
892664ca103ffff,89266456137ffff,22
892664ca103ffff,892664562dbffff,52
892664ca103ffff,89266456413ffff,225
892664ca103ffff,892664c13d3ffff,5828
892664ca103ffff,892664c1607ffff,9244
892664ca103ffff,892664c1a87ffff,5989
892664ca103ffff,892664c1b47ffff,1403
892664ca103ffff,892664c1ecfffff,14911
892664ca103ffff,892664c80afffff,462
892664ca103ffff,892664c81b7ffff,114
892664ca103ffff,892664c8cabffff,239
892664ca103ffff,892664c8d6bffff,166
892664ca103ffff,892664ca0abffff,1417
892664ca103ffff,892664ca3cfffff,217
892664ca103ffff,892664ca58fffff,1455
892664ca103ffff,892664ca6b7ffff,1543
892664ca103ffff,892664ca913ffff,6682
892664ca103ffff,892664caaafffff,193
892664ca103ffff,892664cac3bffff,4978
892664ca103ffff,892664cae4fffff,657
892664ca103ffff,892664cb057ffff,176
892664ca103ffff,892664cb1a7ffff,804
892664ca103ffff,892664cb387ffff,51
892664ca103ffff,892664cb58fffff,796
892664ca103ffff,892664cc217ffff,1578
892664ca103ffff,892664cc3b3ffff,1609
892664ca103ffff,892664cc46fffff,311
892664ca103ffff,892664cc4dbffff,679
892664ca103ffff,892664cc563ffff,519
892664ca103ffff,892664cc5d7ffff,869
892664ca103ffff,892664cc847ffff,27
892664ca103ffff,892664cc8b3ffff,29
892664ca103ffff,892664ccb73ffff,35
892664ca103ffff,892664ccc7bffff,56
892664ca103ffff,892664ccd9bffff,59
892664ca103ffff,892664cce7bffff,474
892664ca103ffff,892664cd08bffff,49
892664ca103ffff,892664cd1b3ffff,170
892664ca103ffff,892664cd29bffff,47
892664ca103ffff,892664cd3b3ffff,83
892664ca103ffff,892664cd4cbffff,78
892664ca103ffff,892664cd6cfffff,55
892664ca103ffff,892664cd897ffff,192
892664ca103ffff,892664cd973ffff,119
892664ca103ffff,892664ce203ffff,288
892664ca103ffff,892664ce35bffff,936
892664ca103ffff,892664cea67ffff,460
892664ca103ffff,892664cf017ffff,104
892664ca103ffff,892664cf12bffff,509
892664ca103ffff,892664cf2bbffff,221
892664ca103ffff,892664cf33bffff,225
892664ca103ffff,892664cf507ffff,551
892664ca103ffff,892664cf553ffff,355
892664ca103ffff,892664cf617ffff,381
892664ca103ffff,892664d88bbffff,1713
892664ca103ffff,892664d8973ffff,2293
892664ca103ffff,892664d8aa7ffff,1067
892664ca103ffff,892664d8ccfffff,1057
892664ca103ffff,892664d8e1bffff,1512
892664ca103ffff,892664d9857ffff,184
892664ca103ffff,892664d9937ffff,580
892664ca103ffff,892664d9993ffff,283
892664ca103ffff,892664d9bcbffff,411
892664ca103ffff,892759369bbffff,882
892664ca103ffff,89275936d53ffff,61
892664ca3cfffff,892664520afffff,33
892664ca3cfffff,89266452c87ffff,6
892664ca3cfffff,89266456413ffff,6
892664ca3cfffff,892664c13d3ffff,115
892664ca3cfffff,892664c1607ffff,232
892664ca3cfffff,892664c1a87ffff,136
892664ca3cfffff,892664c1b47ffff,137
892664ca3cfffff,892664c1ecfffff,343
892664ca3cfffff,892664c80afffff,29
892664ca3cfffff,892664c81b7ffff,9
892664ca3cfffff,892664c8cabffff,11
892664ca3cfffff,892664c8d6bffff,7
892664ca3cfffff,892664ca0abffff,69
892664ca3cfffff,892664ca103ffff,173
892664ca3cfffff,892664ca58fffff,21
892664ca3cfffff,892664ca6b7ffff,103
892664ca3cfffff,892664ca913ffff,250
892664ca3cfffff,892664caaafffff,9
892664ca3cfffff,892664cac3bffff,100
892664ca3cfffff,892664cae4fffff,51
892664ca3cfffff,892664cb057ffff,9
892664ca3cfffff,892664cb1a7ffff,112
892664ca3cfffff,892664cb387ffff,7
892664ca3cfffff,892664cb58fffff,53
892664ca3cfffff,892664cc217ffff,12
892664ca3cfffff,892664cc3b3ffff,17
892664ca3cfffff,892664cc46fffff,13
892664ca3cfffff,892664cc4dbffff,19
892664ca3cfffff,892664cc563ffff,33
892664ca3cfffff,892664cc5d7ffff,10
892664ca3cfffff,892664cce7bffff,7
892664ca3cfffff,892664cd897ffff,8
892664ca3cfffff,892664cd973ffff,15
892664ca3cfffff,892664ce203ffff,24
892664ca3cfffff,892664ce35bffff,10
892664ca3cfffff,892664cea67ffff,19
892664ca3cfffff,892664cf017ffff,5
892664ca3cfffff,892664cf12bffff,39
892664ca3cfffff,892664cf507ffff,64
892664ca3cfffff,892664cf553ffff,34
892664ca3cfffff,892664cf617ffff,14
892664ca3cfffff,892664d88bbffff,81
892664ca3cfffff,892664d8973ffff,124
892664ca3cfffff,892664d8aa7ffff,56
892664ca3cfffff,892664d8ccfffff,75
892664ca3cfffff,892664d8e1bffff,105
892664ca3cfffff,892664d9857ffff,10
892664ca3cfffff,892664d9937ffff,56
892664ca3cfffff,892664d9993ffff,28
892664ca3cfffff,892664d9bcbffff,24
892664ca3cfffff,892759369bbffff,16
892664ca58fffff,892664520afffff,795
892664ca58fffff,89266452147ffff,7
892664ca58fffff,89266452dabffff,18
892664ca58fffff,89266456067ffff,5
892664ca58fffff,892664562dbffff,15
892664ca58fffff,89266456413ffff,24
892664ca58fffff,892664c13d3ffff,2980
892664ca58fffff,892664c1607ffff,7488
892664ca58fffff,892664c1a87ffff,3751
892664ca58fffff,892664c1b47ffff,694
892664ca58fffff,892664c1ecfffff,7602
892664ca58fffff,892664c80afffff,157
892664ca58fffff,892664c81b7ffff,28
892664ca58fffff,892664c8cabffff,106
892664ca58fffff,892664c8d6bffff,53
892664ca58fffff,892664ca0abffff,1363
892664ca58fffff,892664ca103ffff,1882
892664ca58fffff,892664ca3cfffff,48
892664ca58fffff,892664ca6b7ffff,2099
892664ca58fffff,892664ca913ffff,3234
892664ca58fffff,892664caaafffff,192
892664ca58fffff,892664cac3bffff,1335
892664ca58fffff,892664cae4fffff,497
892664ca58fffff,892664cb057ffff,250
892664ca58fffff,892664cb1a7ffff,261
892664ca58fffff,892664cb387ffff,34
892664ca58fffff,892664cb58fffff,598
892664ca58fffff,892664cc217ffff,97
892664ca58fffff,892664cc3b3ffff,80
892664ca58fffff,892664cc46fffff,21
892664ca58fffff,892664cc4dbffff,141
892664ca58fffff,892664cc563ffff,42
892664ca58fffff,892664cc5d7ffff,180
892664ca58fffff,892664ccc7bffff,8
892664ca58fffff,892664ccd9bffff,27
892664ca58fffff,892664cce7bffff,34
892664ca58fffff,892664cd08bffff,13
892664ca58fffff,892664cd1b3ffff,31
892664ca58fffff,892664cd3b3ffff,89
892664ca58fffff,892664cd4cbffff,15
892664ca58fffff,892664cd6cfffff,11
892664ca58fffff,892664cd897ffff,76
892664ca58fffff,892664cd973ffff,95
892664ca58fffff,892664cdb0fffff,9
892664ca58fffff,892664ce203ffff,223
892664ca58fffff,892664ce35bffff,165
892664ca58fffff,892664cea67ffff,74
892664ca58fffff,892664cf017ffff,44
892664ca58fffff,892664cf12bffff,126
892664ca58fffff,892664cf2bbffff,30
892664ca58fffff,892664cf33bffff,28
892664ca58fffff,892664cf507ffff,521
892664ca58fffff,892664cf553ffff,155
892664ca58fffff,892664cf617ffff,169
892664ca58fffff,892664d88bbffff,1423
892664ca58fffff,892664d8973ffff,2843
892664ca58fffff,892664d8aa7ffff,2041
892664ca58fffff,892664d8ccfffff,708
892664ca58fffff,892664d8e1bffff,1225
892664ca58fffff,892664d9857ffff,105
892664ca58fffff,892664d9937ffff,713
892664ca58fffff,892664d9993ffff,212
892664ca58fffff,892664d9bcbffff,300
892664ca58fffff,892759369bbffff,429
892664ca58fffff,89275936d53ffff,31
892664ca63bffff,892664c1a63ffff,11
892664ca63bffff,892664c1a8bffff,17
892664ca63bffff,892664c1aa7ffff,8
892664ca63bffff,892664c1acfffff,11
892664ca63bffff,892664c1adbffff,6
892664ca63bffff,892664c1b0bffff,22
892664ca63bffff,892664c1b6fffff,17
892664ca63bffff,892664c1e0fffff,10
892664ca63bffff,892664c1e13ffff,5
892664ca63bffff,892664c1e2fffff,11
892664ca63bffff,892664c1e4fffff,9
892664ca63bffff,892664c1e73ffff,8
892664ca63bffff,892664c1eabffff,23
892664ca63bffff,892664ca943ffff,21
892664ca63bffff,892664cad77ffff,6
892664ca63bffff,89275934cdbffff,8
892664ca673ffff,892664c1a8bffff,6
892664ca673ffff,892664c1b0bffff,6
892664ca673ffff,892664c1b6fffff,6
892664ca6b7ffff,89266419607ffff,9
892664ca6b7ffff,892664520afffff,259
892664ca6b7ffff,89266452147ffff,8
892664ca6b7ffff,89266452dabffff,18
892664ca6b7ffff,89266456067ffff,13
892664ca6b7ffff,892664562dbffff,33
892664ca6b7ffff,89266456413ffff,59
892664ca6b7ffff,89266457013ffff,9
892664ca6b7ffff,892664c13d3ffff,1552
892664ca6b7ffff,892664c1607ffff,4321
892664ca6b7ffff,892664c1a87ffff,3406
892664ca6b7ffff,892664c1b47ffff,2120
892664ca6b7ffff,892664c1ecfffff,5994
892664ca6b7ffff,892664c80afffff,313
892664ca6b7ffff,892664c81b7ffff,129
892664ca6b7ffff,892664c8cabffff,257
892664ca6b7ffff,892664c8d6bffff,137
892664ca6b7ffff,892664ca0abffff,1393
892664ca6b7ffff,892664ca103ffff,1322
892664ca6b7ffff,892664ca3cfffff,137
892664ca6b7ffff,892664ca58fffff,1949
892664ca6b7ffff,892664ca913ffff,4091
892664ca6b7ffff,892664caaafffff,1074
892664ca6b7ffff,892664cac3bffff,1342
892664ca6b7ffff,892664cae4fffff,426
892664ca6b7ffff,892664cb057ffff,263
892664ca6b7ffff,892664cb1a7ffff,585
892664ca6b7ffff,892664cb387ffff,78
892664ca6b7ffff,892664cb58fffff,1460
892664ca6b7ffff,892664cc217ffff,279
892664ca6b7ffff,892664cc3b3ffff,216
892664ca6b7ffff,892664cc46fffff,158
892664ca6b7ffff,892664cc4dbffff,812
892664ca6b7ffff,892664cc563ffff,123
892664ca6b7ffff,892664cc5d7ffff,261
892664ca6b7ffff,892664cc847ffff,6
892664ca6b7ffff,892664cc8b3ffff,20
892664ca6b7ffff,892664ccb73ffff,42
892664ca6b7ffff,892664ccc7bffff,8
892664ca6b7ffff,892664ccd9bffff,25
892664ca6b7ffff,892664cce7bffff,145
892664ca6b7ffff,892664cd08bffff,8
892664ca6b7ffff,892664cd1b3ffff,106
892664ca6b7ffff,892664cd29bffff,13
892664ca6b7ffff,892664cd3b3ffff,30
892664ca6b7ffff,892664cd4cbffff,68
892664ca6b7ffff,892664cd6cfffff,33
892664ca6b7ffff,892664cd897ffff,62
892664ca6b7ffff,892664cd973ffff,42
892664ca6b7ffff,892664cdb0fffff,20
892664ca6b7ffff,892664ce203ffff,430
892664ca6b7ffff,892664ce35bffff,415
892664ca6b7ffff,892664cea67ffff,287
892664ca6b7ffff,892664cf017ffff,479
892664ca6b7ffff,892664cf12bffff,1160
892664ca6b7ffff,892664cf2bbffff,175
892664ca6b7ffff,892664cf33bffff,115
892664ca6b7ffff,892664cf507ffff,1508
892664ca6b7ffff,892664cf553ffff,1700
892664ca6b7ffff,892664cf617ffff,566
892664ca6b7ffff,892664d88bbffff,2494
892664ca6b7ffff,892664d8973ffff,3010
892664ca6b7ffff,892664d8aa7ffff,1790
892664ca6b7ffff,892664d8ccfffff,1719
892664ca6b7ffff,892664d8e1bffff,2352
892664ca6b7ffff,892664d9857ffff,321
892664ca6b7ffff,892664d9937ffff,1798
892664ca6b7ffff,892664d9993ffff,571
892664ca6b7ffff,892664d9bcbffff,822
892664ca6b7ffff,892759369bbffff,1225
892664ca6b7ffff,89275936d53ffff,63
892664ca807ffff,892664c1a8bffff,5
892664ca807ffff,892664c1e0fffff,9
892664ca807ffff,892664c1e2fffff,7
892664ca807ffff,892664c1e33ffff,5
892664ca807ffff,892664ca943ffff,13
892664ca82fffff,892664c1a8bffff,12
892664ca82fffff,892664c1b0bffff,14
892664ca82fffff,892664c1e2fffff,8
892664ca82fffff,892664c1e8fffff,6
892664ca82fffff,892664ca943ffff,11
892664ca82fffff,892664cad77ffff,5
892664ca913ffff,89266419157ffff,308
892664ca913ffff,89266419493ffff,318
892664ca913ffff,89266419607ffff,1456
892664ca913ffff,892664520afffff,9950
892664ca913ffff,89266452147ffff,1191
892664ca913ffff,89266452c87ffff,736
892664ca913ffff,89266452dabffff,1266
892664ca913ffff,89266456067ffff,2133
892664ca913ffff,89266456137ffff,550
892664ca913ffff,892664562dbffff,2070
892664ca913ffff,89266456413ffff,10722
892664ca913ffff,89266457013ffff,82
892664ca913ffff,892664c13d3ffff,48371
892664ca913ffff,892664c1607ffff,57093
892664ca913ffff,892664c1a07ffff,8
892664ca913ffff,892664c1a87ffff,79738
892664ca913ffff,892664c1a8bffff,21
892664ca913ffff,892664c1ab3ffff,6
892664ca913ffff,892664c1acfffff,25
892664ca913ffff,892664c1adbffff,10
892664ca913ffff,892664c1b0bffff,10
892664ca913ffff,892664c1b47ffff,23802
892664ca913ffff,892664c1e0fffff,11
892664ca913ffff,892664c1e2fffff,19
892664ca913ffff,892664c1e33ffff,5
892664ca913ffff,892664c1e4fffff,12
892664ca913ffff,892664c1e73ffff,6
892664ca913ffff,892664c1e8fffff,7
892664ca913ffff,892664c1eabffff,8
892664ca913ffff,892664c1ecfffff,176211
892664ca913ffff,892664c80afffff,8333
892664ca913ffff,892664c81b7ffff,2233
892664ca913ffff,892664c8cabffff,4658
892664ca913ffff,892664c8d6bffff,2449
892664ca913ffff,892664ca0abffff,4546
892664ca913ffff,892664ca103ffff,17033
892664ca913ffff,892664ca3cfffff,890
892664ca913ffff,892664ca58fffff,7496
892664ca913ffff,892664ca6b7ffff,6701
892664ca913ffff,892664caaafffff,5135
892664ca913ffff,892664cac3bffff,57025
892664ca913ffff,892664cad77ffff,5
892664ca913ffff,892664cae4fffff,4158
892664ca913ffff,892664cb057ffff,1086
892664ca913ffff,892664cb1a7ffff,3358
892664ca913ffff,892664cb387ffff,543
892664ca913ffff,892664cb58fffff,3589
892664ca913ffff,892664cc217ffff,6142
892664ca913ffff,892664cc3b3ffff,11698
892664ca913ffff,892664cc46fffff,2809
892664ca913ffff,892664cc4dbffff,11435
892664ca913ffff,892664cc563ffff,7635
892664ca913ffff,892664cc5d7ffff,17767
892664ca913ffff,892664cc847ffff,1473
892664ca913ffff,892664cc8b3ffff,2303
892664ca913ffff,892664ccb73ffff,1764
892664ca913ffff,892664ccc7bffff,2611
892664ca913ffff,892664ccd9bffff,5181
892664ca913ffff,892664cce7bffff,19670
892664ca913ffff,892664cd08bffff,943
892664ca913ffff,892664cd1b3ffff,3360
892664ca913ffff,892664cd29bffff,559
892664ca913ffff,892664cd3b3ffff,4382
892664ca913ffff,892664cd4cbffff,1987
892664ca913ffff,892664cd6cfffff,598
892664ca913ffff,892664cd897ffff,7813
892664ca913ffff,892664cd973ffff,5254
892664ca913ffff,892664cdb0fffff,630
892664ca913ffff,892664ce203ffff,3640
892664ca913ffff,892664ce35bffff,9652
892664ca913ffff,892664cea67ffff,20154
892664ca913ffff,892664cf017ffff,4866
892664ca913ffff,892664cf12bffff,2667
892664ca913ffff,892664cf2bbffff,1846
892664ca913ffff,892664cf33bffff,2788
892664ca913ffff,892664cf507ffff,13165
892664ca913ffff,892664cf553ffff,8186
892664ca913ffff,892664cf617ffff,11736
892664ca913ffff,892664d88bbffff,18376
892664ca913ffff,892664d8973ffff,22229
892664ca913ffff,892664d8aa7ffff,5700
892664ca913ffff,892664d8ccfffff,7894
892664ca913ffff,892664d8e1bffff,5535
892664ca913ffff,892664d9857ffff,2280
892664ca913ffff,892664d9937ffff,3743
892664ca913ffff,892664d9993ffff,1561
892664ca913ffff,892664d9bcbffff,2338
892664ca913ffff,892759369bbffff,5567
892664ca913ffff,89275936d53ffff,228
892664ca937ffff,892664c1a8bffff,6
892664ca943ffff,89266452183ffff,140
892664ca943ffff,89266456253ffff,5
892664ca943ffff,89266456293ffff,5
892664ca943ffff,892664c1007ffff,21
892664ca943ffff,892664c100bffff,8
892664ca943ffff,892664c101bffff,35
892664ca943ffff,892664c102fffff,53
892664ca943ffff,892664c1047ffff,18
892664ca943ffff,892664c1057ffff,10
892664ca943ffff,892664c105bffff,16
892664ca943ffff,892664c106fffff,16
892664ca943ffff,892664c108fffff,13
892664ca943ffff,892664c10d3ffff,24
892664ca943ffff,892664c10d7ffff,37
892664ca943ffff,892664c10dbffff,5
892664ca943ffff,892664c114fffff,64
892664ca943ffff,892664c116fffff,181
892664ca943ffff,892664c1233ffff,11
892664ca943ffff,892664c124bffff,5
892664ca943ffff,892664c1257ffff,5
892664ca943ffff,892664c1313ffff,5
892664ca943ffff,892664c1327ffff,35
892664ca943ffff,892664c1333ffff,26
892664ca943ffff,892664c1377ffff,120
892664ca943ffff,892664c13afffff,39
892664ca943ffff,892664c13b7ffff,82
892664ca943ffff,892664c13cfffff,7
892664ca943ffff,892664c144bffff,18
892664ca943ffff,892664c144fffff,65
892664ca943ffff,892664c168fffff,17
892664ca943ffff,892664c1693ffff,41
892664ca943ffff,892664c16bbffff,5
892664ca943ffff,892664c1a07ffff,444
892664ca943ffff,892664c1a63ffff,589
892664ca943ffff,892664c1a8bffff,2265
892664ca943ffff,892664c1aa7ffff,490
892664ca943ffff,892664c1ab3ffff,422
892664ca943ffff,892664c1acfffff,2559
892664ca943ffff,892664c1adbffff,832
892664ca943ffff,892664c1b0bffff,1934
892664ca943ffff,892664c1b6fffff,155
892664ca943ffff,892664c1e0fffff,767
892664ca943ffff,892664c1e13ffff,400
892664ca943ffff,892664c1e2fffff,1705
892664ca943ffff,892664c1e33ffff,791
892664ca943ffff,892664c1e4fffff,415
892664ca943ffff,892664c1e73ffff,322
892664ca943ffff,892664c1e8fffff,318
892664ca943ffff,892664c1ea7ffff,341
892664ca943ffff,892664c1eabffff,586
892664ca943ffff,892664c1ec7ffff,85
892664ca943ffff,892664c1ecfffff,396
892664ca943ffff,892664c1ed3ffff,97
892664ca943ffff,892664c1ed7ffff,345
892664ca943ffff,892664ca63bffff,11
892664ca943ffff,892664ca807ffff,18
892664ca943ffff,892664ca82fffff,14
892664ca943ffff,892664ca913ffff,17
892664ca943ffff,892664ca963ffff,54
892664ca943ffff,892664ca993ffff,271
892664ca943ffff,892664ca9c3ffff,161
892664ca943ffff,892664cac03ffff,9
892664ca943ffff,892664cad17ffff,14
892664ca943ffff,892664cad77ffff,420
892664ca943ffff,892664cad8bffff,28
892664ca943ffff,892664cc1afffff,14
892664ca943ffff,892664cc1b7ffff,7
892664ca943ffff,892664cc2a3ffff,20
892664ca943ffff,892664cc337ffff,9
892664ca943ffff,892664cc48bffff,5
892664ca943ffff,892664cc48fffff,5
892664ca943ffff,892664cc4c3ffff,6
892664ca943ffff,892664cc527ffff,21
892664ca943ffff,892664cc553ffff,34
892664ca943ffff,892664cc58fffff,222
892664ca943ffff,892664cc62fffff,9
892664ca943ffff,892664cc687ffff,11
892664ca943ffff,892664cc8a3ffff,9
892664ca943ffff,892664cc953ffff,11
892664ca943ffff,892664cca5bffff,11
892664ca943ffff,892664ccb67ffff,9
892664ca943ffff,892664ccc07ffff,16
892664ca943ffff,892664ccc83ffff,6
892664ca943ffff,892664ccccfffff,17
892664ca943ffff,892664cce4fffff,5
892664ca943ffff,892664cceb7ffff,10
892664ca943ffff,892664cddbbffff,479
892664ca943ffff,892664ce207ffff,30
892664ca943ffff,892664ce227ffff,8
892664ca943ffff,892664ce24fffff,43
892664ca943ffff,892664ce2c7ffff,5
892664ca943ffff,892664ce347ffff,162
892664ca943ffff,892664ce367ffff,14
892664ca943ffff,892664ce36fffff,20
892664ca943ffff,892664ce377ffff,7
892664ca943ffff,892664cea4fffff,9
892664ca943ffff,892664ceb1bffff,18
892664ca943ffff,892664cf10fffff,13
892664ca943ffff,892664cf193ffff,12
892664ca943ffff,892664cf1bbffff,31
892664ca943ffff,892664cf213ffff,11
892664ca943ffff,892664cf497ffff,29
892664ca943ffff,892664cf4afffff,29
892664ca943ffff,892664cf513ffff,29
892664ca943ffff,892664cf53bffff,7
892664ca943ffff,892664cf587ffff,9
892664ca943ffff,892664cf5afffff,46
892664ca943ffff,892664d888fffff,20
892664ca943ffff,892664d8893ffff,5
892664ca943ffff,892664d88b3ffff,8
892664ca943ffff,892664d88dbffff,6
892664ca943ffff,892664d8903ffff,18
892664ca943ffff,892664d8913ffff,56
892664ca943ffff,892664d8923ffff,125
892664ca943ffff,892664d894fffff,7
892664ca943ffff,892664d896fffff,55
892664ca943ffff,892664d8977ffff,13
892664ca943ffff,892664d89cfffff,80
892664ca943ffff,892664d8a37ffff,5
892664ca943ffff,892664d8aabffff,12
892664ca943ffff,892664d8b77ffff,10
892664ca943ffff,892664d8c3bffff,6
892664ca943ffff,892664d8d5bffff,13
892664ca943ffff,892664d8d6fffff,97
892664ca943ffff,892664d8d7bffff,14
892664ca943ffff,892664d8e77ffff,7
892664ca943ffff,89275934cdbffff,26
892664ca943ffff,8927593697bffff,10
892664ca963ffff,892664c1617ffff,12
892664ca963ffff,892664c1a07ffff,6
892664ca963ffff,892664c1a63ffff,15
892664ca963ffff,892664c1a8bffff,23
892664ca963ffff,892664c1aa7ffff,15
892664ca963ffff,892664c1ab3ffff,5
892664ca963ffff,892664c1acfffff,20
892664ca963ffff,892664c1adbffff,7
892664ca963ffff,892664c1b0bffff,36
892664ca963ffff,892664c1e0fffff,19
892664ca963ffff,892664c1e13ffff,6
892664ca963ffff,892664c1e2fffff,25
892664ca963ffff,892664c1e33ffff,23
892664ca963ffff,892664c1e73ffff,7
892664ca963ffff,892664c1eabffff,34
892664ca963ffff,892664ca943ffff,23
892664ca963ffff,892664ca993ffff,8
892664ca963ffff,892664cad77ffff,23
892664ca963ffff,892664cddbbffff,10
892664ca993ffff,89266452183ffff,175
892664ca993ffff,892664c1007ffff,15
892664ca993ffff,892664c101bffff,6
892664ca993ffff,892664c102fffff,43
892664ca993ffff,892664c1047ffff,8
892664ca993ffff,892664c104fffff,8
892664ca993ffff,892664c105bffff,6
892664ca993ffff,892664c106fffff,13
892664ca993ffff,892664c10d3ffff,15
892664ca993ffff,892664c10d7ffff,8
892664ca993ffff,892664c10dbffff,9
892664ca993ffff,892664c114fffff,78
892664ca993ffff,892664c116fffff,84
892664ca993ffff,892664c1233ffff,9
892664ca993ffff,892664c1313ffff,5
892664ca993ffff,892664c1327ffff,27
892664ca993ffff,892664c1333ffff,7
892664ca993ffff,892664c1377ffff,57
892664ca993ffff,892664c13afffff,95
892664ca993ffff,892664c13b7ffff,18
892664ca993ffff,892664c13cfffff,15
892664ca993ffff,892664c144bffff,8
892664ca993ffff,892664c144fffff,17
892664ca993ffff,892664c1617ffff,16
892664ca993ffff,892664c1633ffff,16
892664ca993ffff,892664c1693ffff,6
892664ca993ffff,892664c16abffff,27
892664ca993ffff,892664c16bbffff,5
892664ca993ffff,892664c1a07ffff,223
892664ca993ffff,892664c1a63ffff,150
892664ca993ffff,892664c1a8bffff,2830
892664ca993ffff,892664c1aa7ffff,175
892664ca993ffff,892664c1ab3ffff,373
892664ca993ffff,892664c1acfffff,827
892664ca993ffff,892664c1adbffff,515
892664ca993ffff,892664c1b0bffff,469
892664ca993ffff,892664c1b6fffff,54
892664ca993ffff,892664c1e0fffff,839
892664ca993ffff,892664c1e13ffff,392
892664ca993ffff,892664c1e2fffff,1345
892664ca993ffff,892664c1e33ffff,672
892664ca993ffff,892664c1e4fffff,791
892664ca993ffff,892664c1e73ffff,732
892664ca993ffff,892664c1e8fffff,219
892664ca993ffff,892664c1ea7ffff,252
892664ca993ffff,892664c1eabffff,593
892664ca993ffff,892664c1ec7ffff,136
892664ca993ffff,892664c1ecfffff,140
892664ca993ffff,892664c1ed3ffff,81
892664ca993ffff,892664c1ed7ffff,77
892664ca993ffff,892664ca943ffff,105
892664ca993ffff,892664ca963ffff,11
892664ca993ffff,892664ca9bbffff,6
892664ca993ffff,892664ca9c3ffff,136
892664ca993ffff,892664cac03ffff,22
892664ca993ffff,892664cac17ffff,8
892664ca993ffff,892664cad17ffff,65
892664ca993ffff,892664cad77ffff,704
892664ca993ffff,892664cad8bffff,75
892664ca993ffff,892664cc553ffff,10
892664ca993ffff,892664cc58fffff,7
892664ca993ffff,892664cddbbffff,12
892664ca993ffff,892664cf497ffff,5
892664ca993ffff,892664cf4afffff,31
892664ca993ffff,892664d8923ffff,15
892664ca993ffff,89275934cdbffff,13
892664ca9bbffff,892664c1a8bffff,17
892664ca9bbffff,892664c1acfffff,8
892664ca9bbffff,892664c1adbffff,7
892664ca9bbffff,892664c1e0fffff,6
892664ca9bbffff,892664c1e2fffff,8
892664ca9bbffff,892664c1e33ffff,7
892664ca9bbffff,892664c1e4fffff,5
892664ca9bbffff,892664c1e73ffff,5
892664ca9bbffff,892664cad77ffff,9
892664ca9c3ffff,89266452183ffff,13
892664ca9c3ffff,892664c1007ffff,9
892664ca9c3ffff,892664c10d3ffff,5
892664ca9c3ffff,892664c10d7ffff,7
892664ca9c3ffff,892664c114fffff,35
892664ca9c3ffff,892664c116fffff,45
892664ca9c3ffff,892664c1327ffff,10
892664ca9c3ffff,892664c1377ffff,13
892664ca9c3ffff,892664c13afffff,20
892664ca9c3ffff,892664c13b7ffff,7
892664ca9c3ffff,892664c1a07ffff,35
892664ca9c3ffff,892664c1a63ffff,39
892664ca9c3ffff,892664c1a8bffff,510
892664ca9c3ffff,892664c1aa7ffff,112
892664ca9c3ffff,892664c1ab3ffff,107
892664ca9c3ffff,892664c1acfffff,327
892664ca9c3ffff,892664c1adbffff,159
892664ca9c3ffff,892664c1b0bffff,218
892664ca9c3ffff,892664c1b6fffff,24
892664ca9c3ffff,892664c1e0fffff,404
892664ca9c3ffff,892664c1e13ffff,127
892664ca9c3ffff,892664c1e2fffff,540
892664ca9c3ffff,892664c1e33ffff,300
892664ca9c3ffff,892664c1e4fffff,212
892664ca9c3ffff,892664c1e73ffff,207
892664ca9c3ffff,892664c1e8fffff,82
892664ca9c3ffff,892664c1ea7ffff,37
892664ca9c3ffff,892664c1eabffff,135
892664ca9c3ffff,892664c1ec7ffff,42
892664ca9c3ffff,892664c1ecfffff,56
892664ca9c3ffff,892664c1ed3ffff,26
892664ca9c3ffff,892664c1ed7ffff,43
892664ca9c3ffff,892664ca943ffff,72
892664ca9c3ffff,892664ca993ffff,99
892664ca9c3ffff,892664cac03ffff,7
892664ca9c3ffff,892664cad17ffff,10
892664ca9c3ffff,892664cad77ffff,307
892664ca9c3ffff,892664cad8bffff,14
892664ca9c3ffff,892664cddbbffff,13
892664ca9c3ffff,892664ce347ffff,7
892664ca9c3ffff,892664cf023ffff,5
892664ca9c3ffff,892664d8923ffff,12
892664ca9c3ffff,892664d8d6fffff,6
892664ca9c3ffff,89275934cdbffff,11
892664caaafffff,89266419493ffff,46
892664caaafffff,89266419607ffff,40
892664caaafffff,892664520afffff,147
892664caaafffff,89266452147ffff,15
892664caaafffff,89266452c87ffff,43
892664caaafffff,89266452dabffff,31
892664caaafffff,89266456067ffff,96
892664caaafffff,89266456137ffff,9
892664caaafffff,892664562dbffff,37
892664caaafffff,89266456413ffff,129
892664caaafffff,892664c13d3ffff,238
892664caaafffff,892664c1607ffff,563
892664caaafffff,892664c1a87ffff,1257
892664caaafffff,892664c1b47ffff,445
892664caaafffff,892664c1ecfffff,1555
892664caaafffff,892664c80afffff,542
892664caaafffff,892664c81b7ffff,149
892664caaafffff,892664c8cabffff,320
892664caaafffff,892664c8d6bffff,108
892664caaafffff,892664ca0abffff,90
892664caaafffff,892664ca103ffff,164
892664caaafffff,892664ca3cfffff,10
892664caaafffff,892664ca58fffff,128
892664caaafffff,892664ca6b7ffff,249
892664caaafffff,892664ca913ffff,2218
892664caaafffff,892664cac3bffff,285
892664caaafffff,892664cae4fffff,271
892664caaafffff,892664cb057ffff,73
892664caaafffff,892664cb1a7ffff,144
892664caaafffff,892664cb387ffff,41
892664caaafffff,892664cb58fffff,107
892664caaafffff,892664cc217ffff,442
892664caaafffff,892664cc3b3ffff,1110
892664caaafffff,892664cc46fffff,151
892664caaafffff,892664cc4dbffff,332
892664caaafffff,892664cc563ffff,383
892664caaafffff,892664cc5d7ffff,886
892664caaafffff,892664cc847ffff,18
892664caaafffff,892664cc8b3ffff,44
892664caaafffff,892664ccb73ffff,33
892664caaafffff,892664ccc7bffff,24
892664caaafffff,892664ccd9bffff,193
892664caaafffff,892664cce7bffff,692
892664caaafffff,892664cd08bffff,9
892664caaafffff,892664cd1b3ffff,87
892664caaafffff,892664cd29bffff,14
892664caaafffff,892664cd3b3ffff,67
892664caaafffff,892664cd4cbffff,26
892664caaafffff,892664cd6cfffff,24
892664caaafffff,892664cd897ffff,261
892664caaafffff,892664cd973ffff,67
892664caaafffff,892664cdb0fffff,13
892664caaafffff,892664ce203ffff,133
892664caaafffff,892664ce35bffff,329
892664caaafffff,892664cea67ffff,371
892664caaafffff,892664cf017ffff,40
892664caaafffff,892664cf12bffff,142
892664caaafffff,892664cf2bbffff,37
892664caaafffff,892664cf33bffff,139
892664caaafffff,892664cf507ffff,247
892664caaafffff,892664cf553ffff,142
892664caaafffff,892664cf617ffff,127
892664caaafffff,892664d88bbffff,491
892664caaafffff,892664d8973ffff,655
892664caaafffff,892664d8aa7ffff,66
892664caaafffff,892664d8ccfffff,116
892664caaafffff,892664d8e1bffff,102
892664caaafffff,892664d9857ffff,48
892664caaafffff,892664d9937ffff,197
892664caaafffff,892664d9993ffff,33
892664caaafffff,892664d9bcbffff,52
892664caaafffff,892759369bbffff,27
892664cab63ffff,892664c1b0bffff,8
892664cab63ffff,892664c1e0fffff,7
892664cab63ffff,892664c1e2fffff,6
892664cac03ffff,892664c102fffff,5
892664cac03ffff,892664c114fffff,12
892664cac03ffff,892664c116fffff,14
892664cac03ffff,892664c13afffff,14
892664cac03ffff,892664c13b7ffff,6
892664cac03ffff,892664c1a8bffff,32
892664cac03ffff,892664c1ab3ffff,5
892664cac03ffff,892664c1acfffff,15
892664cac03ffff,892664c1adbffff,21
892664cac03ffff,892664c1b0bffff,21
892664cac03ffff,892664c1e0fffff,34
892664cac03ffff,892664c1e13ffff,9
892664cac03ffff,892664c1e2fffff,38
892664cac03ffff,892664c1e33ffff,26
892664cac03ffff,892664c1e4fffff,37
892664cac03ffff,892664c1e73ffff,38
892664cac03ffff,892664c1e8fffff,13
892664cac03ffff,892664c1ea7ffff,5
892664cac03ffff,892664c1eabffff,5
892664cac03ffff,892664c1ec7ffff,5
892664cac03ffff,892664c1ecfffff,8
892664cac03ffff,892664c1ed3ffff,12
892664cac03ffff,892664c1ed7ffff,5
892664cac03ffff,892664ca993ffff,5
892664cac03ffff,892664cad17ffff,5
892664cac03ffff,892664cad77ffff,31
892664cac17ffff,892664c1a8bffff,5
892664cac17ffff,892664c1aa7ffff,5
892664cac17ffff,892664c1adbffff,8
892664cac17ffff,892664c1e0fffff,12
892664cac17ffff,892664c1e13ffff,11
892664cac17ffff,892664c1e2fffff,7
892664cac17ffff,892664c1e33ffff,13
892664cac17ffff,892664c1e4fffff,12
892664cac17ffff,892664c1e73ffff,10
892664cac17ffff,892664c1e8fffff,7
892664cac17ffff,892664c1ed3ffff,8
892664cac17ffff,892664cad77ffff,10
892664cac2bffff,892664c1e2fffff,6
892664cac2bffff,892664c1e4fffff,7
892664cac37ffff,892664c1a8bffff,10
892664cac37ffff,892664c1adbffff,6
892664cac37ffff,892664c1e4fffff,7
892664cac37ffff,892664cad77ffff,10
892664cac3bffff,89266419157ffff,8
892664cac3bffff,89266419493ffff,15
892664cac3bffff,89266419607ffff,126
892664cac3bffff,892664520afffff,3420
892664cac3bffff,89266452147ffff,88
892664cac3bffff,89266452c87ffff,52
892664cac3bffff,89266452dabffff,94
892664cac3bffff,89266456067ffff,367
892664cac3bffff,89266456137ffff,27
892664cac3bffff,892664562dbffff,105
892664cac3bffff,89266456413ffff,903
892664cac3bffff,89266457013ffff,7
892664cac3bffff,892664c13d3ffff,12335
892664cac3bffff,892664c1607ffff,14712
892664cac3bffff,892664c1a87ffff,23403
892664cac3bffff,892664c1b47ffff,3479
892664cac3bffff,892664c1ecfffff,60538
892664cac3bffff,892664c80afffff,1454
892664cac3bffff,892664c81b7ffff,413
892664cac3bffff,892664c8cabffff,492
892664cac3bffff,892664c8d6bffff,255
892664cac3bffff,892664ca0abffff,1705
892664cac3bffff,892664ca103ffff,6826
892664cac3bffff,892664ca3cfffff,239
892664cac3bffff,892664ca58fffff,1872
892664cac3bffff,892664ca6b7ffff,2164
892664cac3bffff,892664ca913ffff,24833
892664cac3bffff,892664caaafffff,562
892664cac3bffff,892664cae4fffff,1861
892664cac3bffff,892664cb057ffff,1514
892664cac3bffff,892664cb1a7ffff,704
892664cac3bffff,892664cb387ffff,73
892664cac3bffff,892664cb58fffff,1003
892664cac3bffff,892664cc217ffff,1134
892664cac3bffff,892664cc3b3ffff,2449
892664cac3bffff,892664cc46fffff,304
892664cac3bffff,892664cc4dbffff,1350
892664cac3bffff,892664cc563ffff,823
892664cac3bffff,892664cc5d7ffff,1289
892664cac3bffff,892664cc847ffff,90
892664cac3bffff,892664cc8b3ffff,114
892664cac3bffff,892664ccb73ffff,169
892664cac3bffff,892664ccc7bffff,127
892664cac3bffff,892664ccd9bffff,293
892664cac3bffff,892664cce7bffff,2389
892664cac3bffff,892664cd08bffff,77
892664cac3bffff,892664cd1b3ffff,581
892664cac3bffff,892664cd29bffff,81
892664cac3bffff,892664cd3b3ffff,248
892664cac3bffff,892664cd4cbffff,171
892664cac3bffff,892664cd6cfffff,106
892664cac3bffff,892664cd897ffff,559
892664cac3bffff,892664cd973ffff,280
892664cac3bffff,892664cdb0fffff,33
892664cac3bffff,892664ce203ffff,320
892664cac3bffff,892664ce35bffff,724
892664cac3bffff,892664cea67ffff,1639
892664cac3bffff,892664cf017ffff,397
892664cac3bffff,892664cf12bffff,470
892664cac3bffff,892664cf2bbffff,354
892664cac3bffff,892664cf33bffff,342
892664cac3bffff,892664cf507ffff,930
892664cac3bffff,892664cf553ffff,701
892664cac3bffff,892664cf617ffff,1322
892664cac3bffff,892664d88bbffff,2869
892664cac3bffff,892664d8973ffff,4223
892664cac3bffff,892664d8aa7ffff,1626
892664cac3bffff,892664d8ccfffff,1525
892664cac3bffff,892664d8e1bffff,2192
892664cac3bffff,892664d9857ffff,371
892664cac3bffff,892664d9937ffff,1074
892664cac3bffff,892664d9993ffff,451
892664cac3bffff,892664d9bcbffff,696
892664cac3bffff,892759369bbffff,2438
892664cac3bffff,89275936d53ffff,236
892664caca3ffff,892664cad77ffff,6
892664cad17ffff,89266452183ffff,10
892664cad17ffff,892664c1007ffff,6
892664cad17ffff,892664c102fffff,5
892664cad17ffff,892664c106fffff,7
892664cad17ffff,892664c114fffff,18
892664cad17ffff,892664c116fffff,24
892664cad17ffff,892664c1327ffff,7
892664cad17ffff,892664c1377ffff,9
892664cad17ffff,892664c13afffff,24
892664cad17ffff,892664c13b7ffff,11
892664cad17ffff,892664c144fffff,5
892664cad17ffff,892664c1a07ffff,17
892664cad17ffff,892664c1a8bffff,130
892664cad17ffff,892664c1aa7ffff,19
892664cad17ffff,892664c1ab3ffff,28
892664cad17ffff,892664c1acfffff,66
892664cad17ffff,892664c1adbffff,54
892664cad17ffff,892664c1b0bffff,34
892664cad17ffff,892664c1e0fffff,139
892664cad17ffff,892664c1e13ffff,60
892664cad17ffff,892664c1e2fffff,128
892664cad17ffff,892664c1e33ffff,92
892664cad17ffff,892664c1e4fffff,89
892664cad17ffff,892664c1e73ffff,110
892664cad17ffff,892664c1e8fffff,41
892664cad17ffff,892664c1ea7ffff,37
892664cad17ffff,892664c1eabffff,44
892664cad17ffff,892664c1ec7ffff,21
892664cad17ffff,892664c1ecfffff,23
892664cad17ffff,892664c1ed3ffff,13
892664cad17ffff,892664c1ed7ffff,11
892664cad17ffff,892664ca993ffff,28
892664cad17ffff,892664ca9c3ffff,14
892664cad17ffff,892664cad77ffff,102
892664cad17ffff,892664cad8bffff,18
892664cad17ffff,89275934cdbffff,5
892664cad1bffff,892664c1a8bffff,9
892664cad43ffff,892664c1adbffff,5
892664cad77ffff,89266452183ffff,578
892664cad77ffff,892664c1007ffff,226
892664cad77ffff,892664c100bffff,38
892664cad77ffff,892664c101bffff,143
892664cad77ffff,892664c102fffff,406
892664cad77ffff,892664c1047ffff,149
892664cad77ffff,892664c104fffff,71
892664cad77ffff,892664c1057ffff,43
892664cad77ffff,892664c105bffff,62
892664cad77ffff,892664c1067ffff,77
892664cad77ffff,892664c106fffff,132
892664cad77ffff,892664c1077ffff,7
892664cad77ffff,892664c108fffff,9
892664cad77ffff,892664c10cbffff,22
892664cad77ffff,892664c10d3ffff,174
892664cad77ffff,892664c10d7ffff,165
892664cad77ffff,892664c10dbffff,111
892664cad77ffff,892664c114fffff,1203
892664cad77ffff,892664c116fffff,1515
892664cad77ffff,892664c1217ffff,17
892664cad77ffff,892664c1233ffff,51
892664cad77ffff,892664c124bffff,11
892664cad77ffff,892664c1257ffff,7
892664cad77ffff,892664c1267ffff,21
892664cad77ffff,892664c126bffff,21
892664cad77ffff,892664c1293ffff,23
892664cad77ffff,892664c129bffff,10
892664cad77ffff,892664c12b3ffff,27
892664cad77ffff,892664c12bbffff,19
892664cad77ffff,892664c12d7ffff,5
892664cad77ffff,892664c12dbffff,6
892664cad77ffff,892664c1313ffff,35
892664cad77ffff,892664c1327ffff,201
892664cad77ffff,892664c1333ffff,52
892664cad77ffff,892664c1377ffff,339
892664cad77ffff,892664c1383ffff,8
892664cad77ffff,892664c13afffff,1082
892664cad77ffff,892664c13b7ffff,333
892664cad77ffff,892664c13bbffff,7
892664cad77ffff,892664c13cfffff,121
892664cad77ffff,892664c13d3ffff,29
892664cad77ffff,892664c13dbffff,14
892664cad77ffff,892664c144bffff,37
892664cad77ffff,892664c144fffff,149
892664cad77ffff,892664c1617ffff,40
892664cad77ffff,892664c162fffff,37
892664cad77ffff,892664c1633ffff,76
892664cad77ffff,892664c163bffff,40
892664cad77ffff,892664c1643ffff,5
892664cad77ffff,892664c1657ffff,19
892664cad77ffff,892664c167bffff,8
892664cad77ffff,892664c168fffff,13
892664cad77ffff,892664c1693ffff,45
892664cad77ffff,892664c16a3ffff,5
892664cad77ffff,892664c16abffff,96
892664cad77ffff,892664c16bbffff,37
892664cad77ffff,892664c16dbffff,6
892664cad77ffff,892664c1a07ffff,1156
892664cad77ffff,892664c1a63ffff,303
892664cad77ffff,892664c1a8bffff,8018
892664cad77ffff,892664c1aa7ffff,1390
892664cad77ffff,892664c1ab3ffff,1538
892664cad77ffff,892664c1acfffff,3755
892664cad77ffff,892664c1adbffff,2930
892664cad77ffff,892664c1b0bffff,3838
892664cad77ffff,892664c1b6fffff,287
892664cad77ffff,892664c1e0fffff,7473
892664cad77ffff,892664c1e13ffff,2980
892664cad77ffff,892664c1e2fffff,9786
892664cad77ffff,892664c1e33ffff,4715
892664cad77ffff,892664c1e4fffff,5645
892664cad77ffff,892664c1e5bffff,12
892664cad77ffff,892664c1e73ffff,5150
892664cad77ffff,892664c1e8fffff,2301
892664cad77ffff,892664c1ea7ffff,1798
892664cad77ffff,892664c1eabffff,1665
892664cad77ffff,892664c1ec7ffff,1324
892664cad77ffff,892664c1ecfffff,1451
892664cad77ffff,892664c1ed3ffff,869
892664cad77ffff,892664c1ed7ffff,981
892664cad77ffff,892664ca1a3ffff,5
892664cad77ffff,892664ca807ffff,22
892664cad77ffff,892664ca82fffff,8
892664cad77ffff,892664ca897ffff,5
892664cad77ffff,892664ca913ffff,6
892664cad77ffff,892664ca943ffff,193
892664cad77ffff,892664ca963ffff,22
892664cad77ffff,892664ca993ffff,918
892664cad77ffff,892664ca9bbffff,23
892664cad77ffff,892664ca9c3ffff,768
892664cad77ffff,892664cab63ffff,12
892664cad77ffff,892664cac03ffff,165
892664cad77ffff,892664cac17ffff,35
892664cad77ffff,892664cac2bffff,38
892664cad77ffff,892664cac37ffff,39
892664cad77ffff,892664cac63ffff,5
892664cad77ffff,892664cac67ffff,15
892664cad77ffff,892664cac83ffff,7
892664cad77ffff,892664cac8bffff,7
892664cad77ffff,892664cac9bffff,9
892664cad77ffff,892664caca3ffff,17
892664cad77ffff,892664caccfffff,21
892664cad77ffff,892664cad17ffff,303
892664cad77ffff,892664cad1bffff,20
892664cad77ffff,892664cad43ffff,5
892664cad77ffff,892664cad57ffff,10
892664cad77ffff,892664cad8bffff,398
892664cad77ffff,892664caddbffff,27
892664cad77ffff,892664cc58fffff,20
892664cad77ffff,892664ccccfffff,8
892664cad77ffff,892664cddbbffff,37
892664cad77ffff,892664ce347ffff,9
892664cad77ffff,892664cf1d7ffff,6
892664cad77ffff,892664cf44bffff,9
892664cad77ffff,892664cf497ffff,41
892664cad77ffff,892664cf4afffff,35
892664cad77ffff,892664cf57bffff,9
892664cad77ffff,892664cf5afffff,7
892664cad77ffff,892664cf6afffff,5
892664cad77ffff,892664d8833ffff,9
892664cad77ffff,892664d888fffff,22
892664cad77ffff,892664d8913ffff,16
892664cad77ffff,892664d8923ffff,88
892664cad77ffff,892664d894fffff,8
892664cad77ffff,892664d895bffff,5
892664cad77ffff,892664d896fffff,19
892664cad77ffff,892664d8977ffff,8
892664cad77ffff,892664d89cfffff,10
892664cad77ffff,892664d8b77ffff,10
892664cad77ffff,892664d8b93ffff,5
892664cad77ffff,892664d8b9bffff,5
892664cad77ffff,892664d8d6fffff,11
892664cad77ffff,892664d8d7bffff,6
892664cad77ffff,89275934cdbffff,58
892664cad8bffff,89266452183ffff,16
892664cad8bffff,892664c1007ffff,6
892664cad8bffff,892664c101bffff,6
892664cad8bffff,892664c102fffff,19
892664cad8bffff,892664c10d3ffff,13
892664cad8bffff,892664c10d7ffff,11
892664cad8bffff,892664c114fffff,34
892664cad8bffff,892664c116fffff,44
892664cad8bffff,892664c1313ffff,5
892664cad8bffff,892664c1327ffff,13
892664cad8bffff,892664c1377ffff,21
892664cad8bffff,892664c13afffff,45
892664cad8bffff,892664c13b7ffff,10
892664cad8bffff,892664c144fffff,7
892664cad8bffff,892664c1693ffff,5
892664cad8bffff,892664c16abffff,8
892664cad8bffff,892664c1a07ffff,29
892664cad8bffff,892664c1a63ffff,7
892664cad8bffff,892664c1a8bffff,165
892664cad8bffff,892664c1aa7ffff,28
892664cad8bffff,892664c1ab3ffff,29
892664cad8bffff,892664c1acfffff,73
892664cad8bffff,892664c1adbffff,88
892664cad8bffff,892664c1b0bffff,83
892664cad8bffff,892664c1e0fffff,212
892664cad8bffff,892664c1e13ffff,117
892664cad8bffff,892664c1e2fffff,187
892664cad8bffff,892664c1e33ffff,137
892664cad8bffff,892664c1e4fffff,155
892664cad8bffff,892664c1e73ffff,150
892664cad8bffff,892664c1e8fffff,63
892664cad8bffff,892664c1ea7ffff,57
892664cad8bffff,892664c1eabffff,90
892664cad8bffff,892664c1ec7ffff,55
892664cad8bffff,892664c1ecfffff,53
892664cad8bffff,892664c1ed3ffff,49
892664cad8bffff,892664c1ed7ffff,30
892664cad8bffff,892664ca943ffff,7
892664cad8bffff,892664ca993ffff,38
892664cad8bffff,892664ca9c3ffff,11
892664cad8bffff,892664cac03ffff,7
892664cad8bffff,892664cad17ffff,15
892664cad8bffff,892664cad77ffff,144
892664cad8bffff,892664d8923ffff,5
892664cad8bffff,89275934cdbffff,29
892664caddbffff,892664c1a8bffff,8
892664caddbffff,892664c1e0fffff,5
892664caddbffff,892664c1e2fffff,10
892664caddbffff,892664cad77ffff,5
892664cae4fffff,89266419493ffff,5
892664cae4fffff,89266419607ffff,23
892664cae4fffff,892664520afffff,216
892664cae4fffff,89266452147ffff,9
892664cae4fffff,89266452c87ffff,21
892664cae4fffff,89266452dabffff,27
892664cae4fffff,89266456067ffff,134
892664cae4fffff,89266456137ffff,16
892664cae4fffff,892664562dbffff,55
892664cae4fffff,89266456413ffff,107
892664cae4fffff,892664c13d3ffff,339
892664cae4fffff,892664c1607ffff,685
892664cae4fffff,892664c1a87ffff,639
892664cae4fffff,892664c1b47ffff,366
892664cae4fffff,892664c1ecfffff,2535
892664cae4fffff,892664c80afffff,496
892664cae4fffff,892664c81b7ffff,69
892664cae4fffff,892664c8cabffff,192
892664cae4fffff,892664c8d6bffff,52
892664cae4fffff,892664ca0abffff,176
892664cae4fffff,892664ca103ffff,433
892664cae4fffff,892664ca3cfffff,68
892664cae4fffff,892664ca58fffff,450
892664cae4fffff,892664ca6b7ffff,297
892664cae4fffff,892664ca913ffff,2014
892664cae4fffff,892664caaafffff,312
892664cae4fffff,892664cac3bffff,911
892664cae4fffff,892664cb057ffff,68
892664cae4fffff,892664cb1a7ffff,275
892664cae4fffff,892664cb387ffff,50
892664cae4fffff,892664cb58fffff,105
892664cae4fffff,892664cc217ffff,397
892664cae4fffff,892664cc3b3ffff,210
892664cae4fffff,892664cc46fffff,62
892664cae4fffff,892664cc4dbffff,225
892664cae4fffff,892664cc563ffff,88
892664cae4fffff,892664cc5d7ffff,101
892664cae4fffff,892664cc847ffff,6
892664cae4fffff,892664cc8b3ffff,112
892664cae4fffff,892664ccb73ffff,39
892664cae4fffff,892664ccc7bffff,15
892664cae4fffff,892664ccd9bffff,58
892664cae4fffff,892664cce7bffff,141
892664cae4fffff,892664cd08bffff,16
892664cae4fffff,892664cd1b3ffff,51
892664cae4fffff,892664cd29bffff,9
892664cae4fffff,892664cd3b3ffff,37
892664cae4fffff,892664cd4cbffff,21
892664cae4fffff,892664cd6cfffff,8
892664cae4fffff,892664cd897ffff,155
892664cae4fffff,892664cd973ffff,61
892664cae4fffff,892664cdb0fffff,14
892664cae4fffff,892664ce203ffff,127
892664cae4fffff,892664ce35bffff,412
892664cae4fffff,892664cea67ffff,142
892664cae4fffff,892664cf017ffff,42
892664cae4fffff,892664cf12bffff,192
892664cae4fffff,892664cf2bbffff,40
892664cae4fffff,892664cf33bffff,59
892664cae4fffff,892664cf507ffff,247
892664cae4fffff,892664cf553ffff,129
892664cae4fffff,892664cf617ffff,112
892664cae4fffff,892664d88bbffff,352
892664cae4fffff,892664d8973ffff,501
892664cae4fffff,892664d8aa7ffff,251
892664cae4fffff,892664d8ccfffff,123
892664cae4fffff,892664d8e1bffff,478
892664cae4fffff,892664d9857ffff,26
892664cae4fffff,892664d9937ffff,140
892664cae4fffff,892664d9993ffff,85
892664cae4fffff,892664d9bcbffff,56
892664cae4fffff,892759369bbffff,130
892664cb057ffff,892664520afffff,40
892664cb057ffff,892664562dbffff,8
892664cb057ffff,89266456413ffff,13
892664cb057ffff,892664c13d3ffff,147
892664cb057ffff,892664c1607ffff,467
892664cb057ffff,892664c1a87ffff,130
892664cb057ffff,892664c1b47ffff,13
892664cb057ffff,892664c1ecfffff,469
892664cb057ffff,892664c80afffff,92
892664cb057ffff,892664c81b7ffff,14
892664cb057ffff,892664c8cabffff,11
892664cb057ffff,892664c8d6bffff,7
892664cb057ffff,892664ca0abffff,72
892664cb057ffff,892664ca103ffff,164
892664cb057ffff,892664ca3cfffff,9
892664cb057ffff,892664ca58fffff,53
892664cb057ffff,892664ca6b7ffff,198
892664cb057ffff,892664ca913ffff,913
892664cb057ffff,892664caaafffff,72
892664cb057ffff,892664cac3bffff,471
892664cb057ffff,892664cae4fffff,52
892664cb057ffff,892664cb1a7ffff,125
892664cb057ffff,892664cb387ffff,37
892664cb057ffff,892664cb58fffff,302
892664cb057ffff,892664cc217ffff,46
892664cb057ffff,892664cc3b3ffff,13
892664cb057ffff,892664cc4dbffff,8
892664cb057ffff,892664cc563ffff,21
892664cb057ffff,892664cc5d7ffff,19
892664cb057ffff,892664ccb73ffff,12
892664cb057ffff,892664cce7bffff,9
892664cb057ffff,892664cd1b3ffff,18
892664cb057ffff,892664cd973ffff,6
892664cb057ffff,892664ce35bffff,13
892664cb057ffff,892664cea67ffff,41
892664cb057ffff,892664cf017ffff,5
892664cb057ffff,892664cf12bffff,15
892664cb057ffff,892664cf507ffff,12
892664cb057ffff,892664cf553ffff,104
892664cb057ffff,892664cf617ffff,24
892664cb057ffff,892664d88bbffff,146
892664cb057ffff,892664d8973ffff,95
892664cb057ffff,892664d8aa7ffff,465
892664cb057ffff,892664d8ccfffff,59
892664cb057ffff,892664d8e1bffff,319
892664cb057ffff,892664d9857ffff,44
892664cb057ffff,892664d9937ffff,78
892664cb057ffff,892664d9993ffff,92
892664cb057ffff,892664d9bcbffff,92
892664cb057ffff,892759369bbffff,311
892664cb057ffff,89275936d53ffff,9
892664cb1a7ffff,89266419607ffff,16
892664cb1a7ffff,892664520afffff,131
892664cb1a7ffff,89266452147ffff,398
892664cb1a7ffff,89266452dabffff,25
892664cb1a7ffff,89266456067ffff,14
892664cb1a7ffff,892664562dbffff,159
892664cb1a7ffff,89266456413ffff,70
892664cb1a7ffff,892664c13d3ffff,341
892664cb1a7ffff,892664c1607ffff,860
892664cb1a7ffff,892664c1a87ffff,1324
892664cb1a7ffff,892664c1b47ffff,151
892664cb1a7ffff,892664c1ecfffff,1765
892664cb1a7ffff,892664c80afffff,461
892664cb1a7ffff,892664c81b7ffff,52
892664cb1a7ffff,892664c8cabffff,25
892664cb1a7ffff,892664c8d6bffff,38
892664cb1a7ffff,892664ca0abffff,174
892664cb1a7ffff,892664ca103ffff,517
892664cb1a7ffff,892664ca3cfffff,112
892664cb1a7ffff,892664ca58fffff,162
892664cb1a7ffff,892664ca6b7ffff,303
892664cb1a7ffff,892664ca913ffff,3087
892664cb1a7ffff,892664caaafffff,85
892664cb1a7ffff,892664cac3bffff,416
892664cb1a7ffff,892664cae4fffff,166
892664cb1a7ffff,892664cb057ffff,106
892664cb1a7ffff,892664cb387ffff,142
892664cb1a7ffff,892664cb58fffff,437
892664cb1a7ffff,892664cc217ffff,51
892664cb1a7ffff,892664cc3b3ffff,62
892664cb1a7ffff,892664cc46fffff,8
892664cb1a7ffff,892664cc4dbffff,45
892664cb1a7ffff,892664cc563ffff,20
892664cb1a7ffff,892664cc5d7ffff,50
892664cb1a7ffff,892664ccb73ffff,166
892664cb1a7ffff,892664ccd9bffff,16
892664cb1a7ffff,892664cce7bffff,60
892664cb1a7ffff,892664cd08bffff,9
892664cb1a7ffff,892664cd1b3ffff,29
892664cb1a7ffff,892664cd29bffff,10
892664cb1a7ffff,892664cd3b3ffff,53
892664cb1a7ffff,892664cd4cbffff,24
892664cb1a7ffff,892664cd897ffff,35
892664cb1a7ffff,892664cd973ffff,18
892664cb1a7ffff,892664ce203ffff,23
892664cb1a7ffff,892664ce35bffff,18
892664cb1a7ffff,892664cea67ffff,40
892664cb1a7ffff,892664cf017ffff,15
892664cb1a7ffff,892664cf12bffff,66
892664cb1a7ffff,892664cf2bbffff,20
892664cb1a7ffff,892664cf33bffff,8
892664cb1a7ffff,892664cf507ffff,100
892664cb1a7ffff,892664cf553ffff,103
892664cb1a7ffff,892664cf617ffff,75
892664cb1a7ffff,892664d88bbffff,354
892664cb1a7ffff,892664d8973ffff,433
892664cb1a7ffff,892664d8aa7ffff,172
892664cb1a7ffff,892664d8ccfffff,215
892664cb1a7ffff,892664d8e1bffff,297
892664cb1a7ffff,892664d9857ffff,51
892664cb1a7ffff,892664d9937ffff,420
892664cb1a7ffff,892664d9993ffff,93
892664cb1a7ffff,892664d9bcbffff,95
892664cb1a7ffff,892759369bbffff,177
892664cb1a7ffff,89275936d53ffff,10
892664cb387ffff,892664520afffff,25
892664cb387ffff,89266452147ffff,8
892664cb387ffff,89266452dabffff,8
892664cb387ffff,89266456067ffff,6
892664cb387ffff,89266456413ffff,8
892664cb387ffff,892664c13d3ffff,81
892664cb387ffff,892664c1607ffff,71
892664cb387ffff,892664c1a87ffff,74
892664cb387ffff,892664c1b47ffff,10
892664cb387ffff,892664c1ecfffff,82
892664cb387ffff,892664c80afffff,163
892664cb387ffff,892664c81b7ffff,35
892664cb387ffff,892664c8cabffff,22
892664cb387ffff,892664c8d6bffff,6
892664cb387ffff,892664ca0abffff,9
892664cb387ffff,892664ca103ffff,38
892664cb387ffff,892664ca3cfffff,7
892664cb387ffff,892664ca58fffff,12
892664cb387ffff,892664ca6b7ffff,46
892664cb387ffff,892664ca913ffff,583
892664cb387ffff,892664caaafffff,37
892664cb387ffff,892664cac3bffff,44
892664cb387ffff,892664cae4fffff,34
892664cb387ffff,892664cb057ffff,60
892664cb387ffff,892664cb1a7ffff,113
892664cb387ffff,892664cb58fffff,40
892664cb387ffff,892664cc217ffff,9
892664cb387ffff,892664cc3b3ffff,80
892664cb387ffff,892664cc5d7ffff,8
892664cb387ffff,892664cc847ffff,8
892664cb387ffff,892664cc8b3ffff,9
892664cb387ffff,892664cce7bffff,20
892664cb387ffff,892664cd1b3ffff,22
892664cb387ffff,892664cd897ffff,13
892664cb387ffff,892664cd973ffff,6
892664cb387ffff,892664ce203ffff,6
892664cb387ffff,892664cea67ffff,27
892664cb387ffff,892664cf12bffff,17
892664cb387ffff,892664cf507ffff,14
892664cb387ffff,892664cf553ffff,20
892664cb387ffff,892664cf617ffff,22
892664cb387ffff,892664d88bbffff,14
892664cb387ffff,892664d8973ffff,95
892664cb387ffff,892664d8aa7ffff,21
892664cb387ffff,892664d8ccfffff,11
892664cb387ffff,892664d8e1bffff,32
892664cb387ffff,892664d9857ffff,5
892664cb387ffff,892664d9937ffff,27
892664cb387ffff,892664d9993ffff,11
892664cb387ffff,892759369bbffff,38
892664cb58fffff,89266419607ffff,6
892664cb58fffff,892664520afffff,155
892664cb58fffff,89266452147ffff,8
892664cb58fffff,89266452c87ffff,8
892664cb58fffff,89266452dabffff,7
892664cb58fffff,89266456067ffff,10
892664cb58fffff,892664562dbffff,20
892664cb58fffff,89266456413ffff,26
892664cb58fffff,892664c13d3ffff,597
892664cb58fffff,892664c1607ffff,1379
892664cb58fffff,892664c1a87ffff,1579
892664cb58fffff,892664c1b47ffff,949
892664cb58fffff,892664c1ecfffff,2879
892664cb58fffff,892664c80afffff,313
892664cb58fffff,892664c81b7ffff,244
892664cb58fffff,892664c8cabffff,39
892664cb58fffff,892664c8d6bffff,30
892664cb58fffff,892664ca0abffff,350
892664cb58fffff,892664ca103ffff,535
892664cb58fffff,892664ca3cfffff,47
892664cb58fffff,892664ca58fffff,333
892664cb58fffff,892664ca6b7ffff,1262
892664cb58fffff,892664ca913ffff,2519
892664cb58fffff,892664caaafffff,171
892664cb58fffff,892664cac3bffff,549
892664cb58fffff,892664cae4fffff,176
892664cb58fffff,892664cb057ffff,401
892664cb58fffff,892664cb1a7ffff,554
892664cb58fffff,892664cb387ffff,61
892664cb58fffff,892664cc217ffff,57
892664cb58fffff,892664cc3b3ffff,73
892664cb58fffff,892664cc46fffff,13
892664cb58fffff,892664cc4dbffff,170
892664cb58fffff,892664cc563ffff,95
892664cb58fffff,892664cc5d7ffff,81
892664cb58fffff,892664cc8b3ffff,13
892664cb58fffff,892664ccb73ffff,23
892664cb58fffff,892664ccd9bffff,15
892664cb58fffff,892664cce7bffff,42
892664cb58fffff,892664cd08bffff,9
892664cb58fffff,892664cd1b3ffff,9
892664cb58fffff,892664cd3b3ffff,7
892664cb58fffff,892664cd4cbffff,10
892664cb58fffff,892664cd6cfffff,9
892664cb58fffff,892664cd897ffff,193
892664cb58fffff,892664cd973ffff,53
892664cb58fffff,892664cdb0fffff,11
892664cb58fffff,892664ce203ffff,65
892664cb58fffff,892664ce35bffff,95
892664cb58fffff,892664cea67ffff,191
892664cb58fffff,892664cf017ffff,52
892664cb58fffff,892664cf12bffff,90
892664cb58fffff,892664cf2bbffff,48
892664cb58fffff,892664cf33bffff,17
892664cb58fffff,892664cf507ffff,557
892664cb58fffff,892664cf553ffff,978
892664cb58fffff,892664cf617ffff,198
892664cb58fffff,892664d88bbffff,783
892664cb58fffff,892664d8973ffff,1083
892664cb58fffff,892664d8aa7ffff,550
892664cb58fffff,892664d8ccfffff,608
892664cb58fffff,892664d8e1bffff,725
892664cb58fffff,892664d9857ffff,129
892664cb58fffff,892664d9937ffff,606
892664cb58fffff,892664d9993ffff,228
892664cb58fffff,892664d9bcbffff,577
892664cb58fffff,892759369bbffff,748
892664cb58fffff,89275936d53ffff,43
892664cc1afffff,892664ca943ffff,7
892664cc217ffff,89266419157ffff,147
892664cc217ffff,89266419493ffff,241
892664cc217ffff,89266419607ffff,972
892664cc217ffff,892664520afffff,430
892664cc217ffff,89266452147ffff,25
892664cc217ffff,89266452c87ffff,108
892664cc217ffff,89266452dabffff,548
892664cc217ffff,89266456067ffff,3070
892664cc217ffff,89266456137ffff,1545
892664cc217ffff,892664562dbffff,1273
892664cc217ffff,89266456413ffff,1808
892664cc217ffff,89266457013ffff,58
892664cc217ffff,892664c13d3ffff,861
892664cc217ffff,892664c1607ffff,1120
892664cc217ffff,892664c1a87ffff,3012
892664cc217ffff,892664c1b47ffff,1958
892664cc217ffff,892664c1ecfffff,5938
892664cc217ffff,892664c80afffff,316
892664cc217ffff,892664c81b7ffff,207
892664cc217ffff,892664c8cabffff,449
892664cc217ffff,892664c8d6bffff,336
892664cc217ffff,892664ca0abffff,436
892664cc217ffff,892664ca103ffff,963
892664cc217ffff,892664ca3cfffff,5
892664cc217ffff,892664ca58fffff,38
892664cc217ffff,892664ca6b7ffff,298
892664cc217ffff,892664ca913ffff,4273
892664cc217ffff,892664caaafffff,529
892664cc217ffff,892664cac3bffff,1075
892664cc217ffff,892664cae4fffff,301
892664cc217ffff,892664cb057ffff,23
892664cc217ffff,892664cb1a7ffff,17
892664cc217ffff,892664cb58fffff,55
892664cc217ffff,892664cc3b3ffff,1346
892664cc217ffff,892664cc46fffff,454
892664cc217ffff,892664cc4dbffff,1406
892664cc217ffff,892664cc563ffff,770
892664cc217ffff,892664cc5d7ffff,946
892664cc217ffff,892664cc847ffff,115
892664cc217ffff,892664cc8b3ffff,445
892664cc217ffff,892664ccb73ffff,1046
892664cc217ffff,892664ccc7bffff,258
892664cc217ffff,892664ccd9bffff,768
892664cc217ffff,892664cce7bffff,1739
892664cc217ffff,892664cd08bffff,101
892664cc217ffff,892664cd1b3ffff,639
892664cc217ffff,892664cd29bffff,67
892664cc217ffff,892664cd3b3ffff,400
892664cc217ffff,892664cd4cbffff,99
892664cc217ffff,892664cd6cfffff,181
892664cc217ffff,892664cd897ffff,855
892664cc217ffff,892664cd973ffff,992
892664cc217ffff,892664cdb0fffff,368
892664cc217ffff,892664ce203ffff,387
892664cc217ffff,892664ce35bffff,989
892664cc217ffff,892664cea67ffff,1598
892664cc217ffff,892664cf017ffff,177
892664cc217ffff,892664cf12bffff,444
892664cc217ffff,892664cf2bbffff,317
892664cc217ffff,892664cf33bffff,584
892664cc217ffff,892664cf507ffff,1473
892664cc217ffff,892664cf553ffff,361
892664cc217ffff,892664cf617ffff,302
892664cc217ffff,892664d88bbffff,281
892664cc217ffff,892664d8973ffff,589
892664cc217ffff,892664d8aa7ffff,29
892664cc217ffff,892664d8ccfffff,155
892664cc217ffff,892664d8e1bffff,122
892664cc217ffff,892664d9857ffff,21
892664cc217ffff,892664d9937ffff,37
892664cc217ffff,892664d9993ffff,17
892664cc217ffff,892664d9bcbffff,48
892664cc217ffff,892759369bbffff,30
892664cc28bffff,892664c1eabffff,5
892664cc2a3ffff,892664c1a8bffff,10
892664cc2a3ffff,892664c1b0bffff,10
892664cc2a3ffff,892664c1e0fffff,11
892664cc2a3ffff,892664c1e2fffff,5
892664cc2a3ffff,892664ca943ffff,11
892664cc303ffff,892664c1a8bffff,6
892664cc303ffff,892664c1b0bffff,6
892664cc337ffff,892664c1b0bffff,6
892664cc363ffff,892664c1a8bffff,5
892664cc363ffff,892664c1b0bffff,5
892664cc363ffff,892664c1ea7ffff,6
892664cc393ffff,892664ca943ffff,5
892664cc3b3ffff,89266419157ffff,570
892664cc3b3ffff,89266419493ffff,175
892664cc3b3ffff,89266419607ffff,1030
892664cc3b3ffff,892664520afffff,437
892664cc3b3ffff,89266452147ffff,25
892664cc3b3ffff,89266452c87ffff,169
892664cc3b3ffff,89266452dabffff,640
892664cc3b3ffff,89266456067ffff,3870
892664cc3b3ffff,89266456137ffff,1947
892664cc3b3ffff,892664562dbffff,1866
892664cc3b3ffff,89266456413ffff,1916
892664cc3b3ffff,89266457013ffff,97
892664cc3b3ffff,892664c13d3ffff,1407
892664cc3b3ffff,892664c1607ffff,596
892664cc3b3ffff,892664c1a87ffff,6739
892664cc3b3ffff,892664c1b47ffff,4254
892664cc3b3ffff,892664c1ecfffff,11494
892664cc3b3ffff,892664c80afffff,568
892664cc3b3ffff,892664c81b7ffff,220
892664cc3b3ffff,892664c8cabffff,854
892664cc3b3ffff,892664c8d6bffff,452
892664cc3b3ffff,892664ca0abffff,295
892664cc3b3ffff,892664ca103ffff,1036
892664cc3b3ffff,892664ca3cfffff,9
892664cc3b3ffff,892664ca58fffff,49
892664cc3b3ffff,892664ca6b7ffff,232
892664cc3b3ffff,892664ca913ffff,9825
892664cc3b3ffff,892664caaafffff,1433
892664cc3b3ffff,892664cac3bffff,2415
892664cc3b3ffff,892664cae4fffff,445
892664cc3b3ffff,892664cb1a7ffff,43
892664cc3b3ffff,892664cb387ffff,58
892664cc3b3ffff,892664cb58fffff,57
892664cc3b3ffff,892664cc217ffff,1299
892664cc3b3ffff,892664cc46fffff,803
892664cc3b3ffff,892664cc4dbffff,3498
892664cc3b3ffff,892664cc563ffff,1285
892664cc3b3ffff,892664cc5d7ffff,2360
892664cc3b3ffff,892664cc847ffff,142
892664cc3b3ffff,892664cc8b3ffff,668
892664cc3b3ffff,892664ccb73ffff,1919
892664cc3b3ffff,892664ccc7bffff,495
892664cc3b3ffff,892664ccd9bffff,892
892664cc3b3ffff,892664cce7bffff,2561
892664cc3b3ffff,892664cd08bffff,126
892664cc3b3ffff,892664cd1b3ffff,609
892664cc3b3ffff,892664cd29bffff,105
892664cc3b3ffff,892664cd3b3ffff,478
892664cc3b3ffff,892664cd4cbffff,179
892664cc3b3ffff,892664cd6cfffff,158
892664cc3b3ffff,892664cd897ffff,1030
892664cc3b3ffff,892664cd973ffff,1244
892664cc3b3ffff,892664cdb0fffff,466
892664cc3b3ffff,892664ce203ffff,1048
892664cc3b3ffff,892664ce35bffff,1978
892664cc3b3ffff,892664cea67ffff,2437
892664cc3b3ffff,892664cf017ffff,247
892664cc3b3ffff,892664cf12bffff,682
892664cc3b3ffff,892664cf2bbffff,606
892664cc3b3ffff,892664cf33bffff,900
892664cc3b3ffff,892664cf507ffff,3655
892664cc3b3ffff,892664cf553ffff,683
892664cc3b3ffff,892664cf617ffff,567
892664cc3b3ffff,892664d88bbffff,230
892664cc3b3ffff,892664d8973ffff,550
892664cc3b3ffff,892664d8aa7ffff,54
892664cc3b3ffff,892664d8ccfffff,145
892664cc3b3ffff,892664d8e1bffff,86
892664cc3b3ffff,892664d9857ffff,24
892664cc3b3ffff,892664d9937ffff,48
892664cc3b3ffff,892664d9993ffff,29
892664cc3b3ffff,892664d9bcbffff,102
892664cc3b3ffff,892759369bbffff,88
892664cc3b3ffff,89275936d53ffff,8
892664cc3bbffff,892664c1a8bffff,5
892664cc3bbffff,892664c1ab3ffff,6
892664cc3bbffff,892664c1eabffff,7
892664cc46fffff,89266419157ffff,52
892664cc46fffff,89266419493ffff,58
892664cc46fffff,89266419607ffff,320
892664cc46fffff,892664520afffff,308
892664cc46fffff,89266452147ffff,10
892664cc46fffff,89266452c87ffff,51
892664cc46fffff,89266452dabffff,216
892664cc46fffff,89266456067ffff,946
892664cc46fffff,89266456137ffff,467
892664cc46fffff,892664562dbffff,524
892664cc46fffff,89266456413ffff,601
892664cc46fffff,89266457013ffff,21
892664cc46fffff,892664c13d3ffff,730
892664cc46fffff,892664c1607ffff,370
892664cc46fffff,892664c1a87ffff,1792
892664cc46fffff,892664c1b47ffff,978
892664cc46fffff,892664c1ecfffff,3698
892664cc46fffff,892664c80afffff,272
892664cc46fffff,892664c81b7ffff,148
892664cc46fffff,892664c8cabffff,165
892664cc46fffff,892664c8d6bffff,106
892664cc46fffff,892664ca0abffff,207
892664cc46fffff,892664ca103ffff,320
892664cc46fffff,892664ca3cfffff,23
892664cc46fffff,892664ca58fffff,29
892664cc46fffff,892664ca6b7ffff,144
892664cc46fffff,892664ca913ffff,2081
892664cc46fffff,892664caaafffff,161
892664cc46fffff,892664cac3bffff,284
892664cc46fffff,892664cae4fffff,71
892664cc46fffff,892664cb1a7ffff,5
892664cc46fffff,892664cb58fffff,16
892664cc46fffff,892664cc217ffff,520
892664cc46fffff,892664cc3b3ffff,672
892664cc46fffff,892664cc4dbffff,1229
892664cc46fffff,892664cc563ffff,812
892664cc46fffff,892664cc5d7ffff,1298
892664cc46fffff,892664cc847ffff,51
892664cc46fffff,892664cc8b3ffff,456
892664cc46fffff,892664ccb73ffff,776
892664cc46fffff,892664ccc7bffff,194
892664cc46fffff,892664ccd9bffff,414
892664cc46fffff,892664cce7bffff,836
892664cc46fffff,892664cd08bffff,79
892664cc46fffff,892664cd1b3ffff,285
892664cc46fffff,892664cd29bffff,45
892664cc46fffff,892664cd3b3ffff,135
892664cc46fffff,892664cd4cbffff,92
892664cc46fffff,892664cd6cfffff,27
892664cc46fffff,892664cd897ffff,593
892664cc46fffff,892664cd973ffff,360
892664cc46fffff,892664cdb0fffff,130
892664cc46fffff,892664ce203ffff,273
892664cc46fffff,892664ce35bffff,818
892664cc46fffff,892664cea67ffff,1342
892664cc46fffff,892664cf017ffff,125
892664cc46fffff,892664cf12bffff,215
892664cc46fffff,892664cf2bbffff,176
892664cc46fffff,892664cf33bffff,325
892664cc46fffff,892664cf507ffff,900
892664cc46fffff,892664cf553ffff,189
892664cc46fffff,892664cf617ffff,121
892664cc46fffff,892664d88bbffff,76
892664cc46fffff,892664d8973ffff,311
892664cc46fffff,892664d8aa7ffff,23
892664cc46fffff,892664d8ccfffff,56
892664cc46fffff,892664d8e1bffff,101
892664cc46fffff,892664d9857ffff,7
892664cc46fffff,892664d9937ffff,26
892664cc46fffff,892664d9993ffff,10
892664cc46fffff,892664d9bcbffff,6
892664cc46fffff,892759369bbffff,9
892664cc48bffff,892664c1a8bffff,15
892664cc48bffff,892664c1e2fffff,7
892664cc48bffff,892664c1eabffff,5
892664cc48bffff,892664ca943ffff,6
892664cc48fffff,892664c1a8bffff,5
892664cc48fffff,892664c1b0bffff,13
892664cc48fffff,892664c1e0fffff,6
892664cc48fffff,892664ca943ffff,8
892664cc4a7ffff,892664c1e2fffff,6
892664cc4c3ffff,892664c1a8bffff,5
892664cc4c3ffff,892664c1e2fffff,8
892664cc4c3ffff,892664c1ea7ffff,5
892664cc4c3ffff,892664c1eabffff,6
892664cc4c3ffff,892664ca943ffff,16
892664cc4dbffff,89266419157ffff,54
892664cc4dbffff,89266419493ffff,358
892664cc4dbffff,89266419607ffff,1999
892664cc4dbffff,892664520afffff,1568
892664cc4dbffff,89266452147ffff,90
892664cc4dbffff,89266452c87ffff,181
892664cc4dbffff,89266452dabffff,1099
892664cc4dbffff,89266456067ffff,2596
892664cc4dbffff,89266456137ffff,347
892664cc4dbffff,892664562dbffff,3486
892664cc4dbffff,89266456413ffff,3103
892664cc4dbffff,89266457013ffff,35
892664cc4dbffff,892664c13d3ffff,1679
892664cc4dbffff,892664c1607ffff,2882
892664cc4dbffff,892664c1a87ffff,6867
892664cc4dbffff,892664c1b47ffff,4890
892664cc4dbffff,892664c1ecfffff,10378
892664cc4dbffff,892664c80afffff,983
892664cc4dbffff,892664c81b7ffff,226
892664cc4dbffff,892664c8cabffff,556
892664cc4dbffff,892664c8d6bffff,328
892664cc4dbffff,892664ca0abffff,1157
892664cc4dbffff,892664ca103ffff,636
892664cc4dbffff,892664ca3cfffff,19
892664cc4dbffff,892664ca58fffff,125
892664cc4dbffff,892664ca6b7ffff,1227
892664cc4dbffff,892664ca913ffff,10453
892664cc4dbffff,892664caaafffff,342
892664cc4dbffff,892664cac3bffff,1132
892664cc4dbffff,892664cae4fffff,241
892664cc4dbffff,892664cb057ffff,6
892664cc4dbffff,892664cb1a7ffff,63
892664cc4dbffff,892664cb387ffff,12
892664cc4dbffff,892664cb58fffff,247
892664cc4dbffff,892664cc217ffff,1583
892664cc4dbffff,892664cc3b3ffff,4088
892664cc4dbffff,892664cc46fffff,1353
892664cc4dbffff,892664cc563ffff,3248
892664cc4dbffff,892664cc5d7ffff,5741
892664cc4dbffff,892664cc847ffff,180
892664cc4dbffff,892664cc8b3ffff,1896
892664cc4dbffff,892664ccb73ffff,2464
892664cc4dbffff,892664ccc7bffff,799
892664cc4dbffff,892664ccd9bffff,1629
892664cc4dbffff,892664cce7bffff,4683
892664cc4dbffff,892664cd08bffff,85
892664cc4dbffff,892664cd1b3ffff,971
892664cc4dbffff,892664cd29bffff,181
892664cc4dbffff,892664cd3b3ffff,765
892664cc4dbffff,892664cd4cbffff,334
892664cc4dbffff,892664cd6cfffff,201
892664cc4dbffff,892664cd897ffff,1946
892664cc4dbffff,892664cd973ffff,2380
892664cc4dbffff,892664cdb0fffff,577
892664cc4dbffff,892664ce203ffff,1660
892664cc4dbffff,892664ce35bffff,3822
892664cc4dbffff,892664cea67ffff,4421
892664cc4dbffff,892664cf017ffff,610
892664cc4dbffff,892664cf12bffff,714
892664cc4dbffff,892664cf2bbffff,873
892664cc4dbffff,892664cf33bffff,1797
892664cc4dbffff,892664cf507ffff,7527
892664cc4dbffff,892664cf553ffff,555
892664cc4dbffff,892664cf617ffff,457
892664cc4dbffff,892664d88bbffff,1323
892664cc4dbffff,892664d8973ffff,3215
892664cc4dbffff,892664d8aa7ffff,103
892664cc4dbffff,892664d8ccfffff,324
892664cc4dbffff,892664d8e1bffff,242
892664cc4dbffff,892664d9857ffff,44
892664cc4dbffff,892664d9937ffff,62
892664cc4dbffff,892664d9993ffff,35
892664cc4dbffff,892664d9bcbffff,114
892664cc4dbffff,892759369bbffff,136
892664cc527ffff,892664c1a8bffff,12
892664cc527ffff,892664c1aa7ffff,5
892664cc527ffff,892664c1ab3ffff,10
892664cc527ffff,892664c1b0bffff,12
892664cc527ffff,892664c1e2fffff,6
892664cc527ffff,892664c1e33ffff,9
892664cc527ffff,892664c1e73ffff,5
892664cc527ffff,892664c1ea7ffff,8
892664cc527ffff,892664c1eabffff,17
892664cc527ffff,892664ca943ffff,6
892664cc553ffff,89266452183ffff,37
892664cc553ffff,892664c1007ffff,7
892664cc553ffff,892664c102fffff,6
892664cc553ffff,892664c114fffff,9
892664cc553ffff,892664c116fffff,19
892664cc553ffff,892664c1377ffff,5
892664cc553ffff,892664c1a07ffff,12
892664cc553ffff,892664c1a63ffff,19
892664cc553ffff,892664c1a8bffff,87
892664cc553ffff,892664c1aa7ffff,36
892664cc553ffff,892664c1ab3ffff,51
892664cc553ffff,892664c1acfffff,95
892664cc553ffff,892664c1adbffff,51
892664cc553ffff,892664c1b0bffff,141
892664cc553ffff,892664c1b6fffff,10
892664cc553ffff,892664c1e0fffff,71
892664cc553ffff,892664c1e13ffff,30
892664cc553ffff,892664c1e2fffff,125
892664cc553ffff,892664c1e33ffff,71
892664cc553ffff,892664c1e4fffff,10
892664cc553ffff,892664c1e73ffff,15
892664cc553ffff,892664c1e8fffff,54
892664cc553ffff,892664c1ea7ffff,34
892664cc553ffff,892664c1eabffff,62
892664cc553ffff,892664c1ecfffff,9
892664cc553ffff,892664c1ed7ffff,13
892664cc553ffff,892664ca943ffff,29
892664cc553ffff,892664ca993ffff,6
892664cc553ffff,892664cad77ffff,9
892664cc553ffff,892664cc58fffff,18
892664cc553ffff,892664cddbbffff,9
892664cc553ffff,892664ce207ffff,7
892664cc553ffff,892664ce24fffff,11
892664cc553ffff,892664ce347ffff,43
892664cc553ffff,892664ce36fffff,10
892664cc553ffff,892664cf1bbffff,5
892664cc553ffff,892664cf5afffff,6
892664cc563ffff,89266419157ffff,96
892664cc563ffff,89266419493ffff,186
892664cc563ffff,89266419607ffff,642
892664cc563ffff,892664520afffff,813
892664cc563ffff,89266452147ffff,41
892664cc563ffff,89266452c87ffff,104
892664cc563ffff,89266452dabffff,268
892664cc563ffff,89266456067ffff,866
892664cc563ffff,89266456137ffff,587
892664cc563ffff,892664562dbffff,1212
892664cc563ffff,89266456413ffff,884
892664cc563ffff,89266457013ffff,33
892664cc563ffff,892664c13d3ffff,1473
892664cc563ffff,892664c1607ffff,1511
892664cc563ffff,892664c1a87ffff,4097
892664cc563ffff,892664c1b47ffff,2365
892664cc563ffff,892664c1ecfffff,7220
892664cc563ffff,892664c80afffff,280
892664cc563ffff,892664c81b7ffff,89
892664cc563ffff,892664c8cabffff,172
892664cc563ffff,892664c8d6bffff,176
892664cc563ffff,892664ca0abffff,106
892664cc563ffff,892664ca103ffff,277
892664cc563ffff,892664ca3cfffff,5
892664cc563ffff,892664ca58fffff,29
892664cc563ffff,892664ca6b7ffff,149
892664cc563ffff,892664ca913ffff,5634
892664cc563ffff,892664caaafffff,321
892664cc563ffff,892664cac3bffff,588
892664cc563ffff,892664cae4fffff,109
892664cc563ffff,892664cb057ffff,13
892664cc563ffff,892664cb1a7ffff,13
892664cc563ffff,892664cb58fffff,39
892664cc563ffff,892664cc217ffff,832
892664cc563ffff,892664cc3b3ffff,1284
892664cc563ffff,892664cc46fffff,785
892664cc563ffff,892664cc4dbffff,2742
892664cc563ffff,892664cc5d7ffff,3202
892664cc563ffff,892664cc847ffff,84
892664cc563ffff,892664cc8b3ffff,562
892664cc563ffff,892664ccb73ffff,1043
892664cc563ffff,892664ccc7bffff,593
892664cc563ffff,892664ccd9bffff,1059
892664cc563ffff,892664cce7bffff,1665
892664cc563ffff,892664cd08bffff,39
892664cc563ffff,892664cd1b3ffff,472
892664cc563ffff,892664cd29bffff,76
892664cc563ffff,892664cd3b3ffff,240
892664cc563ffff,892664cd4cbffff,186
892664cc563ffff,892664cd6cfffff,68
892664cc563ffff,892664cd897ffff,681
892664cc563ffff,892664cd973ffff,527
892664cc563ffff,892664cdb0fffff,294
892664cc563ffff,892664ce203ffff,780
892664cc563ffff,892664ce35bffff,2419
892664cc563ffff,892664cea67ffff,2400
892664cc563ffff,892664cf017ffff,171
892664cc563ffff,892664cf12bffff,422
892664cc563ffff,892664cf2bbffff,278
892664cc563ffff,892664cf33bffff,351
892664cc563ffff,892664cf507ffff,1985
892664cc563ffff,892664cf553ffff,273
892664cc563ffff,892664cf617ffff,288
892664cc563ffff,892664d88bbffff,250
892664cc563ffff,892664d8973ffff,557
892664cc563ffff,892664d8aa7ffff,50
892664cc563ffff,892664d8ccfffff,160
892664cc563ffff,892664d8e1bffff,101
892664cc563ffff,892664d9857ffff,8
892664cc563ffff,892664d9937ffff,25
892664cc563ffff,892664d9993ffff,15
892664cc563ffff,892664d9bcbffff,46
892664cc563ffff,892759369bbffff,94
892664cc56fffff,892664c1b0bffff,8
892664cc58fffff,89266452183ffff,141
892664cc58fffff,892664c1007ffff,25
892664cc58fffff,892664c101bffff,12
892664cc58fffff,892664c102fffff,64
892664cc58fffff,892664c1047ffff,7
892664cc58fffff,892664c10d3ffff,20
892664cc58fffff,892664c10d7ffff,19
892664cc58fffff,892664c114fffff,75
892664cc58fffff,892664c116fffff,68
892664cc58fffff,892664c1233ffff,5
892664cc58fffff,892664c1327ffff,7
892664cc58fffff,892664c1377ffff,11
892664cc58fffff,892664c13afffff,20
892664cc58fffff,892664c13b7ffff,7
892664cc58fffff,892664c144bffff,34
892664cc58fffff,892664c144fffff,11
892664cc58fffff,892664c1617ffff,17
892664cc58fffff,892664c1693ffff,20
892664cc58fffff,892664c16abffff,6
892664cc58fffff,892664c16bbffff,9
892664cc58fffff,892664c1a07ffff,105
892664cc58fffff,892664c1a63ffff,128
892664cc58fffff,892664c1a8bffff,2133
892664cc58fffff,892664c1aa7ffff,806
892664cc58fffff,892664c1ab3ffff,1452
892664cc58fffff,892664c1acfffff,1206
892664cc58fffff,892664c1adbffff,348
892664cc58fffff,892664c1b0bffff,1261
892664cc58fffff,892664c1b6fffff,211
892664cc58fffff,892664c1e0fffff,2107
892664cc58fffff,892664c1e13ffff,585
892664cc58fffff,892664c1e2fffff,3260
892664cc58fffff,892664c1e33ffff,1912
892664cc58fffff,892664c1e4fffff,185
892664cc58fffff,892664c1e73ffff,688
892664cc58fffff,892664c1e8fffff,914
892664cc58fffff,892664c1ea7ffff,972
892664cc58fffff,892664c1eabffff,940
892664cc58fffff,892664c1ec7ffff,40
892664cc58fffff,892664c1ecfffff,26
892664cc58fffff,892664c1ed3ffff,40
892664cc58fffff,892664c1ed7ffff,196
892664cc58fffff,892664ca943ffff,136
892664cc58fffff,892664ca993ffff,48
892664cc58fffff,892664ca9c3ffff,20
892664cc58fffff,892664cad17ffff,11
892664cc58fffff,892664cad77ffff,328
892664cc58fffff,892664cad8bffff,17
892664cc58fffff,892664cc4a7ffff,7
892664cc58fffff,892664cc553ffff,24
892664cc58fffff,892664cddbbffff,7
892664cc58fffff,892664ce347ffff,10
892664cc58fffff,892664ce36fffff,26
892664cc58fffff,892664cf4afffff,78
892664cc58fffff,892664cf57bffff,6
892664cc58fffff,892664cf5afffff,6
892664cc58fffff,892664d8923ffff,26
892664cc58fffff,892664d896fffff,8
892664cc58fffff,89275934cdbffff,20
892664cc5c7ffff,892664c1b0bffff,10
892664cc5c7ffff,892664c1eabffff,11
892664cc5d7ffff,89266419157ffff,167
892664cc5d7ffff,89266419493ffff,178
892664cc5d7ffff,89266419607ffff,913
892664cc5d7ffff,892664520afffff,4050
892664cc5d7ffff,89266452147ffff,55
892664cc5d7ffff,89266452c87ffff,163
892664cc5d7ffff,89266452dabffff,667
892664cc5d7ffff,89266456067ffff,606
892664cc5d7ffff,89266456137ffff,439
892664cc5d7ffff,892664562dbffff,1048
892664cc5d7ffff,89266456413ffff,1722
892664cc5d7ffff,89266457013ffff,23
892664cc5d7ffff,892664c13d3ffff,3264
892664cc5d7ffff,892664c1607ffff,4349
892664cc5d7ffff,892664c1a87ffff,17182
892664cc5d7ffff,892664c1b47ffff,6469
892664cc5d7ffff,892664c1ecfffff,22117
892664cc5d7ffff,892664c80afffff,326
892664cc5d7ffff,892664c81b7ffff,235
892664cc5d7ffff,892664c8cabffff,633
892664cc5d7ffff,892664c8d6bffff,309
892664cc5d7ffff,892664ca0abffff,674
892664cc5d7ffff,892664ca103ffff,795
892664cc5d7ffff,892664ca3cfffff,7
892664cc5d7ffff,892664ca58fffff,244
892664cc5d7ffff,892664ca6b7ffff,254
892664cc5d7ffff,892664ca913ffff,13216
892664cc5d7ffff,892664caaafffff,815
892664cc5d7ffff,892664cac3bffff,1450
892664cc5d7ffff,892664cae4fffff,101
892664cc5d7ffff,892664cb057ffff,28
892664cc5d7ffff,892664cb1a7ffff,177
892664cc5d7ffff,892664cb387ffff,13
892664cc5d7ffff,892664cb58fffff,95
892664cc5d7ffff,892664cc217ffff,1205
892664cc5d7ffff,892664cc3b3ffff,2843
892664cc5d7ffff,892664cc46fffff,1450
892664cc5d7ffff,892664cc4dbffff,5629
892664cc5d7ffff,892664cc563ffff,3593
892664cc5d7ffff,892664cc847ffff,485
892664cc5d7ffff,892664cc8b3ffff,1447
892664cc5d7ffff,892664ccb73ffff,1174
892664cc5d7ffff,892664ccc7bffff,744
892664cc5d7ffff,892664ccd9bffff,1834
892664cc5d7ffff,892664cce7bffff,2837
892664cc5d7ffff,892664cd08bffff,98
892664cc5d7ffff,892664cd1b3ffff,1356
892664cc5d7ffff,892664cd29bffff,159
892664cc5d7ffff,892664cd3b3ffff,1058
892664cc5d7ffff,892664cd4cbffff,305
892664cc5d7ffff,892664cd6cfffff,198
892664cc5d7ffff,892664cd897ffff,1270
892664cc5d7ffff,892664cd973ffff,1149
892664cc5d7ffff,892664cdb0fffff,368
892664cc5d7ffff,892664ce203ffff,1522
892664cc5d7ffff,892664ce35bffff,6610
892664cc5d7ffff,892664cea67ffff,6498
892664cc5d7ffff,892664cf017ffff,649
892664cc5d7ffff,892664cf12bffff,652
892664cc5d7ffff,892664cf2bbffff,484
892664cc5d7ffff,892664cf33bffff,960
892664cc5d7ffff,892664cf507ffff,4102
892664cc5d7ffff,892664cf553ffff,1229
892664cc5d7ffff,892664cf617ffff,657
892664cc5d7ffff,892664d88bbffff,1210
892664cc5d7ffff,892664d8973ffff,2494
892664cc5d7ffff,892664d8aa7ffff,197
892664cc5d7ffff,892664d8ccfffff,328
892664cc5d7ffff,892664d8e1bffff,270
892664cc5d7ffff,892664d9857ffff,20
892664cc5d7ffff,892664d9937ffff,69
892664cc5d7ffff,892664d9993ffff,38
892664cc5d7ffff,892664d9bcbffff,50
892664cc5d7ffff,892759369bbffff,69
892664cc5d7ffff,89275936d53ffff,5
892664cc62fffff,892664c1b0bffff,5
892664cc62fffff,892664c1e13ffff,33
892664cc62fffff,892664c1e4fffff,7
892664cc62fffff,892664c1eabffff,5
892664cc62fffff,892664ca943ffff,8
892664cc687ffff,892664c1a63ffff,5
892664cc687ffff,892664c1eabffff,5
892664cc847ffff,89266419157ffff,12
892664cc847ffff,89266419493ffff,14
892664cc847ffff,89266419607ffff,89
892664cc847ffff,892664520afffff,19
892664cc847ffff,89266452147ffff,7
892664cc847ffff,89266452c87ffff,52
892664cc847ffff,89266452dabffff,161
892664cc847ffff,89266456067ffff,43
892664cc847ffff,89266456137ffff,14
892664cc847ffff,892664562dbffff,123
892664cc847ffff,89266456413ffff,109
892664cc847ffff,89266457013ffff,6
892664cc847ffff,892664c13d3ffff,21
892664cc847ffff,892664c1607ffff,14
892664cc847ffff,892664c1a87ffff,267
892664cc847ffff,892664c1b47ffff,693
892664cc847ffff,892664c1ecfffff,246
892664cc847ffff,892664c80afffff,108
892664cc847ffff,892664c81b7ffff,52
892664cc847ffff,892664c8cabffff,21
892664cc847ffff,892664c8d6bffff,8
892664cc847ffff,892664ca103ffff,7
892664cc847ffff,892664ca913ffff,1031
892664cc847ffff,892664caaafffff,25
892664cc847ffff,892664cac3bffff,57
892664cc847ffff,892664cae4fffff,8
892664cc847ffff,892664cb387ffff,9
892664cc847ffff,892664cc217ffff,82
892664cc847ffff,892664cc3b3ffff,103
892664cc847ffff,892664cc46fffff,44
892664cc847ffff,892664cc4dbffff,146
892664cc847ffff,892664cc563ffff,59
892664cc847ffff,892664cc5d7ffff,291
892664cc847ffff,892664cc8b3ffff,104
892664cc847ffff,892664ccb73ffff,101
892664cc847ffff,892664ccc7bffff,42
892664cc847ffff,892664ccd9bffff,47
892664cc847ffff,892664cce7bffff,308
892664cc847ffff,892664cd08bffff,12
892664cc847ffff,892664cd1b3ffff,67
892664cc847ffff,892664cd29bffff,9
892664cc847ffff,892664cd3b3ffff,31
892664cc847ffff,892664cd4cbffff,8
892664cc847ffff,892664cd897ffff,93
892664cc847ffff,892664cd973ffff,56
892664cc847ffff,892664cdb0fffff,12
892664cc847ffff,892664ce203ffff,40
892664cc847ffff,892664ce35bffff,112
892664cc847ffff,892664cea67ffff,144
892664cc847ffff,892664cf017ffff,14
892664cc847ffff,892664cf12bffff,75
892664cc847ffff,892664cf2bbffff,14
892664cc847ffff,892664cf33bffff,78
892664cc847ffff,892664cf507ffff,360
892664cc847ffff,892664cf553ffff,180
892664cc847ffff,892664cf617ffff,69
892664cc847ffff,892664d88bbffff,18
892664cc847ffff,892664d8973ffff,12
892664cc847ffff,892664d8ccfffff,11
892664cc847ffff,892664d9857ffff,5
892664cc847ffff,892664d9937ffff,11
892664cc847ffff,892664d9993ffff,12
892664cc8a3ffff,892664c1ab3ffff,9
892664cc8a3ffff,892664c1b0bffff,13
892664cc8a3ffff,892664c1b6fffff,6
892664cc8a3ffff,892664c1e2fffff,6
892664cc8a3ffff,892664c1e33ffff,6
892664cc8a3ffff,892664c1eabffff,14
892664cc8a3ffff,892664ca943ffff,5
892664cc8b3ffff,89266419157ffff,53
892664cc8b3ffff,89266419493ffff,73
892664cc8b3ffff,89266419607ffff,487
892664cc8b3ffff,892664520afffff,91
892664cc8b3ffff,89266452147ffff,7
892664cc8b3ffff,89266452c87ffff,32
892664cc8b3ffff,89266452dabffff,164
892664cc8b3ffff,89266456067ffff,318
892664cc8b3ffff,89266456137ffff,72
892664cc8b3ffff,892664562dbffff,305
892664cc8b3ffff,89266456413ffff,376
892664cc8b3ffff,89266457013ffff,32
892664cc8b3ffff,892664c13d3ffff,52
892664cc8b3ffff,892664c1607ffff,88
892664cc8b3ffff,892664c1a87ffff,2507
892664cc8b3ffff,892664c1b47ffff,2126
892664cc8b3ffff,892664c1ecfffff,1317
892664cc8b3ffff,892664c80afffff,257
892664cc8b3ffff,892664c81b7ffff,33
892664cc8b3ffff,892664c8cabffff,93
892664cc8b3ffff,892664c8d6bffff,30
892664cc8b3ffff,892664ca0abffff,22
892664cc8b3ffff,892664ca103ffff,49
892664cc8b3ffff,892664ca58fffff,5
892664cc8b3ffff,892664ca6b7ffff,42
892664cc8b3ffff,892664ca913ffff,1637
892664cc8b3ffff,892664caaafffff,134
892664cc8b3ffff,892664cac3bffff,118
892664cc8b3ffff,892664cae4fffff,105
892664cc8b3ffff,892664cb387ffff,17
892664cc8b3ffff,892664cb58fffff,16
892664cc8b3ffff,892664cc217ffff,470
892664cc8b3ffff,892664cc3b3ffff,742
892664cc8b3ffff,892664cc46fffff,673
892664cc8b3ffff,892664cc4dbffff,1969
892664cc8b3ffff,892664cc563ffff,636
892664cc8b3ffff,892664cc5d7ffff,1088
892664cc8b3ffff,892664cc847ffff,65
892664cc8b3ffff,892664ccb73ffff,320
892664cc8b3ffff,892664ccc7bffff,343
892664cc8b3ffff,892664ccd9bffff,484
892664cc8b3ffff,892664cce7bffff,1034
892664cc8b3ffff,892664cd08bffff,26
892664cc8b3ffff,892664cd1b3ffff,292
892664cc8b3ffff,892664cd29bffff,10
892664cc8b3ffff,892664cd3b3ffff,554
892664cc8b3ffff,892664cd4cbffff,9
892664cc8b3ffff,892664cd897ffff,255
892664cc8b3ffff,892664cd973ffff,241
892664cc8b3ffff,892664cdb0fffff,118
892664cc8b3ffff,892664ce203ffff,431
892664cc8b3ffff,892664ce35bffff,812
892664cc8b3ffff,892664cea67ffff,1328
892664cc8b3ffff,892664cf017ffff,123
892664cc8b3ffff,892664cf12bffff,322
892664cc8b3ffff,892664cf2bbffff,27
892664cc8b3ffff,892664cf33bffff,418
892664cc8b3ffff,892664cf507ffff,1270
892664cc8b3ffff,892664cf553ffff,473
892664cc8b3ffff,892664cf617ffff,254
892664cc8b3ffff,892664d88bbffff,81
892664cc8b3ffff,892664d8973ffff,101
892664cc8b3ffff,892664d8aa7ffff,14
892664cc8b3ffff,892664d8ccfffff,74
892664cc8b3ffff,892664d8e1bffff,39
892664cc8b3ffff,892664d9857ffff,8
892664cc8b3ffff,892664d9993ffff,10
892664cc8b3ffff,892664d9bcbffff,40
892664cc8b3ffff,892759369bbffff,34
892664cc953ffff,892664c1b0bffff,14
892664cc953ffff,892664c1b6fffff,21
892664cc953ffff,892664c1e33ffff,5
892664cc953ffff,892664ca943ffff,6
892664cca5bffff,892664c1adbffff,6
892664cca5bffff,892664c1b0bffff,5
892664ccb67ffff,892664c1a63ffff,5
892664ccb67ffff,892664c1b0bffff,12
892664ccb67ffff,892664c1b6fffff,15
892664ccb73ffff,89266419157ffff,218
892664ccb73ffff,89266419493ffff,66
892664ccb73ffff,89266419607ffff,462
892664ccb73ffff,892664520afffff,26
892664ccb73ffff,89266452147ffff,6
892664ccb73ffff,89266452c87ffff,59
892664ccb73ffff,89266452dabffff,169
892664ccb73ffff,89266456067ffff,471
892664ccb73ffff,89266456137ffff,242
892664ccb73ffff,892664562dbffff,460
892664ccb73ffff,89266456413ffff,729
892664ccb73ffff,89266457013ffff,12
892664ccb73ffff,892664c13d3ffff,61
892664ccb73ffff,892664c1607ffff,90
892664ccb73ffff,892664c1a87ffff,428
892664ccb73ffff,892664c1b47ffff,2165
892664ccb73ffff,892664c1ecfffff,234
892664ccb73ffff,892664c80afffff,153
892664ccb73ffff,892664c81b7ffff,16
892664ccb73ffff,892664c8cabffff,280
892664ccb73ffff,892664c8d6bffff,48
892664ccb73ffff,892664ca0abffff,65
892664ccb73ffff,892664ca103ffff,48
892664ccb73ffff,892664ca58fffff,5
892664ccb73ffff,892664ca6b7ffff,34
892664ccb73ffff,892664ca913ffff,1100
892664ccb73ffff,892664caaafffff,62
892664ccb73ffff,892664cac3bffff,154
892664ccb73ffff,892664cae4fffff,16
892664ccb73ffff,892664cb057ffff,15
892664ccb73ffff,892664cb1a7ffff,88
892664ccb73ffff,892664cb58fffff,19
892664ccb73ffff,892664cc217ffff,908
892664ccb73ffff,892664cc3b3ffff,1419
892664ccb73ffff,892664cc46fffff,723
892664ccb73ffff,892664cc4dbffff,2981
892664ccb73ffff,892664cc563ffff,715
892664ccb73ffff,892664cc5d7ffff,1114
892664ccb73ffff,892664cc847ffff,101
892664ccb73ffff,892664cc8b3ffff,268
892664ccb73ffff,892664ccc7bffff,217
892664ccb73ffff,892664ccd9bffff,359
892664ccb73ffff,892664cce7bffff,926
892664ccb73ffff,892664cd08bffff,28
892664ccb73ffff,892664cd1b3ffff,339
892664ccb73ffff,892664cd29bffff,11
892664ccb73ffff,892664cd3b3ffff,311
892664ccb73ffff,892664cd6cfffff,7
892664ccb73ffff,892664cd897ffff,322
892664ccb73ffff,892664cd973ffff,247
892664ccb73ffff,892664cdb0fffff,96
892664ccb73ffff,892664ce203ffff,1094
892664ccb73ffff,892664ce35bffff,840
892664ccb73ffff,892664cea67ffff,1815
892664ccb73ffff,892664cf017ffff,169
892664ccb73ffff,892664cf12bffff,810
892664ccb73ffff,892664cf2bbffff,42
892664ccb73ffff,892664cf33bffff,340
892664ccb73ffff,892664cf507ffff,2699
892664ccb73ffff,892664cf553ffff,1004
892664ccb73ffff,892664cf617ffff,276
892664ccb73ffff,892664d88bbffff,142
892664ccb73ffff,892664d8973ffff,53
892664ccb73ffff,892664d8aa7ffff,29
892664ccb73ffff,892664d8ccfffff,117
892664ccb73ffff,892664d8e1bffff,29
892664ccc07ffff,892664c1a8bffff,6
892664ccc07ffff,892664c1ab3ffff,5
892664ccc07ffff,892664c1b0bffff,17
892664ccc07ffff,892664c1e2fffff,15
892664ccc07ffff,892664c1eabffff,9
892664ccc07ffff,892664ca943ffff,10
892664ccc2bffff,892664c1b0bffff,6
892664ccc2bffff,892664c1e0fffff,8
892664ccc7bffff,89266419157ffff,55
892664ccc7bffff,89266419493ffff,112
892664ccc7bffff,89266419607ffff,326
892664ccc7bffff,892664520afffff,89
892664ccc7bffff,89266452147ffff,9
892664ccc7bffff,89266452c87ffff,52
892664ccc7bffff,89266452dabffff,111
892664ccc7bffff,89266456067ffff,300
892664ccc7bffff,89266456137ffff,151
892664ccc7bffff,892664562dbffff,475
892664ccc7bffff,89266456413ffff,300
892664ccc7bffff,89266457013ffff,18
892664ccc7bffff,892664c13d3ffff,83
892664ccc7bffff,892664c1607ffff,117
892664ccc7bffff,892664c1a87ffff,1929
892664ccc7bffff,892664c1b47ffff,1182
892664ccc7bffff,892664c1ecfffff,2110
892664ccc7bffff,892664c80afffff,66
892664ccc7bffff,892664c81b7ffff,14
892664ccc7bffff,892664c8cabffff,23
892664ccc7bffff,892664c8d6bffff,26
892664ccc7bffff,892664ca0abffff,11
892664ccc7bffff,892664ca103ffff,29
892664ccc7bffff,892664ca6b7ffff,15
892664ccc7bffff,892664ca913ffff,1415
892664ccc7bffff,892664caaafffff,23
892664ccc7bffff,892664cac3bffff,74
892664ccc7bffff,892664cae4fffff,13
892664ccc7bffff,892664cc217ffff,206
892664ccc7bffff,892664cc3b3ffff,512
892664ccc7bffff,892664cc46fffff,218
892664ccc7bffff,892664cc4dbffff,766
892664ccc7bffff,892664cc563ffff,404
892664ccc7bffff,892664cc5d7ffff,612
892664ccc7bffff,892664cc847ffff,41
892664ccc7bffff,892664cc8b3ffff,309
892664ccc7bffff,892664ccb73ffff,200
892664ccc7bffff,892664ccd9bffff,334
892664ccc7bffff,892664cce7bffff,646
892664ccc7bffff,892664cd08bffff,24
892664ccc7bffff,892664cd1b3ffff,117
892664ccc7bffff,892664cd29bffff,22
892664ccc7bffff,892664cd3b3ffff,151
892664ccc7bffff,892664cd4cbffff,13
892664ccc7bffff,892664cd6cfffff,7
892664ccc7bffff,892664cd897ffff,181
892664ccc7bffff,892664cd973ffff,231
892664ccc7bffff,892664cdb0fffff,97
892664ccc7bffff,892664ce203ffff,287
892664ccc7bffff,892664ce35bffff,481
892664ccc7bffff,892664cea67ffff,796
892664ccc7bffff,892664cf017ffff,52
892664ccc7bffff,892664cf12bffff,142
892664ccc7bffff,892664cf2bbffff,35
892664ccc7bffff,892664cf33bffff,114
892664ccc7bffff,892664cf507ffff,702
892664ccc7bffff,892664cf553ffff,174
892664ccc7bffff,892664cf617ffff,420
892664ccc7bffff,892664d88bbffff,124
892664ccc7bffff,892664d8973ffff,95
892664ccc7bffff,892664d8aa7ffff,17
892664ccc7bffff,892664d8ccfffff,38
892664ccc7bffff,892664d8e1bffff,18
892664ccc7bffff,892664d9937ffff,20
892664ccc7bffff,892664d9993ffff,25
892664ccc7bffff,892664d9bcbffff,21
892664ccc7bffff,892759369bbffff,13
892664ccccfffff,892664c1a8bffff,8
892664ccccfffff,892664c1b0bffff,13
892664ccccfffff,892664c1e2fffff,22
892664ccccfffff,892664c1ea7ffff,6
892664ccccfffff,892664c1eabffff,7
892664ccd37ffff,892664c1b0bffff,13
892664ccd9bffff,89266419157ffff,111
892664ccd9bffff,89266419493ffff,201
892664ccd9bffff,89266419607ffff,608
892664ccd9bffff,892664520afffff,145
892664ccd9bffff,89266452147ffff,16
892664ccd9bffff,89266452c87ffff,63
892664ccd9bffff,89266452dabffff,207
892664ccd9bffff,89266456067ffff,826
892664ccd9bffff,89266456137ffff,207
892664ccd9bffff,892664562dbffff,545
892664ccd9bffff,89266456413ffff,468
892664ccd9bffff,89266457013ffff,42
892664ccd9bffff,892664c13d3ffff,238
892664ccd9bffff,892664c1607ffff,367
892664ccd9bffff,892664c1a87ffff,4822
892664ccd9bffff,892664c1b47ffff,4871
892664ccd9bffff,892664c1ecfffff,3299
892664ccd9bffff,892664c80afffff,277
892664ccd9bffff,892664c81b7ffff,133
892664ccd9bffff,892664c8cabffff,148
892664ccd9bffff,892664c8d6bffff,82
892664ccd9bffff,892664ca0abffff,38
892664ccd9bffff,892664ca103ffff,127
892664ccd9bffff,892664ca3cfffff,6
892664ccd9bffff,892664ca58fffff,35
892664ccd9bffff,892664ca6b7ffff,90
892664ccd9bffff,892664ca913ffff,5054
892664ccd9bffff,892664caaafffff,292
892664ccd9bffff,892664cac3bffff,315
892664ccd9bffff,892664cae4fffff,81
892664ccd9bffff,892664cb1a7ffff,21
892664ccd9bffff,892664cb58fffff,25
892664ccd9bffff,892664cc217ffff,502
892664ccd9bffff,892664cc3b3ffff,921
892664ccd9bffff,892664cc46fffff,375
892664ccd9bffff,892664cc4dbffff,1703
892664ccd9bffff,892664cc563ffff,1098
892664ccd9bffff,892664cc5d7ffff,1392
892664ccd9bffff,892664cc847ffff,58
892664ccd9bffff,892664cc8b3ffff,465
892664ccd9bffff,892664ccb73ffff,458
892664ccd9bffff,892664ccc7bffff,297
892664ccd9bffff,892664cce7bffff,945
892664ccd9bffff,892664cd08bffff,145
892664ccd9bffff,892664cd1b3ffff,521
892664ccd9bffff,892664cd29bffff,131
892664ccd9bffff,892664cd3b3ffff,220
892664ccd9bffff,892664cd4cbffff,21
892664ccd9bffff,892664cd6cfffff,13
892664ccd9bffff,892664cd897ffff,403
892664ccd9bffff,892664cd973ffff,342
892664ccd9bffff,892664cdb0fffff,165
892664ccd9bffff,892664ce203ffff,617
892664ccd9bffff,892664ce35bffff,863
892664ccd9bffff,892664cea67ffff,1787
892664ccd9bffff,892664cf017ffff,121
892664ccd9bffff,892664cf12bffff,398
892664ccd9bffff,892664cf2bbffff,85
892664ccd9bffff,892664cf33bffff,350
892664ccd9bffff,892664cf507ffff,2005
892664ccd9bffff,892664cf553ffff,386
892664ccd9bffff,892664cf617ffff,415
892664ccd9bffff,892664d88bbffff,162
892664ccd9bffff,892664d8973ffff,381
892664ccd9bffff,892664d8aa7ffff,64
892664ccd9bffff,892664d8ccfffff,206
892664ccd9bffff,892664d8e1bffff,89
892664ccd9bffff,892664d9857ffff,38
892664ccd9bffff,892664d9937ffff,87
892664ccd9bffff,892664d9993ffff,17
892664ccd9bffff,892664d9bcbffff,41
892664ccd9bffff,892759369bbffff,52
892664cce1bffff,892664c1a8bffff,6
892664cce4fffff,892664c1a63ffff,8
892664cce4fffff,892664c1a8bffff,15
892664cce4fffff,892664c1aa7ffff,6
892664cce4fffff,892664c1acfffff,6
892664cce4fffff,892664c1adbffff,7
892664cce4fffff,892664c1b0bffff,22
892664cce4fffff,892664c1b6fffff,9
892664cce4fffff,892664c1e0fffff,10
892664cce4fffff,892664c1e2fffff,20
892664cce4fffff,892664c1e33ffff,6
892664cce4fffff,892664c1e4fffff,9
892664cce4fffff,892664c1ea7ffff,6
892664cce4fffff,892664c1eabffff,24
892664cce4fffff,892664ca943ffff,27
892664cce77ffff,892664c1acfffff,5
892664cce7bffff,89266419157ffff,627
892664cce7bffff,89266419493ffff,209
892664cce7bffff,89266419607ffff,1027
892664cce7bffff,892664520afffff,532
892664cce7bffff,89266452147ffff,50
892664cce7bffff,89266452c87ffff,399
892664cce7bffff,89266452dabffff,595
892664cce7bffff,89266456067ffff,2658
892664cce7bffff,89266456137ffff,1323
892664cce7bffff,892664562dbffff,1293
892664cce7bffff,89266456413ffff,1888
892664cce7bffff,89266457013ffff,62
892664cce7bffff,892664c13d3ffff,653
892664cce7bffff,892664c1607ffff,433
892664cce7bffff,892664c1a87ffff,9450
892664cce7bffff,892664c1b47ffff,7685
892664cce7bffff,892664c1ecfffff,11639
892664cce7bffff,892664c80afffff,569
892664cce7bffff,892664c81b7ffff,126
892664cce7bffff,892664c8cabffff,289
892664cce7bffff,892664c8d6bffff,542
892664cce7bffff,892664ca0abffff,126
892664cce7bffff,892664ca103ffff,416
892664cce7bffff,892664ca58fffff,29
892664cce7bffff,892664ca6b7ffff,176
892664cce7bffff,892664ca913ffff,16335
892664cce7bffff,892664caaafffff,677
892664cce7bffff,892664cac3bffff,1953
892664cce7bffff,892664cae4fffff,138
892664cce7bffff,892664cb057ffff,5
892664cce7bffff,892664cb1a7ffff,17
892664cce7bffff,892664cb387ffff,7
892664cce7bffff,892664cb58fffff,43
892664cce7bffff,892664cc217ffff,1729
892664cce7bffff,892664cc3b3ffff,2941
892664cce7bffff,892664cc46fffff,1232
892664cce7bffff,892664cc4dbffff,4509
892664cce7bffff,892664cc563ffff,1590
892664cce7bffff,892664cc5d7ffff,2574
892664cce7bffff,892664cc847ffff,219
892664cce7bffff,892664cc8b3ffff,974
892664cce7bffff,892664ccb73ffff,1402
892664cce7bffff,892664ccc7bffff,590
892664cce7bffff,892664ccd9bffff,964
892664cce7bffff,892664cd08bffff,96
892664cce7bffff,892664cd1b3ffff,622
892664cce7bffff,892664cd29bffff,171
892664cce7bffff,892664cd3b3ffff,703
892664cce7bffff,892664cd4cbffff,197
892664cce7bffff,892664cd6cfffff,123
892664cce7bffff,892664cd897ffff,1061
892664cce7bffff,892664cd973ffff,955
892664cce7bffff,892664cdb0fffff,458
892664cce7bffff,892664ce203ffff,2233
892664cce7bffff,892664ce35bffff,3410
892664cce7bffff,892664cea67ffff,2620
892664cce7bffff,892664cf017ffff,508
892664cce7bffff,892664cf12bffff,794
892664cce7bffff,892664cf2bbffff,383
892664cce7bffff,892664cf33bffff,846
892664cce7bffff,892664cf507ffff,4340
892664cce7bffff,892664cf553ffff,999
892664cce7bffff,892664cf617ffff,787
892664cce7bffff,892664d88bbffff,262
892664cce7bffff,892664d8973ffff,460
892664cce7bffff,892664d8aa7ffff,120
892664cce7bffff,892664d8ccfffff,143
892664cce7bffff,892664d8e1bffff,97
892664cce7bffff,892664d9857ffff,22
892664cce7bffff,892664d9937ffff,29
892664cce7bffff,892664d9993ffff,21
892664cce7bffff,892664d9bcbffff,149
892664cce7bffff,892759369bbffff,112
892664cce7bffff,89275936d53ffff,15
892664cce93ffff,892664c1b0bffff,6
892664cceb7ffff,892664c1aa7ffff,5
892664cceb7ffff,892664c1ab3ffff,10
892664cceb7ffff,892664c1b0bffff,7
892664cceb7ffff,892664cad77ffff,7
892664cd08bffff,89266419157ffff,5
892664cd08bffff,89266419493ffff,9
892664cd08bffff,89266419607ffff,29
892664cd08bffff,892664520afffff,137
892664cd08bffff,89266452147ffff,13
892664cd08bffff,89266452c87ffff,27
892664cd08bffff,89266452dabffff,31
892664cd08bffff,89266456067ffff,14
892664cd08bffff,892664562dbffff,26
892664cd08bffff,89266456413ffff,49
892664cd08bffff,892664c13d3ffff,50
892664cd08bffff,892664c1607ffff,23
892664cd08bffff,892664c1a87ffff,164
892664cd08bffff,892664c1b47ffff,114
892664cd08bffff,892664c1ecfffff,276
892664cd08bffff,892664c80afffff,39
892664cd08bffff,892664c81b7ffff,7
892664cd08bffff,892664c8cabffff,7
892664cd08bffff,892664c8d6bffff,17
892664cd08bffff,892664ca0abffff,9
892664cd08bffff,892664ca103ffff,50
892664cd08bffff,892664ca58fffff,5
892664cd08bffff,892664ca6b7ffff,16
892664cd08bffff,892664ca913ffff,443
892664cd08bffff,892664caaafffff,11
892664cd08bffff,892664cac3bffff,55
892664cd08bffff,892664cae4fffff,14
892664cd08bffff,892664cb1a7ffff,10
892664cd08bffff,892664cc217ffff,146
892664cd08bffff,892664cc3b3ffff,79
892664cd08bffff,892664cc46fffff,30
892664cd08bffff,892664cc4dbffff,53
892664cd08bffff,892664cc563ffff,31
892664cd08bffff,892664cc5d7ffff,74
892664cd08bffff,892664cc847ffff,6
892664cd08bffff,892664cc8b3ffff,20
892664cd08bffff,892664ccb73ffff,44
892664cd08bffff,892664ccc7bffff,26
892664cd08bffff,892664ccd9bffff,127
892664cd08bffff,892664cce7bffff,90
892664cd08bffff,892664cd1b3ffff,67
892664cd08bffff,892664cd29bffff,48
892664cd08bffff,892664cd3b3ffff,99
892664cd08bffff,892664cd4cbffff,41
892664cd08bffff,892664cd6cfffff,27
892664cd08bffff,892664cd897ffff,46
892664cd08bffff,892664cd973ffff,42
892664cd08bffff,892664cdb0fffff,8
892664cd08bffff,892664ce203ffff,49
892664cd08bffff,892664ce35bffff,47
892664cd08bffff,892664cea67ffff,98
892664cd08bffff,892664cf017ffff,15
892664cd08bffff,892664cf12bffff,29
892664cd08bffff,892664cf2bbffff,27
892664cd08bffff,892664cf33bffff,65
892664cd08bffff,892664cf507ffff,74
892664cd08bffff,892664cf553ffff,36
892664cd08bffff,892664cf617ffff,28
892664cd08bffff,892664d88bbffff,18
892664cd08bffff,892664d8973ffff,22
892664cd08bffff,892664d8aa7ffff,9
892664cd08bffff,892664d8ccfffff,8
892664cd08bffff,892664d8e1bffff,5
892664cd08bffff,892664d9937ffff,5
892664cd1b3ffff,89266419157ffff,18
892664cd1b3ffff,89266419493ffff,194
892664cd1b3ffff,89266419607ffff,640
892664cd1b3ffff,892664520afffff,218
892664cd1b3ffff,89266452147ffff,17
892664cd1b3ffff,89266452c87ffff,141
892664cd1b3ffff,89266452dabffff,200
892664cd1b3ffff,89266456067ffff,568
892664cd1b3ffff,89266456137ffff,169
892664cd1b3ffff,892664562dbffff,502
892664cd1b3ffff,89266456413ffff,465
892664cd1b3ffff,89266457013ffff,15
892664cd1b3ffff,892664c13d3ffff,138
892664cd1b3ffff,892664c1607ffff,139
892664cd1b3ffff,892664c1a87ffff,1258
892664cd1b3ffff,892664c1b47ffff,1094
892664cd1b3ffff,892664c1ecfffff,1618
892664cd1b3ffff,892664c80afffff,154
892664cd1b3ffff,892664c81b7ffff,51
892664cd1b3ffff,892664c8cabffff,90
892664cd1b3ffff,892664c8d6bffff,54
892664cd1b3ffff,892664ca0abffff,30
892664cd1b3ffff,892664ca103ffff,149
892664cd1b3ffff,892664ca58fffff,13
892664cd1b3ffff,892664ca6b7ffff,146
892664cd1b3ffff,892664ca913ffff,1855
892664cd1b3ffff,892664caaafffff,88
892664cd1b3ffff,892664cac3bffff,569
892664cd1b3ffff,892664cae4fffff,74
892664cd1b3ffff,892664cb057ffff,26
892664cd1b3ffff,892664cb1a7ffff,32
892664cd1b3ffff,892664cb387ffff,28
892664cd1b3ffff,892664cb58fffff,75
892664cd1b3ffff,892664cc217ffff,698
892664cd1b3ffff,892664cc3b3ffff,719
892664cd1b3ffff,892664cc46fffff,215
892664cd1b3ffff,892664cc4dbffff,648
892664cd1b3ffff,892664cc563ffff,312
892664cd1b3ffff,892664cc5d7ffff,667
892664cd1b3ffff,892664cc847ffff,49
892664cd1b3ffff,892664cc8b3ffff,279
892664cd1b3ffff,892664ccb73ffff,560
892664cd1b3ffff,892664ccc7bffff,126
892664cd1b3ffff,892664ccd9bffff,536
892664cd1b3ffff,892664cce7bffff,626
892664cd1b3ffff,892664cd08bffff,100
892664cd1b3ffff,892664cd29bffff,59
892664cd1b3ffff,892664cd3b3ffff,292
892664cd1b3ffff,892664cd4cbffff,31
892664cd1b3ffff,892664cd6cfffff,67
892664cd1b3ffff,892664cd897ffff,386
892664cd1b3ffff,892664cd973ffff,459
892664cd1b3ffff,892664cdb0fffff,112
892664cd1b3ffff,892664ce203ffff,255
892664cd1b3ffff,892664ce35bffff,353
892664cd1b3ffff,892664cea67ffff,634
892664cd1b3ffff,892664cf017ffff,65
892664cd1b3ffff,892664cf12bffff,167
892664cd1b3ffff,892664cf2bbffff,69
892664cd1b3ffff,892664cf33bffff,272
892664cd1b3ffff,892664cf507ffff,670
892664cd1b3ffff,892664cf553ffff,153
892664cd1b3ffff,892664cf617ffff,92
892664cd1b3ffff,892664d88bbffff,187
892664cd1b3ffff,892664d8973ffff,117
892664cd1b3ffff,892664d8aa7ffff,14
892664cd1b3ffff,892664d8ccfffff,169
892664cd1b3ffff,892664d8e1bffff,25
892664cd1b3ffff,892664d9857ffff,14
892664cd1b3ffff,892664d9937ffff,22
892664cd1b3ffff,892664d9993ffff,7
892664cd1b3ffff,892664d9bcbffff,29
892664cd1b3ffff,892759369bbffff,83
892664cd29bffff,89266419607ffff,9
892664cd29bffff,892664520afffff,307
892664cd29bffff,89266452147ffff,23
892664cd29bffff,89266452c87ffff,54
892664cd29bffff,89266452dabffff,34
892664cd29bffff,89266456067ffff,13
892664cd29bffff,892664562dbffff,42
892664cd29bffff,89266456413ffff,51
892664cd29bffff,89266457013ffff,7
892664cd29bffff,892664c13d3ffff,72
892664cd29bffff,892664c1607ffff,143
892664cd29bffff,892664c1a87ffff,587
892664cd29bffff,892664c1b47ffff,489
892664cd29bffff,892664c1ecfffff,1679
892664cd29bffff,892664c80afffff,19
892664cd29bffff,892664c81b7ffff,8
892664cd29bffff,892664c8cabffff,49
892664cd29bffff,892664c8d6bffff,13
892664cd29bffff,892664ca0abffff,7
892664cd29bffff,892664ca103ffff,53
892664cd29bffff,892664ca58fffff,11
892664cd29bffff,892664ca6b7ffff,9
892664cd29bffff,892664ca913ffff,282
892664cd29bffff,892664caaafffff,8
892664cd29bffff,892664cac3bffff,88
892664cd29bffff,892664cae4fffff,8
892664cd29bffff,892664cb1a7ffff,10
892664cd29bffff,892664cb58fffff,6
892664cd29bffff,892664cc217ffff,92
892664cd29bffff,892664cc3b3ffff,87
892664cd29bffff,892664cc46fffff,26
892664cd29bffff,892664cc4dbffff,109
892664cd29bffff,892664cc563ffff,59
892664cd29bffff,892664cc5d7ffff,139
892664cd29bffff,892664cc847ffff,6
892664cd29bffff,892664cc8b3ffff,10
892664cd29bffff,892664ccb73ffff,18
892664cd29bffff,892664ccc7bffff,36
892664cd29bffff,892664ccd9bffff,49
892664cd29bffff,892664cce7bffff,113
892664cd29bffff,892664cd08bffff,36
892664cd29bffff,892664cd1b3ffff,38
892664cd29bffff,892664cd3b3ffff,47
892664cd29bffff,892664cd4cbffff,51
892664cd29bffff,892664cd6cfffff,51
892664cd29bffff,892664cd897ffff,65
892664cd29bffff,892664cd973ffff,167
892664cd29bffff,892664cdb0fffff,35
892664cd29bffff,892664ce203ffff,108
892664cd29bffff,892664ce35bffff,203
892664cd29bffff,892664cea67ffff,195
892664cd29bffff,892664cf017ffff,24
892664cd29bffff,892664cf12bffff,63
892664cd29bffff,892664cf2bbffff,20
892664cd29bffff,892664cf33bffff,30
892664cd29bffff,892664cf507ffff,189
892664cd29bffff,892664cf553ffff,22
892664cd29bffff,892664cf617ffff,28
892664cd29bffff,892664d88bbffff,14
892664cd29bffff,892664d8973ffff,27
892664cd29bffff,892664d8aa7ffff,12
892664cd29bffff,892664d8ccfffff,6
892664cd3b3ffff,89266419157ffff,34
892664cd3b3ffff,89266419493ffff,213
892664cd3b3ffff,89266419607ffff,202
892664cd3b3ffff,892664520afffff,245
892664cd3b3ffff,89266452147ffff,64
892664cd3b3ffff,89266452c87ffff,121
892664cd3b3ffff,89266452dabffff,244
892664cd3b3ffff,89266456067ffff,293
892664cd3b3ffff,89266456137ffff,71
892664cd3b3ffff,892664562dbffff,244
892664cd3b3ffff,89266456413ffff,1560
892664cd3b3ffff,89266457013ffff,15
892664cd3b3ffff,892664c13d3ffff,48
892664cd3b3ffff,892664c1607ffff,65
892664cd3b3ffff,892664c1a87ffff,913
892664cd3b3ffff,892664c1b47ffff,1162
892664cd3b3ffff,892664c1ecfffff,1375
892664cd3b3ffff,892664c80afffff,353
892664cd3b3ffff,892664c81b7ffff,48
892664cd3b3ffff,892664c8cabffff,86
892664cd3b3ffff,892664c8d6bffff,43
892664cd3b3ffff,892664ca0abffff,24
892664cd3b3ffff,892664ca103ffff,85
892664cd3b3ffff,892664ca58fffff,76
892664cd3b3ffff,892664ca6b7ffff,35
892664cd3b3ffff,892664ca913ffff,2624
892664cd3b3ffff,892664caaafffff,69
892664cd3b3ffff,892664cac3bffff,173
892664cd3b3ffff,892664cae4fffff,50
892664cd3b3ffff,892664cb1a7ffff,24
892664cd3b3ffff,892664cb58fffff,15
892664cd3b3ffff,892664cc217ffff,362
892664cd3b3ffff,892664cc3b3ffff,388
892664cd3b3ffff,892664cc46fffff,88
892664cd3b3ffff,892664cc4dbffff,521
892664cd3b3ffff,892664cc563ffff,194
892664cd3b3ffff,892664cc5d7ffff,631
892664cd3b3ffff,892664cc847ffff,37
892664cd3b3ffff,892664cc8b3ffff,326
892664cd3b3ffff,892664ccb73ffff,389
892664cd3b3ffff,892664ccc7bffff,115
892664cd3b3ffff,892664ccd9bffff,205
892664cd3b3ffff,892664cce7bffff,648
892664cd3b3ffff,892664cd08bffff,76
892664cd3b3ffff,892664cd1b3ffff,317
892664cd3b3ffff,892664cd29bffff,56
892664cd3b3ffff,892664cd4cbffff,47
892664cd3b3ffff,892664cd6cfffff,28
892664cd3b3ffff,892664cd897ffff,265
892664cd3b3ffff,892664cd973ffff,225
892664cd3b3ffff,892664cdb0fffff,116
892664cd3b3ffff,892664ce203ffff,370
892664cd3b3ffff,892664ce35bffff,400
892664cd3b3ffff,892664cea67ffff,550
892664cd3b3ffff,892664cf017ffff,49
892664cd3b3ffff,892664cf12bffff,93
892664cd3b3ffff,892664cf2bbffff,74
892664cd3b3ffff,892664cf33bffff,168
892664cd3b3ffff,892664cf507ffff,1054
892664cd3b3ffff,892664cf553ffff,115
892664cd3b3ffff,892664cf617ffff,121
892664cd3b3ffff,892664d88bbffff,93
892664cd3b3ffff,892664d8973ffff,75
892664cd3b3ffff,892664d8aa7ffff,11
892664cd3b3ffff,892664d8ccfffff,187
892664cd3b3ffff,892664d8e1bffff,38
892664cd3b3ffff,892664d9857ffff,12
892664cd3b3ffff,892664d9937ffff,10
892664cd3b3ffff,892664d9993ffff,10
892664cd3b3ffff,892664d9bcbffff,15
892664cd3b3ffff,892759369bbffff,13
892664cd447ffff,892664c1eabffff,5
892664cd4cbffff,89266419607ffff,19
892664cd4cbffff,892664520afffff,305
892664cd4cbffff,89266452147ffff,35
892664cd4cbffff,89266452c87ffff,26
892664cd4cbffff,89266452dabffff,67
892664cd4cbffff,89266456067ffff,11
892664cd4cbffff,89266456137ffff,7
892664cd4cbffff,892664562dbffff,17
892664cd4cbffff,89266456413ffff,71
892664cd4cbffff,892664c13d3ffff,119
892664cd4cbffff,892664c1607ffff,104
892664cd4cbffff,892664c1a87ffff,447
892664cd4cbffff,892664c1b47ffff,265
892664cd4cbffff,892664c1ecfffff,1101
892664cd4cbffff,892664c80afffff,39
892664cd4cbffff,892664c81b7ffff,19
892664cd4cbffff,892664c8cabffff,37
892664cd4cbffff,892664c8d6bffff,209
892664cd4cbffff,892664ca0abffff,36
892664cd4cbffff,892664ca103ffff,45
892664cd4cbffff,892664ca58fffff,13
892664cd4cbffff,892664ca6b7ffff,49
892664cd4cbffff,892664ca913ffff,737
892664cd4cbffff,892664caaafffff,26
892664cd4cbffff,892664cac3bffff,95
892664cd4cbffff,892664cae4fffff,14
892664cd4cbffff,892664cb1a7ffff,8
892664cd4cbffff,892664cb58fffff,16
892664cd4cbffff,892664cc217ffff,115
892664cd4cbffff,892664cc3b3ffff,199
892664cd4cbffff,892664cc46fffff,32
892664cd4cbffff,892664cc4dbffff,180
892664cd4cbffff,892664cc563ffff,132
892664cd4cbffff,892664cc5d7ffff,174
892664cd4cbffff,892664cc847ffff,6
892664cd4cbffff,892664cc8b3ffff,22
892664cd4cbffff,892664ccb73ffff,18
892664cd4cbffff,892664ccc7bffff,22
892664cd4cbffff,892664ccd9bffff,29
892664cd4cbffff,892664cce7bffff,678
892664cd4cbffff,892664cd08bffff,31
892664cd4cbffff,892664cd1b3ffff,31
892664cd4cbffff,892664cd29bffff,53
892664cd4cbffff,892664cd3b3ffff,67
892664cd4cbffff,892664cd6cfffff,52
892664cd4cbffff,892664cd897ffff,68
892664cd4cbffff,892664cd973ffff,53
892664cd4cbffff,892664cdb0fffff,71
892664cd4cbffff,892664ce203ffff,79
892664cd4cbffff,892664ce35bffff,156
892664cd4cbffff,892664cea67ffff,915
892664cd4cbffff,892664cf017ffff,40
892664cd4cbffff,892664cf12bffff,41
892664cd4cbffff,892664cf2bbffff,1050
892664cd4cbffff,892664cf33bffff,87
892664cd4cbffff,892664cf507ffff,169
892664cd4cbffff,892664cf553ffff,63
892664cd4cbffff,892664cf617ffff,66
892664cd4cbffff,892664d88bbffff,60
892664cd4cbffff,892664d8973ffff,64
892664cd4cbffff,892664d8ccfffff,38
892664cd4cbffff,892664d8e1bffff,22
892664cd4cbffff,892664d9857ffff,6
892664cd4cbffff,892664d9937ffff,18
892664cd4cbffff,892664d9bcbffff,5
892664cd52fffff,892664c1a8bffff,12
892664cd6cfffff,892664520afffff,184
892664cd6cfffff,89266452147ffff,16
892664cd6cfffff,89266452c87ffff,34
892664cd6cfffff,89266452dabffff,40
892664cd6cfffff,89266456067ffff,6
892664cd6cfffff,892664562dbffff,9
892664cd6cfffff,89266456413ffff,24
892664cd6cfffff,892664c13d3ffff,283
892664cd6cfffff,892664c1607ffff,56
892664cd6cfffff,892664c1a87ffff,314
892664cd6cfffff,892664c1b47ffff,272
892664cd6cfffff,892664c1ecfffff,548
892664cd6cfffff,892664c80afffff,17
892664cd6cfffff,892664c81b7ffff,16
892664cd6cfffff,892664c8cabffff,26
892664cd6cfffff,892664c8d6bffff,65
892664cd6cfffff,892664ca0abffff,19
892664cd6cfffff,892664ca103ffff,58
892664cd6cfffff,892664ca58fffff,8
892664cd6cfffff,892664ca6b7ffff,13
892664cd6cfffff,892664ca913ffff,282
892664cd6cfffff,892664caaafffff,19
892664cd6cfffff,892664cac3bffff,72
892664cd6cfffff,892664cb1a7ffff,10
892664cd6cfffff,892664cb58fffff,6
892664cd6cfffff,892664cc217ffff,149
892664cd6cfffff,892664cc3b3ffff,369
892664cd6cfffff,892664cc46fffff,42
892664cd6cfffff,892664cc4dbffff,190
892664cd6cfffff,892664cc563ffff,233
892664cd6cfffff,892664cc5d7ffff,197
892664cd6cfffff,892664cc8b3ffff,8
892664cd6cfffff,892664ccb73ffff,16
892664cd6cfffff,892664ccc7bffff,8
892664cd6cfffff,892664ccd9bffff,15
892664cd6cfffff,892664cce7bffff,256
892664cd6cfffff,892664cd08bffff,24
892664cd6cfffff,892664cd1b3ffff,69
892664cd6cfffff,892664cd29bffff,30
892664cd6cfffff,892664cd3b3ffff,32
892664cd6cfffff,892664cd4cbffff,78
892664cd6cfffff,892664cd897ffff,43
892664cd6cfffff,892664cd973ffff,20
892664cd6cfffff,892664cdb0fffff,10
892664cd6cfffff,892664ce203ffff,76
892664cd6cfffff,892664ce35bffff,211
892664cd6cfffff,892664cea67ffff,167
892664cd6cfffff,892664cf017ffff,26
892664cd6cfffff,892664cf12bffff,40
892664cd6cfffff,892664cf2bbffff,42
892664cd6cfffff,892664cf33bffff,39
892664cd6cfffff,892664cf507ffff,98
892664cd6cfffff,892664cf553ffff,17
892664cd6cfffff,892664cf617ffff,28
892664cd6cfffff,892664d88bbffff,25
892664cd6cfffff,892664d8973ffff,35
892664cd6cfffff,892664d8ccfffff,9
892664cd6cfffff,892664d8e1bffff,8
892664cd6cfffff,892664d9937ffff,6
892664cd6cfffff,892759369bbffff,5
892664cd897ffff,89266419157ffff,108
892664cd897ffff,89266419493ffff,134
892664cd897ffff,89266419607ffff,355
892664cd897ffff,892664520afffff,482
892664cd897ffff,89266452147ffff,43
892664cd897ffff,89266452c87ffff,150
892664cd897ffff,89266452dabffff,456
892664cd897ffff,89266456067ffff,549
892664cd897ffff,89266456137ffff,486
892664cd897ffff,892664562dbffff,316
892664cd897ffff,89266456413ffff,514
892664cd897ffff,89266457013ffff,34
892664cd897ffff,892664c13d3ffff,218
892664cd897ffff,892664c1607ffff,259
892664cd897ffff,892664c1a87ffff,2973
892664cd897ffff,892664c1b47ffff,4439
892664cd897ffff,892664c1ecfffff,2478
892664cd897ffff,892664c80afffff,216
892664cd897ffff,892664c81b7ffff,75
892664cd897ffff,892664c8cabffff,103
892664cd897ffff,892664c8d6bffff,50
892664cd897ffff,892664ca0abffff,65
892664cd897ffff,892664ca103ffff,150
892664cd897ffff,892664ca58fffff,52
892664cd897ffff,892664ca6b7ffff,107
892664cd897ffff,892664ca913ffff,5208
892664cd897ffff,892664caaafffff,217
892664cd897ffff,892664cac3bffff,387
892664cd897ffff,892664cae4fffff,142
892664cd897ffff,892664cb1a7ffff,31
892664cd897ffff,892664cb387ffff,9
892664cd897ffff,892664cb58fffff,196
892664cd897ffff,892664cc217ffff,842
892664cd897ffff,892664cc3b3ffff,1019
892664cd897ffff,892664cc46fffff,447
892664cd897ffff,892664cc4dbffff,1658
892664cd897ffff,892664cc563ffff,606
892664cd897ffff,892664cc5d7ffff,1251
892664cd897ffff,892664cc847ffff,58
892664cd897ffff,892664cc8b3ffff,239
892664cd897ffff,892664ccb73ffff,413
892664cd897ffff,892664ccc7bffff,192
892664cd897ffff,892664ccd9bffff,599
892664cd897ffff,892664cce7bffff,1140
892664cd897ffff,892664cd08bffff,57
892664cd897ffff,892664cd1b3ffff,347
892664cd897ffff,892664cd29bffff,150
892664cd897ffff,892664cd3b3ffff,413
892664cd897ffff,892664cd4cbffff,61
892664cd897ffff,892664cd6cfffff,28
892664cd897ffff,892664cd973ffff,485
892664cd897ffff,892664cdb0fffff,301
892664cd897ffff,892664ce203ffff,918
892664cd897ffff,892664ce35bffff,1131
892664cd897ffff,892664cea67ffff,1070
892664cd897ffff,892664cf017ffff,133
892664cd897ffff,892664cf12bffff,344
892664cd897ffff,892664cf2bbffff,123
892664cd897ffff,892664cf33bffff,334
892664cd897ffff,892664cf507ffff,1930
892664cd897ffff,892664cf553ffff,470
892664cd897ffff,892664cf617ffff,288
892664cd897ffff,892664d88bbffff,254
892664cd897ffff,892664d8973ffff,296
892664cd897ffff,892664d8aa7ffff,35
892664cd897ffff,892664d8ccfffff,250
892664cd897ffff,892664d8e1bffff,288
892664cd897ffff,892664d9857ffff,16
892664cd897ffff,892664d9937ffff,23
892664cd897ffff,892664d9993ffff,15
892664cd897ffff,892664d9bcbffff,76
892664cd897ffff,892759369bbffff,108
892664cd937ffff,892664c1b0bffff,7
892664cd973ffff,89266419157ffff,238
892664cd973ffff,89266419493ffff,79
892664cd973ffff,89266419607ffff,387
892664cd973ffff,892664520afffff,272
892664cd973ffff,89266452147ffff,61
892664cd973ffff,89266452c87ffff,100
892664cd973ffff,89266452dabffff,269
892664cd973ffff,89266456067ffff,718
892664cd973ffff,89266456137ffff,303
892664cd973ffff,892664562dbffff,404
892664cd973ffff,89266456413ffff,644
892664cd973ffff,89266457013ffff,55
892664cd973ffff,892664c13d3ffff,110
892664cd973ffff,892664c1607ffff,95
892664cd973ffff,892664c1a87ffff,1867
892664cd973ffff,892664c1b47ffff,5925
892664cd973ffff,892664c1ecfffff,962
892664cd973ffff,892664c80afffff,184
892664cd973ffff,892664c81b7ffff,37
892664cd973ffff,892664c8cabffff,78
892664cd973ffff,892664c8d6bffff,50
892664cd973ffff,892664ca0abffff,44
892664cd973ffff,892664ca103ffff,100
892664cd973ffff,892664ca3cfffff,16
892664cd973ffff,892664ca58fffff,43
892664cd973ffff,892664ca6b7ffff,78
892664cd973ffff,892664ca913ffff,4003
892664cd973ffff,892664caaafffff,112
892664cd973ffff,892664cac3bffff,206
892664cd973ffff,892664cae4fffff,43
892664cd973ffff,892664cb1a7ffff,8
892664cd973ffff,892664cb58fffff,156
892664cd973ffff,892664cc217ffff,829
892664cd973ffff,892664cc3b3ffff,927
892664cd973ffff,892664cc46fffff,384
892664cd973ffff,892664cc4dbffff,2294
892664cd973ffff,892664cc563ffff,478
892664cd973ffff,892664cc5d7ffff,1044
892664cd973ffff,892664cc847ffff,45
892664cd973ffff,892664cc8b3ffff,227
892664cd973ffff,892664ccb73ffff,333
892664cd973ffff,892664ccc7bffff,206
892664cd973ffff,892664ccd9bffff,400
892664cd973ffff,892664cce7bffff,932
892664cd973ffff,892664cd08bffff,86
892664cd973ffff,892664cd1b3ffff,565
892664cd973ffff,892664cd29bffff,141
892664cd973ffff,892664cd3b3ffff,342
892664cd973ffff,892664cd4cbffff,45
892664cd973ffff,892664cd6cfffff,12
892664cd973ffff,892664cd897ffff,543
892664cd973ffff,892664cdb0fffff,303
892664cd973ffff,892664ce203ffff,1196
892664cd973ffff,892664ce35bffff,1089
892664cd973ffff,892664cea67ffff,1008
892664cd973ffff,892664cf017ffff,156
892664cd973ffff,892664cf12bffff,440
892664cd973ffff,892664cf2bbffff,146
892664cd973ffff,892664cf33bffff,257
892664cd973ffff,892664cf507ffff,3117
892664cd973ffff,892664cf553ffff,907
892664cd973ffff,892664cf617ffff,561
892664cd973ffff,892664d88bbffff,236
892664cd973ffff,892664d8973ffff,179
892664cd973ffff,892664d8aa7ffff,17
892664cd973ffff,892664d8ccfffff,88
892664cd973ffff,892664d8e1bffff,20
892664cd973ffff,892664d9857ffff,5
892664cd973ffff,892664d9937ffff,34
892664cd973ffff,892664d9993ffff,17
892664cd973ffff,892664d9bcbffff,66
892664cd973ffff,892759369bbffff,76
892664cdb0fffff,89266419157ffff,71
892664cdb0fffff,89266419493ffff,42
892664cdb0fffff,89266419607ffff,332
892664cdb0fffff,892664520afffff,241
892664cdb0fffff,89266452147ffff,31
892664cdb0fffff,89266452c87ffff,67
892664cdb0fffff,89266452dabffff,118
892664cdb0fffff,89266456067ffff,268
892664cdb0fffff,89266456137ffff,177
892664cdb0fffff,892664562dbffff,237
892664cdb0fffff,89266456413ffff,478
892664cdb0fffff,89266457013ffff,16
892664cdb0fffff,892664c13d3ffff,27
892664cdb0fffff,892664c1607ffff,32
892664cdb0fffff,892664c1a87ffff,171
892664cdb0fffff,892664c1b47ffff,888
892664cdb0fffff,892664c1ecfffff,210
892664cdb0fffff,892664c80afffff,28
892664cdb0fffff,892664c81b7ffff,7
892664cdb0fffff,892664c8cabffff,8
892664cdb0fffff,892664c8d6bffff,16
892664cdb0fffff,892664ca0abffff,16
892664cdb0fffff,892664ca103ffff,13
892664cdb0fffff,892664ca58fffff,10
892664cdb0fffff,892664ca6b7ffff,12
892664cdb0fffff,892664ca913ffff,501
892664cdb0fffff,892664caaafffff,15
892664cdb0fffff,892664cac3bffff,49
892664cdb0fffff,892664cae4fffff,10
892664cdb0fffff,892664cb1a7ffff,5
892664cdb0fffff,892664cb387ffff,7
892664cdb0fffff,892664cc217ffff,541
892664cdb0fffff,892664cc3b3ffff,828
892664cdb0fffff,892664cc46fffff,260
892664cdb0fffff,892664cc4dbffff,1506
892664cdb0fffff,892664cc563ffff,348
892664cdb0fffff,892664cc5d7ffff,607
892664cdb0fffff,892664cc847ffff,26
892664cdb0fffff,892664cc8b3ffff,275
892664cdb0fffff,892664ccb73ffff,254
892664cdb0fffff,892664ccc7bffff,191
892664cdb0fffff,892664ccd9bffff,716
892664cdb0fffff,892664cce7bffff,685
892664cdb0fffff,892664cd08bffff,22
892664cdb0fffff,892664cd1b3ffff,168
892664cdb0fffff,892664cd29bffff,44
892664cdb0fffff,892664cd3b3ffff,235
892664cdb0fffff,892664cd4cbffff,38
892664cdb0fffff,892664cd6cfffff,13
892664cdb0fffff,892664cd897ffff,374
892664cdb0fffff,892664cd973ffff,511
892664cdb0fffff,892664ce203ffff,612
892664cdb0fffff,892664ce35bffff,448
892664cdb0fffff,892664cea67ffff,742
892664cdb0fffff,892664cf017ffff,45
892664cdb0fffff,892664cf12bffff,313
892664cdb0fffff,892664cf2bbffff,43
892664cdb0fffff,892664cf33bffff,226
892664cdb0fffff,892664cf507ffff,916
892664cdb0fffff,892664cf553ffff,371
892664cdb0fffff,892664cf617ffff,117
892664cdb0fffff,892664d88bbffff,30
892664cdb0fffff,892664d8973ffff,30
892664cdb0fffff,892664d8aa7ffff,8
892664cdb0fffff,892664d8ccfffff,13
892664cdb0fffff,892664d8e1bffff,52
892664cdb0fffff,892664d9bcbffff,8
892664cdb0fffff,892759369bbffff,8
892664cddbbffff,89266452183ffff,6
892664cddbbffff,892664c114fffff,7
892664cddbbffff,892664c1a07ffff,17
892664cddbbffff,892664c1a63ffff,101
892664cddbbffff,892664c1a8bffff,155
892664cddbbffff,892664c1aa7ffff,103
892664cddbbffff,892664c1ab3ffff,104
892664cddbbffff,892664c1acfffff,67
892664cddbbffff,892664c1adbffff,99
892664cddbbffff,892664c1b0bffff,413
892664cddbbffff,892664c1b6fffff,59
892664cddbbffff,892664c1e0fffff,49
892664cddbbffff,892664c1e13ffff,25
892664cddbbffff,892664c1e2fffff,134
892664cddbbffff,892664c1e33ffff,59
892664cddbbffff,892664c1e4fffff,70
892664cddbbffff,892664c1e73ffff,38
892664cddbbffff,892664c1e8fffff,32
892664cddbbffff,892664c1ea7ffff,54
892664cddbbffff,892664c1eabffff,96
892664cddbbffff,892664c1ecfffff,5
892664cddbbffff,892664ca943ffff,181
892664cddbbffff,892664ca993ffff,11
892664cddbbffff,892664ca9c3ffff,14
892664cddbbffff,892664cad77ffff,25
892664cddbbffff,892664cad8bffff,6
892664cddbbffff,892664cc58fffff,12
892664cddbbffff,892664cce4fffff,5
892664cddbbffff,892664ce24fffff,7
892664cddbbffff,892664ce347ffff,24
892664cddbbffff,892664ce36fffff,5
892664cddbbffff,892664cf1bbffff,7
892664cddbbffff,892664cf4afffff,8
892664cddbbffff,892664cf513ffff,5
892664cddbbffff,892664cf5afffff,16
892664ce203ffff,89266419157ffff,18
892664ce203ffff,89266419493ffff,339
892664ce203ffff,89266419607ffff,1023
892664ce203ffff,892664520afffff,867
892664ce203ffff,89266452147ffff,51
892664ce203ffff,89266452c87ffff,851
892664ce203ffff,89266452dabffff,306
892664ce203ffff,89266456067ffff,239
892664ce203ffff,89266456137ffff,47
892664ce203ffff,892664562dbffff,349
892664ce203ffff,89266456413ffff,810
892664ce203ffff,89266457013ffff,5
892664ce203ffff,892664c13d3ffff,458
892664ce203ffff,892664c1607ffff,1112
892664ce203ffff,892664c1a87ffff,2121
892664ce203ffff,892664c1b47ffff,1711
892664ce203ffff,892664c1ecfffff,3625
892664ce203ffff,892664c80afffff,416
892664ce203ffff,892664c81b7ffff,113
892664ce203ffff,892664c8cabffff,154
892664ce203ffff,892664c8d6bffff,128
892664ce203ffff,892664ca0abffff,480
892664ce203ffff,892664ca103ffff,253
892664ce203ffff,892664ca3cfffff,12
892664ce203ffff,892664ca58fffff,155
892664ce203ffff,892664ca6b7ffff,647
892664ce203ffff,892664ca913ffff,2745
892664ce203ffff,892664caaafffff,128
892664ce203ffff,892664cac3bffff,255
892664ce203ffff,892664cae4fffff,278
892664ce203ffff,892664cb1a7ffff,26
892664ce203ffff,892664cb387ffff,7
892664ce203ffff,892664cb58fffff,51
892664ce203ffff,892664cc217ffff,643
892664ce203ffff,892664cc3b3ffff,1242
892664ce203ffff,892664cc46fffff,296
892664ce203ffff,892664cc4dbffff,1693
892664ce203ffff,892664cc563ffff,891
892664ce203ffff,892664cc5d7ffff,1603
892664ce203ffff,892664cc847ffff,42
892664ce203ffff,892664cc8b3ffff,700
892664ce203ffff,892664ccb73ffff,1299
892664ce203ffff,892664ccc7bffff,607
892664ce203ffff,892664ccd9bffff,702
892664ce203ffff,892664cce7bffff,2644
892664ce203ffff,892664cd08bffff,71
892664ce203ffff,892664cd1b3ffff,406
892664ce203ffff,892664cd29bffff,102
892664ce203ffff,892664cd3b3ffff,543
892664ce203ffff,892664cd4cbffff,152
892664ce203ffff,892664cd6cfffff,81
892664ce203ffff,892664cd897ffff,1126
892664ce203ffff,892664cd973ffff,1041
892664ce203ffff,892664cdb0fffff,106
892664ce203ffff,892664ce35bffff,1193
892664ce203ffff,892664cea67ffff,1462
892664ce203ffff,892664cf017ffff,217
892664ce203ffff,892664cf12bffff,267
892664ce203ffff,892664cf2bbffff,258
892664ce203ffff,892664cf33bffff,432
892664ce203ffff,892664cf507ffff,2758
892664ce203ffff,892664cf553ffff,177
892664ce203ffff,892664cf617ffff,380
892664ce203ffff,892664d88bbffff,1426
892664ce203ffff,892664d8973ffff,2978
892664ce203ffff,892664d8aa7ffff,59
892664ce203ffff,892664d8ccfffff,141
892664ce203ffff,892664d8e1bffff,80
892664ce203ffff,892664d9857ffff,14
892664ce203ffff,892664d9937ffff,44
892664ce203ffff,892664d9993ffff,20
892664ce203ffff,892664d9bcbffff,37
892664ce203ffff,892759369bbffff,52
892664ce207ffff,89266452183ffff,13
892664ce207ffff,892664c1a63ffff,19
892664ce207ffff,892664c1a8bffff,52
892664ce207ffff,892664c1aa7ffff,19
892664ce207ffff,892664c1ab3ffff,14
892664ce207ffff,892664c1acfffff,10
892664ce207ffff,892664c1b0bffff,56
892664ce207ffff,892664c1b6fffff,15
892664ce207ffff,892664c1e0fffff,19
892664ce207ffff,892664c1e2fffff,26
892664ce207ffff,892664c1e33ffff,16
892664ce207ffff,892664c1e4fffff,5
892664ce207ffff,892664c1e73ffff,31
892664ce207ffff,892664c1e8fffff,6
892664ce207ffff,892664c1ea7ffff,5
892664ce207ffff,892664c1eabffff,69
892664ce207ffff,892664ca943ffff,44
892664ce207ffff,892664cddbbffff,19
892664ce207ffff,892664cf5afffff,8
892664ce207ffff,892664d8923ffff,5
892664ce227ffff,892664c1a63ffff,6
892664ce227ffff,892664c1a8bffff,10
892664ce227ffff,892664c1ab3ffff,5
892664ce227ffff,892664c1b0bffff,13
892664ce227ffff,892664c1e2fffff,19
892664ce227ffff,892664c1e4fffff,8
892664ce227ffff,892664c1eabffff,5
892664ce227ffff,892664ca943ffff,8
892664ce227ffff,892664d8923ffff,8
892664ce247ffff,892664c1eabffff,5
892664ce24fffff,892664c1a63ffff,13
892664ce24fffff,892664c1a8bffff,26
892664ce24fffff,892664c1ab3ffff,7
892664ce24fffff,892664c1acfffff,5
892664ce24fffff,892664c1b0bffff,20
892664ce24fffff,892664c1b6fffff,26
892664ce24fffff,892664c1e0fffff,55
892664ce24fffff,892664c1e13ffff,7
892664ce24fffff,892664c1e2fffff,13
892664ce24fffff,892664c1e33ffff,6
892664ce24fffff,892664c1eabffff,36
892664ce24fffff,892664ca943ffff,46
892664ce24fffff,892664cc553ffff,9
892664ce24fffff,892664cddbbffff,5
892664ce24fffff,892664cf5afffff,9
892664ce2c7ffff,892664c1b0bffff,5
892664ce2c7ffff,892664c1e0fffff,7
892664ce347ffff,89266452183ffff,65
892664ce347ffff,892664c116fffff,5
892664ce347ffff,892664c1377ffff,8
892664ce347ffff,892664c1a07ffff,13
892664ce347ffff,892664c1a63ffff,67
892664ce347ffff,892664c1a8bffff,300
892664ce347ffff,892664c1aa7ffff,26
892664ce347ffff,892664c1ab3ffff,124
892664ce347ffff,892664c1acfffff,76
892664ce347ffff,892664c1adbffff,30
892664ce347ffff,892664c1b0bffff,160
892664ce347ffff,892664c1b6fffff,76
892664ce347ffff,892664c1e0fffff,72
892664ce347ffff,892664c1e13ffff,28
892664ce347ffff,892664c1e2fffff,201
892664ce347ffff,892664c1e33ffff,141
892664ce347ffff,892664c1e4fffff,19
892664ce347ffff,892664c1e73ffff,21
892664ce347ffff,892664c1e8fffff,36
892664ce347ffff,892664c1ea7ffff,24
892664ce347ffff,892664c1eabffff,537
892664ce347ffff,892664c1ec7ffff,7
892664ce347ffff,892664c1ecfffff,9
892664ce347ffff,892664ca943ffff,168
892664ce347ffff,892664ca963ffff,6
892664ce347ffff,892664ca993ffff,5
892664ce347ffff,892664ca9c3ffff,20
892664ce347ffff,892664cad77ffff,14
892664ce347ffff,892664cc553ffff,72
892664ce347ffff,892664cc58fffff,14
892664ce347ffff,892664cddbbffff,35
892664ce347ffff,892664ce227ffff,6
892664ce347ffff,892664ce36fffff,12
892664ce347ffff,892664cf4afffff,6
892664ce347ffff,892664d8923ffff,16
892664ce347ffff,892664d896fffff,17
892664ce34fffff,89266452183ffff,8
892664ce34fffff,892664c1eabffff,9
892664ce35bffff,89266419157ffff,39
892664ce35bffff,89266419493ffff,248
892664ce35bffff,89266419607ffff,900
892664ce35bffff,892664520afffff,3290
892664ce35bffff,89266452147ffff,55
892664ce35bffff,89266452c87ffff,101
892664ce35bffff,89266452dabffff,433
892664ce35bffff,89266456067ffff,267
892664ce35bffff,89266456137ffff,95
892664ce35bffff,892664562dbffff,1008
892664ce35bffff,89266456413ffff,1400
892664ce35bffff,89266457013ffff,9
892664ce35bffff,892664c13d3ffff,1222
892664ce35bffff,892664c1607ffff,3153
892664ce35bffff,892664c1a87ffff,6987
892664ce35bffff,892664c1b47ffff,4012
892664ce35bffff,892664c1ecfffff,10438
892664ce35bffff,892664c80afffff,396
892664ce35bffff,892664c81b7ffff,233
892664ce35bffff,892664c8cabffff,325
892664ce35bffff,892664c8d6bffff,203
892664ce35bffff,892664ca0abffff,611
892664ce35bffff,892664ca103ffff,750
892664ce35bffff,892664ca3cfffff,6
892664ce35bffff,892664ca58fffff,102
892664ce35bffff,892664ca6b7ffff,412
892664ce35bffff,892664ca913ffff,8626
892664ce35bffff,892664caaafffff,247
892664ce35bffff,892664cac3bffff,705
892664ce35bffff,892664cae4fffff,179
892664ce35bffff,892664cb057ffff,15
892664ce35bffff,892664cb1a7ffff,19
892664ce35bffff,892664cb387ffff,27
892664ce35bffff,892664cb58fffff,112
892664ce35bffff,892664cc217ffff,1211
892664ce35bffff,892664cc3b3ffff,2039
892664ce35bffff,892664cc46fffff,807
892664ce35bffff,892664cc4dbffff,4537
892664ce35bffff,892664cc563ffff,2647
892664ce35bffff,892664cc5d7ffff,6641
892664ce35bffff,892664cc847ffff,144
892664ce35bffff,892664cc8b3ffff,1035
892664ce35bffff,892664ccb73ffff,1021
892664ce35bffff,892664ccc7bffff,592
892664ce35bffff,892664ccd9bffff,1260
892664ce35bffff,892664cce7bffff,3945
892664ce35bffff,892664cd08bffff,85
892664ce35bffff,892664cd1b3ffff,485
892664ce35bffff,892664cd29bffff,191
892664ce35bffff,892664cd3b3ffff,490
892664ce35bffff,892664cd4cbffff,211
892664ce35bffff,892664cd6cfffff,313
892664ce35bffff,892664cd897ffff,1535
892664ce35bffff,892664cd973ffff,1315
892664ce35bffff,892664cdb0fffff,409
892664ce35bffff,892664ce203ffff,1521
892664ce35bffff,892664cea67ffff,3288
892664ce35bffff,892664cf017ffff,274
892664ce35bffff,892664cf12bffff,459
892664ce35bffff,892664cf2bbffff,513
892664ce35bffff,892664cf33bffff,860
892664ce35bffff,892664cf507ffff,3480
892664ce35bffff,892664cf553ffff,563
892664ce35bffff,892664cf617ffff,341
892664ce35bffff,892664d88bbffff,1277
892664ce35bffff,892664d8973ffff,4070
892664ce35bffff,892664d8aa7ffff,120
892664ce35bffff,892664d8ccfffff,231
892664ce35bffff,892664d8e1bffff,182
892664ce35bffff,892664d9857ffff,19
892664ce35bffff,892664d9937ffff,32
892664ce35bffff,892664d9993ffff,18
892664ce35bffff,892664d9bcbffff,64
892664ce35bffff,892759369bbffff,41
892664ce35bffff,89275936d53ffff,5
892664ce367ffff,892664c1a8bffff,25
892664ce367ffff,892664c1ab3ffff,8
892664ce367ffff,892664c1acfffff,8
892664ce367ffff,892664c1e33ffff,14
892664ce367ffff,892664c1e4fffff,8
892664ce367ffff,892664c1eabffff,19
892664ce367ffff,892664ca943ffff,7
892664ce36fffff,89266452183ffff,6
892664ce36fffff,892664c1a63ffff,7
892664ce36fffff,892664c1a8bffff,25
892664ce36fffff,892664c1aa7ffff,7
892664ce36fffff,892664c1ab3ffff,10
892664ce36fffff,892664c1acfffff,8
892664ce36fffff,892664c1b0bffff,23
892664ce36fffff,892664c1b6fffff,8
892664ce36fffff,892664c1e2fffff,12
892664ce36fffff,892664c1e33ffff,6
892664ce36fffff,892664c1e73ffff,7
892664ce36fffff,892664c1eabffff,15
892664ce36fffff,892664cc553ffff,10
892664ce36fffff,892664ce347ffff,14
892664ce377ffff,892664c1ab3ffff,5
892664ce377ffff,892664c1b0bffff,8
892664ce377ffff,892664c1e2fffff,9
892664ce377ffff,892664c1eabffff,11
892664cea07ffff,892664c1b0bffff,5
892664cea07ffff,892664c1e2fffff,6
892664cea07ffff,892664c1e33ffff,5
892664cea07ffff,892664c1eabffff,6
892664cea0bffff,892664c1a8bffff,6
892664cea4fffff,892664c1e2fffff,5
892664cea4fffff,892664c1eabffff,5
892664cea4fffff,892664ca943ffff,5
892664cea67ffff,89266419157ffff,395
892664cea67ffff,89266419493ffff,413
892664cea67ffff,89266419607ffff,1439
892664cea67ffff,892664520afffff,554
892664cea67ffff,89266452147ffff,116
892664cea67ffff,89266452c87ffff,300
892664cea67ffff,89266452dabffff,843
892664cea67ffff,89266456067ffff,1641
892664cea67ffff,89266456137ffff,1265
892664cea67ffff,892664562dbffff,2053
892664cea67ffff,89266456413ffff,2543
892664cea67ffff,89266457013ffff,110
892664cea67ffff,892664c13d3ffff,2721
892664cea67ffff,892664c1607ffff,1213
892664cea67ffff,892664c1a87ffff,11786
892664cea67ffff,892664c1b47ffff,6743
892664cea67ffff,892664c1ecfffff,16725
892664cea67ffff,892664c80afffff,827
892664cea67ffff,892664c81b7ffff,193
892664cea67ffff,892664c8cabffff,340
892664cea67ffff,892664c8d6bffff,924
892664cea67ffff,892664ca0abffff,425
892664cea67ffff,892664ca103ffff,396
892664cea67ffff,892664ca3cfffff,30
892664cea67ffff,892664ca58fffff,65
892664cea67ffff,892664ca6b7ffff,358
892664cea67ffff,892664ca913ffff,17119
892664cea67ffff,892664caaafffff,598
892664cea67ffff,892664cac3bffff,1485
892664cea67ffff,892664cae4fffff,167
892664cea67ffff,892664cb057ffff,21
892664cea67ffff,892664cb1a7ffff,49
892664cea67ffff,892664cb387ffff,26
892664cea67ffff,892664cb58fffff,112
892664cea67ffff,892664cc217ffff,1494
892664cea67ffff,892664cc3b3ffff,2558
892664cea67ffff,892664cc46fffff,939
892664cea67ffff,892664cc4dbffff,3777
892664cea67ffff,892664cc563ffff,2638
892664cea67ffff,892664cc5d7ffff,4814
892664cea67ffff,892664cc847ffff,184
892664cea67ffff,892664cc8b3ffff,1279
892664cea67ffff,892664ccb73ffff,1965
892664cea67ffff,892664ccc7bffff,813
892664cea67ffff,892664ccd9bffff,1911
892664cea67ffff,892664cce7bffff,2551
892664cea67ffff,892664cd08bffff,124
892664cea67ffff,892664cd1b3ffff,700
892664cea67ffff,892664cd29bffff,224
892664cea67ffff,892664cd3b3ffff,617
892664cea67ffff,892664cd4cbffff,277
892664cea67ffff,892664cd6cfffff,116
892664cea67ffff,892664cd897ffff,1078
892664cea67ffff,892664cd973ffff,1071
892664cea67ffff,892664cdb0fffff,512
892664cea67ffff,892664ce203ffff,1072
892664cea67ffff,892664ce35bffff,2588
892664cea67ffff,892664cf017ffff,421
892664cea67ffff,892664cf12bffff,1052
892664cea67ffff,892664cf2bbffff,545
892664cea67ffff,892664cf33bffff,926
892664cea67ffff,892664cf507ffff,3940
892664cea67ffff,892664cf553ffff,722
892664cea67ffff,892664cf617ffff,1418
892664cea67ffff,892664d88bbffff,718
892664cea67ffff,892664d8973ffff,1657
892664cea67ffff,892664d8aa7ffff,253
892664cea67ffff,892664d8ccfffff,838
892664cea67ffff,892664d8e1bffff,180
892664cea67ffff,892664d9857ffff,59
892664cea67ffff,892664d9937ffff,133
892664cea67ffff,892664d9993ffff,57
892664cea67ffff,892664d9bcbffff,88
892664cea67ffff,892759369bbffff,163
892664ceb1bffff,892664c1a07ffff,5
892664ceb1bffff,892664c1a63ffff,11
892664ceb1bffff,892664c1a8bffff,18
892664ceb1bffff,892664c1b0bffff,14
892664ceb1bffff,892664c1b6fffff,7
892664ceb1bffff,892664c1e13ffff,5
892664ceb1bffff,892664c1e2fffff,9
892664ceb1bffff,892664c1e33ffff,12
892664ceb1bffff,892664c1e4fffff,9
892664ceb1bffff,892664c1e8fffff,5
892664ceb1bffff,892664c1ea7ffff,18
892664ceb1bffff,892664c1eabffff,16
892664ceb1bffff,892664ca943ffff,13
892664ceb1bffff,892664ca993ffff,6
892664cf017ffff,89266419493ffff,8
892664cf017ffff,89266419607ffff,133
892664cf017ffff,892664520afffff,1008
892664cf017ffff,89266452147ffff,52
892664cf017ffff,89266452c87ffff,37
892664cf017ffff,89266452dabffff,63
892664cf017ffff,89266456067ffff,156
892664cf017ffff,89266456137ffff,22
892664cf017ffff,892664562dbffff,330
892664cf017ffff,89266456413ffff,377
892664cf017ffff,89266457013ffff,6
892664cf017ffff,892664c13d3ffff,173
892664cf017ffff,892664c1607ffff,333
892664cf017ffff,892664c1a87ffff,1431
892664cf017ffff,892664c1b47ffff,824
892664cf017ffff,892664c1ecfffff,1464
892664cf017ffff,892664c80afffff,97
892664cf017ffff,892664c81b7ffff,26
892664cf017ffff,892664c8cabffff,53
892664cf017ffff,892664c8d6bffff,80
892664cf017ffff,892664ca0abffff,61
892664cf017ffff,892664ca103ffff,100
892664cf017ffff,892664ca58fffff,41
892664cf017ffff,892664ca6b7ffff,215
892664cf017ffff,892664ca913ffff,1396
892664cf017ffff,892664caaafffff,63
892664cf017ffff,892664cac3bffff,297
892664cf017ffff,892664cae4fffff,49
892664cf017ffff,892664cb057ffff,5
892664cf017ffff,892664cb1a7ffff,14
892664cf017ffff,892664cb58fffff,56
892664cf017ffff,892664cc217ffff,203
892664cf017ffff,892664cc3b3ffff,234
892664cf017ffff,892664cc46fffff,110
892664cf017ffff,892664cc4dbffff,516
892664cf017ffff,892664cc563ffff,175
892664cf017ffff,892664cc5d7ffff,377
892664cf017ffff,892664cc847ffff,13
892664cf017ffff,892664cc8b3ffff,118
892664cf017ffff,892664ccb73ffff,387
892664cf017ffff,892664ccc7bffff,69
892664cf017ffff,892664ccd9bffff,212
892664cf017ffff,892664cce7bffff,475
892664cf017ffff,892664cd08bffff,24
892664cf017ffff,892664cd1b3ffff,95
892664cf017ffff,892664cd29bffff,73
892664cf017ffff,892664cd3b3ffff,44
892664cf017ffff,892664cd4cbffff,65
892664cf017ffff,892664cd6cfffff,18
892664cf017ffff,892664cd897ffff,192
892664cf017ffff,892664cd973ffff,263
892664cf017ffff,892664cdb0fffff,38
892664cf017ffff,892664ce203ffff,204
892664cf017ffff,892664ce35bffff,254
892664cf017ffff,892664cea67ffff,377
892664cf017ffff,892664cf12bffff,102
892664cf017ffff,892664cf2bbffff,183
892664cf017ffff,892664cf33bffff,141
892664cf017ffff,892664cf507ffff,656
892664cf017ffff,892664cf553ffff,384
892664cf017ffff,892664cf617ffff,230
892664cf017ffff,892664d88bbffff,286
892664cf017ffff,892664d8973ffff,302
892664cf017ffff,892664d8aa7ffff,60
892664cf017ffff,892664d8ccfffff,54
892664cf017ffff,892664d8e1bffff,17
892664cf017ffff,892664d9857ffff,18
892664cf017ffff,892664d9937ffff,40
892664cf017ffff,892664d9993ffff,55
892664cf017ffff,892664d9bcbffff,27
892664cf017ffff,892759369bbffff,33
892664cf10fffff,892664c1a8bffff,5
892664cf10fffff,892664c1b0bffff,7
892664cf10fffff,892664c1eabffff,6
892664cf10fffff,892664ca943ffff,8
892664cf12bffff,89266419157ffff,82
892664cf12bffff,89266419493ffff,349
892664cf12bffff,89266419607ffff,1642
892664cf12bffff,892664520afffff,415
892664cf12bffff,89266452147ffff,17
892664cf12bffff,89266452c87ffff,57
892664cf12bffff,89266452dabffff,389
892664cf12bffff,89266456067ffff,3126
892664cf12bffff,89266456137ffff,898
892664cf12bffff,892664562dbffff,2045
892664cf12bffff,89266456413ffff,1922
892664cf12bffff,89266457013ffff,35
892664cf12bffff,892664c13d3ffff,518
892664cf12bffff,892664c1607ffff,900
892664cf12bffff,892664c1a87ffff,873
892664cf12bffff,892664c1b47ffff,656
892664cf12bffff,892664c1ecfffff,2818
892664cf12bffff,892664c80afffff,591
892664cf12bffff,892664c81b7ffff,126
892664cf12bffff,892664c8cabffff,166
892664cf12bffff,892664c8d6bffff,203
892664cf12bffff,892664ca0abffff,589
892664cf12bffff,892664ca103ffff,371
892664cf12bffff,892664ca3cfffff,8
892664cf12bffff,892664ca58fffff,57
892664cf12bffff,892664ca6b7ffff,812
892664cf12bffff,892664ca913ffff,2064
892664cf12bffff,892664caaafffff,119
892664cf12bffff,892664cac3bffff,562
892664cf12bffff,892664cae4fffff,159
892664cf12bffff,892664cb057ffff,6
892664cf12bffff,892664cb1a7ffff,13
892664cf12bffff,892664cb58fffff,234
892664cf12bffff,892664cc217ffff,548
892664cf12bffff,892664cc3b3ffff,678
892664cf12bffff,892664cc46fffff,205
892664cf12bffff,892664cc4dbffff,655
892664cf12bffff,892664cc563ffff,344
892664cf12bffff,892664cc5d7ffff,488
892664cf12bffff,892664cc847ffff,80
892664cf12bffff,892664cc8b3ffff,352
892664cf12bffff,892664ccb73ffff,1056
892664cf12bffff,892664ccc7bffff,179
892664cf12bffff,892664ccd9bffff,441
892664cf12bffff,892664cce7bffff,1043
892664cf12bffff,892664cd08bffff,50
892664cf12bffff,892664cd1b3ffff,400
892664cf12bffff,892664cd29bffff,59
892664cf12bffff,892664cd3b3ffff,198
892664cf12bffff,892664cd4cbffff,40
892664cf12bffff,892664cd6cfffff,163
892664cf12bffff,892664cd897ffff,450
892664cf12bffff,892664cd973ffff,1039
892664cf12bffff,892664cdb0fffff,209
892664cf12bffff,892664ce203ffff,272
892664cf12bffff,892664ce35bffff,384
892664cf12bffff,892664cea67ffff,837
892664cf12bffff,892664cf017ffff,105
892664cf12bffff,892664cf2bbffff,164
892664cf12bffff,892664cf33bffff,418
892664cf12bffff,892664cf507ffff,550
892664cf12bffff,892664cf553ffff,264
892664cf12bffff,892664cf617ffff,109
892664cf12bffff,892664d88bbffff,288
892664cf12bffff,892664d8973ffff,1151
892664cf12bffff,892664d8aa7ffff,41
892664cf12bffff,892664d8ccfffff,134
892664cf12bffff,892664d8e1bffff,51
892664cf12bffff,892664d9857ffff,16
892664cf12bffff,892664d9937ffff,51
892664cf12bffff,892664d9993ffff,6
892664cf12bffff,892664d9bcbffff,29
892664cf12bffff,892759369bbffff,21
892664cf193ffff,892664c1a63ffff,5
892664cf193ffff,892664c1a8bffff,12
892664cf193ffff,892664c1b0bffff,7
892664cf193ffff,892664c1e2fffff,17
892664cf193ffff,892664ca943ffff,6
892664cf1bbffff,89266452183ffff,6
892664cf1bbffff,892664c1a63ffff,15
892664cf1bbffff,892664c1a8bffff,31
892664cf1bbffff,892664c1aa7ffff,5
892664cf1bbffff,892664c1ab3ffff,11
892664cf1bbffff,892664c1acfffff,6
892664cf1bbffff,892664c1b0bffff,51
892664cf1bbffff,892664c1b6fffff,13
892664cf1bbffff,892664c1e0fffff,23
892664cf1bbffff,892664c1e2fffff,18
892664cf1bbffff,892664c1e33ffff,16
892664cf1bbffff,892664c1eabffff,36
892664cf1bbffff,892664ca943ffff,41
892664cf1bbffff,892664cc553ffff,7
892664cf1bbffff,892664cddbbffff,11
892664cf1bbffff,892664cf5afffff,11
892664cf1bbffff,892664d8923ffff,6
892664cf213ffff,89266452183ffff,44
892664cf213ffff,892664c1a63ffff,13
892664cf213ffff,892664c1a8bffff,24
892664cf213ffff,892664c1aa7ffff,8
892664cf213ffff,892664c1ab3ffff,13
892664cf213ffff,892664c1adbffff,8
892664cf213ffff,892664c1b0bffff,36
892664cf213ffff,892664c1b6fffff,18
892664cf213ffff,892664c1e2fffff,7
892664cf213ffff,892664c1e33ffff,6
892664cf213ffff,892664c1eabffff,6
892664cf213ffff,892664ca943ffff,14
892664cf213ffff,892664cddbbffff,7
892664cf213ffff,89275934cdbffff,13
892664cf247ffff,892664cf213ffff,11
892664cf2bbffff,89266419493ffff,5
892664cf2bbffff,89266419607ffff,18
892664cf2bbffff,892664520afffff,543
892664cf2bbffff,89266452147ffff,63
892664cf2bbffff,89266452c87ffff,35
892664cf2bbffff,89266452dabffff,82
892664cf2bbffff,89266456067ffff,18
892664cf2bbffff,892664562dbffff,26
892664cf2bbffff,89266456413ffff,710
892664cf2bbffff,892664c13d3ffff,225
892664cf2bbffff,892664c1607ffff,250
892664cf2bbffff,892664c1a87ffff,398
892664cf2bbffff,892664c1b47ffff,405
892664cf2bbffff,892664c1ecfffff,495
892664cf2bbffff,892664c80afffff,56
892664cf2bbffff,892664c81b7ffff,15
892664cf2bbffff,892664c8cabffff,38
892664cf2bbffff,892664c8d6bffff,83
892664cf2bbffff,892664ca0abffff,112
892664cf2bbffff,892664ca103ffff,126
892664cf2bbffff,892664ca58fffff,23
892664cf2bbffff,892664ca6b7ffff,196
892664cf2bbffff,892664ca913ffff,953
892664cf2bbffff,892664caaafffff,27
892664cf2bbffff,892664cac3bffff,450
892664cf2bbffff,892664cae4fffff,35
892664cf2bbffff,892664cb1a7ffff,9
892664cf2bbffff,892664cb58fffff,39
892664cf2bbffff,892664cc217ffff,438
892664cf2bbffff,892664cc3b3ffff,773
892664cf2bbffff,892664cc46fffff,178
892664cf2bbffff,892664cc4dbffff,822
892664cf2bbffff,892664cc563ffff,387
892664cf2bbffff,892664cc5d7ffff,548
892664cf2bbffff,892664cc847ffff,8
892664cf2bbffff,892664cc8b3ffff,25
892664cf2bbffff,892664ccb73ffff,41
892664cf2bbffff,892664ccc7bffff,62
892664cf2bbffff,892664ccd9bffff,62
892664cf2bbffff,892664cce7bffff,706
892664cf2bbffff,892664cd08bffff,35
892664cf2bbffff,892664cd1b3ffff,73
892664cf2bbffff,892664cd29bffff,54
892664cf2bbffff,892664cd3b3ffff,94
892664cf2bbffff,892664cd4cbffff,1067
892664cf2bbffff,892664cd6cfffff,55
892664cf2bbffff,892664cd897ffff,166
892664cf2bbffff,892664cd973ffff,208
892664cf2bbffff,892664cdb0fffff,11
892664cf2bbffff,892664ce203ffff,187
892664cf2bbffff,892664ce35bffff,482
892664cf2bbffff,892664cea67ffff,496
892664cf2bbffff,892664cf017ffff,286
892664cf2bbffff,892664cf12bffff,155
892664cf2bbffff,892664cf33bffff,407
892664cf2bbffff,892664cf507ffff,415
892664cf2bbffff,892664cf553ffff,192
892664cf2bbffff,892664cf617ffff,299
892664cf2bbffff,892664d88bbffff,86
892664cf2bbffff,892664d8973ffff,226
892664cf2bbffff,892664d8aa7ffff,24
892664cf2bbffff,892664d8ccfffff,24
892664cf2bbffff,892664d8e1bffff,88
892664cf2bbffff,892664d9857ffff,17
892664cf2bbffff,892664d9937ffff,24
892664cf2bbffff,892664d9993ffff,11
892664cf2bbffff,892664d9bcbffff,11
892664cf2bbffff,892759369bbffff,14
892664cf33bffff,89266419157ffff,20
892664cf33bffff,89266419493ffff,20
892664cf33bffff,89266419607ffff,385
892664cf33bffff,892664520afffff,269
892664cf33bffff,89266452147ffff,15
892664cf33bffff,89266452c87ffff,57
892664cf33bffff,89266452dabffff,211
892664cf33bffff,89266456067ffff,368
892664cf33bffff,89266456137ffff,84
892664cf33bffff,892664562dbffff,474
892664cf33bffff,89266456413ffff,593
892664cf33bffff,89266457013ffff,20
892664cf33bffff,892664c13d3ffff,654
892664cf33bffff,892664c1607ffff,255
892664cf33bffff,892664c1a87ffff,999
892664cf33bffff,892664c1b47ffff,691
892664cf33bffff,892664c1ecfffff,1478
892664cf33bffff,892664c80afffff,182
892664cf33bffff,892664c81b7ffff,52
892664cf33bffff,892664c8cabffff,66
892664cf33bffff,892664c8d6bffff,81
892664cf33bffff,892664ca0abffff,73
892664cf33bffff,892664ca103ffff,121
892664cf33bffff,892664ca58fffff,27
892664cf33bffff,892664ca6b7ffff,88
892664cf33bffff,892664ca913ffff,1231
892664cf33bffff,892664caaafffff,149
892664cf33bffff,892664cac3bffff,199
892664cf33bffff,892664cae4fffff,58
892664cf33bffff,892664cb1a7ffff,5
892664cf33bffff,892664cb58fffff,10
892664cf33bffff,892664cc217ffff,674
892664cf33bffff,892664cc3b3ffff,746
892664cf33bffff,892664cc46fffff,253
892664cf33bffff,892664cc4dbffff,1506
892664cf33bffff,892664cc563ffff,310
892664cf33bffff,892664cc5d7ffff,607
892664cf33bffff,892664cc847ffff,62
892664cf33bffff,892664cc8b3ffff,193
892664cf33bffff,892664ccb73ffff,589
892664cf33bffff,892664ccc7bffff,114
892664cf33bffff,892664ccd9bffff,355
892664cf33bffff,892664cce7bffff,806
892664cf33bffff,892664cd08bffff,95
892664cf33bffff,892664cd1b3ffff,270
892664cf33bffff,892664cd29bffff,43
892664cf33bffff,892664cd3b3ffff,156
892664cf33bffff,892664cd4cbffff,79
892664cf33bffff,892664cd6cfffff,22
892664cf33bffff,892664cd897ffff,302
892664cf33bffff,892664cd973ffff,293
892664cf33bffff,892664cdb0fffff,174
892664cf33bffff,892664ce203ffff,416
892664cf33bffff,892664ce35bffff,630
892664cf33bffff,892664cea67ffff,791
892664cf33bffff,892664cf017ffff,162
892664cf33bffff,892664cf12bffff,394
892664cf33bffff,892664cf2bbffff,306
892664cf33bffff,892664cf507ffff,724
892664cf33bffff,892664cf553ffff,273
892664cf33bffff,892664cf617ffff,169
892664cf33bffff,892664d88bbffff,95
892664cf33bffff,892664d8973ffff,231
892664cf33bffff,892664d8aa7ffff,48
892664cf33bffff,892664d8ccfffff,99
892664cf33bffff,892664d8e1bffff,15
892664cf33bffff,892664d9857ffff,12
892664cf33bffff,892664d9937ffff,18
892664cf33bffff,892664d9993ffff,7
892664cf33bffff,892664d9bcbffff,11
892664cf33bffff,892759369bbffff,96
892664cf467ffff,89266452183ffff,5
892664cf497ffff,89266452183ffff,16
892664cf497ffff,892664c1a07ffff,9
892664cf497ffff,892664c1a63ffff,15
892664cf497ffff,892664c1a8bffff,79
892664cf497ffff,892664c1aa7ffff,14
892664cf497ffff,892664c1ab3ffff,17
892664cf497ffff,892664c1acfffff,21
892664cf497ffff,892664c1b0bffff,72
892664cf497ffff,892664c1b6fffff,8
892664cf497ffff,892664c1e0fffff,10
892664cf497ffff,892664c1e2fffff,43
892664cf497ffff,892664c1e33ffff,16
892664cf497ffff,892664c1e4fffff,15
892664cf497ffff,892664c1e73ffff,6
892664cf497ffff,892664c1ea7ffff,7
892664cf497ffff,892664c1eabffff,37
892664cf497ffff,892664ca943ffff,14
892664cf497ffff,892664cad77ffff,17
892664cf497ffff,892664ce347ffff,6
892664cf4afffff,89266452183ffff,11
892664cf4afffff,892664c1a07ffff,18
892664cf4afffff,892664c1a63ffff,15
892664cf4afffff,892664c1a8bffff,83
892664cf4afffff,892664c1aa7ffff,30
892664cf4afffff,892664c1ab3ffff,38
892664cf4afffff,892664c1acfffff,82
892664cf4afffff,892664c1adbffff,20
892664cf4afffff,892664c1b0bffff,103
892664cf4afffff,892664c1b6fffff,44
892664cf4afffff,892664c1e0fffff,73
892664cf4afffff,892664c1e13ffff,22
892664cf4afffff,892664c1e2fffff,131
892664cf4afffff,892664c1e33ffff,67
892664cf4afffff,892664c1e4fffff,15
892664cf4afffff,892664c1e73ffff,29
892664cf4afffff,892664c1e8fffff,13
892664cf4afffff,892664c1ea7ffff,49
892664cf4afffff,892664c1eabffff,29
892664cf4afffff,892664ca993ffff,8
892664cf4afffff,892664cad77ffff,16
892664cf507ffff,89266419157ffff,29
892664cf507ffff,89266419493ffff,841
892664cf507ffff,89266419607ffff,1746
892664cf507ffff,892664520afffff,2188
892664cf507ffff,89266452147ffff,158
892664cf507ffff,89266452c87ffff,439
892664cf507ffff,89266452dabffff,703
892664cf507ffff,89266456067ffff,1309
892664cf507ffff,89266456137ffff,241
892664cf507ffff,892664562dbffff,2665
892664cf507ffff,89266456413ffff,2962
892664cf507ffff,89266457013ffff,29
892664cf507ffff,892664c13d3ffff,1100
892664cf507ffff,892664c1607ffff,2441
892664cf507ffff,892664c1a87ffff,10591
892664cf507ffff,892664c1b47ffff,6773
892664cf507ffff,892664c1ecfffff,10860
892664cf507ffff,892664c80afffff,1635
892664cf507ffff,892664c81b7ffff,221
892664cf507ffff,892664c8cabffff,767
892664cf507ffff,892664c8d6bffff,402
892664cf507ffff,892664ca0abffff,822
892664cf507ffff,892664ca103ffff,513
892664cf507ffff,892664ca3cfffff,125
892664cf507ffff,892664ca58fffff,452
892664cf507ffff,892664ca6b7ffff,1767
892664cf507ffff,892664ca913ffff,11282
892664cf507ffff,892664caaafffff,313
892664cf507ffff,892664cac3bffff,997
892664cf507ffff,892664cae4fffff,384
892664cf507ffff,892664cb057ffff,29
892664cf507ffff,892664cb1a7ffff,153
892664cf507ffff,892664cb387ffff,9
892664cf507ffff,892664cb58fffff,452
892664cf507ffff,892664cc217ffff,1887
892664cf507ffff,892664cc3b3ffff,3139
892664cf507ffff,892664cc46fffff,1116
892664cf507ffff,892664cc4dbffff,8459
892664cf507ffff,892664cc563ffff,2455
892664cf507ffff,892664cc5d7ffff,4199
892664cf507ffff,892664cc847ffff,460
892664cf507ffff,892664cc8b3ffff,1470
892664cf507ffff,892664ccb73ffff,2643
892664cf507ffff,892664ccc7bffff,984
892664cf507ffff,892664ccd9bffff,1932
892664cf507ffff,892664cce7bffff,4529
892664cf507ffff,892664cd08bffff,88
892664cf507ffff,892664cd1b3ffff,793
892664cf507ffff,892664cd29bffff,162
892664cf507ffff,892664cd3b3ffff,1104
892664cf507ffff,892664cd4cbffff,213
892664cf507ffff,892664cd6cfffff,170
892664cf507ffff,892664cd897ffff,2119
892664cf507ffff,892664cd973ffff,2935
892664cf507ffff,892664cdb0fffff,457
892664cf507ffff,892664ce203ffff,2725
892664cf507ffff,892664ce35bffff,3321
892664cf507ffff,892664cea67ffff,4643
892664cf507ffff,892664cf017ffff,895
892664cf507ffff,892664cf12bffff,716
892664cf507ffff,892664cf2bbffff,556
892664cf507ffff,892664cf33bffff,1070
892664cf507ffff,892664cf553ffff,1075
892664cf507ffff,892664cf617ffff,598
892664cf507ffff,892664d88bbffff,4393
892664cf507ffff,892664d8973ffff,5741
892664cf507ffff,892664d8aa7ffff,409
892664cf507ffff,892664d8ccfffff,732
892664cf507ffff,892664d8e1bffff,539
892664cf507ffff,892664d9857ffff,122
892664cf507ffff,892664d9937ffff,187
892664cf507ffff,892664d9993ffff,43
892664cf507ffff,892664d9bcbffff,283
892664cf507ffff,892759369bbffff,139
892664cf513ffff,89266452183ffff,5
892664cf513ffff,892664c1a07ffff,5
892664cf513ffff,892664c1a63ffff,45
892664cf513ffff,892664c1a8bffff,63
892664cf513ffff,892664c1aa7ffff,19
892664cf513ffff,892664c1ab3ffff,20
892664cf513ffff,892664c1acfffff,11
892664cf513ffff,892664c1b0bffff,70
892664cf513ffff,892664c1b6fffff,13
892664cf513ffff,892664c1e0fffff,43
892664cf513ffff,892664c1e2fffff,37
892664cf513ffff,892664c1e33ffff,27
892664cf513ffff,892664c1eabffff,30
892664cf513ffff,892664c1ecfffff,5
892664cf513ffff,892664ca943ffff,23
892664cf513ffff,892664cad77ffff,8
892664cf513ffff,892664cddbbffff,6
892664cf513ffff,892664cf5afffff,9
892664cf527ffff,892664c1a63ffff,9
892664cf527ffff,892664c1a8bffff,5
892664cf527ffff,892664c1b0bffff,7
892664cf527ffff,892664c1eabffff,6
892664cf52fffff,892664c1a8bffff,6
892664cf52fffff,892664c1b0bffff,12
892664cf52fffff,892664ca943ffff,6
892664cf53bffff,892664c1b0bffff,5
892664cf53bffff,892664ca943ffff,12
892664cf553ffff,89266419157ffff,43
892664cf553ffff,89266419493ffff,100
892664cf553ffff,89266419607ffff,1459
892664cf553ffff,892664520afffff,901
892664cf553ffff,89266452147ffff,61
892664cf553ffff,89266452c87ffff,74
892664cf553ffff,89266452dabffff,1386
892664cf553ffff,89266456067ffff,3184
892664cf553ffff,89266456137ffff,338
892664cf553ffff,892664562dbffff,3621
892664cf553ffff,89266456413ffff,4173
892664cf553ffff,89266457013ffff,18
892664cf553ffff,892664c13d3ffff,561
892664cf553ffff,892664c1607ffff,712
892664cf553ffff,892664c1a87ffff,4348
892664cf553ffff,892664c1b47ffff,2968
892664cf553ffff,892664c1ecfffff,4381
892664cf553ffff,892664c80afffff,469
892664cf553ffff,892664c81b7ffff,79
892664cf553ffff,892664c8cabffff,185
892664cf553ffff,892664c8d6bffff,222
892664cf553ffff,892664ca0abffff,173
892664cf553ffff,892664ca103ffff,298
892664cf553ffff,892664ca3cfffff,17
892664cf553ffff,892664ca58fffff,106
892664cf553ffff,892664ca6b7ffff,642
892664cf553ffff,892664ca913ffff,4160
892664cf553ffff,892664caaafffff,130
892664cf553ffff,892664cac3bffff,549
892664cf553ffff,892664cae4fffff,127
892664cf553ffff,892664cb057ffff,105
892664cf553ffff,892664cb1a7ffff,56
892664cf553ffff,892664cb387ffff,7
892664cf553ffff,892664cb58fffff,1040
892664cf553ffff,892664cc217ffff,599
892664cf553ffff,892664cc3b3ffff,1023
892664cf553ffff,892664cc46fffff,271
892664cf553ffff,892664cc4dbffff,585
892664cf553ffff,892664cc563ffff,338
892664cf553ffff,892664cc5d7ffff,540
892664cf553ffff,892664cc847ffff,271
892664cf553ffff,892664cc8b3ffff,728
892664cf553ffff,892664ccb73ffff,2861
892664cf553ffff,892664ccc7bffff,266
892664cf553ffff,892664ccd9bffff,438
892664cf553ffff,892664cce7bffff,1527
892664cf553ffff,892664cd08bffff,40
892664cf553ffff,892664cd1b3ffff,529
892664cf553ffff,892664cd29bffff,32
892664cf553ffff,892664cd3b3ffff,334
892664cf553ffff,892664cd4cbffff,62
892664cf553ffff,892664cd6cfffff,35
892664cf553ffff,892664cd897ffff,874
892664cf553ffff,892664cd973ffff,2617
892664cf553ffff,892664cdb0fffff,305
892664cf553ffff,892664ce203ffff,136
892664cf553ffff,892664ce35bffff,326
892664cf553ffff,892664cea67ffff,832
892664cf553ffff,892664cf017ffff,365
892664cf553ffff,892664cf12bffff,307
892664cf553ffff,892664cf2bbffff,149
892664cf553ffff,892664cf33bffff,411
892664cf553ffff,892664cf507ffff,771
892664cf553ffff,892664cf617ffff,395
892664cf553ffff,892664d88bbffff,918
892664cf553ffff,892664d8973ffff,1245
892664cf553ffff,892664d8aa7ffff,96
892664cf553ffff,892664d8ccfffff,221
892664cf553ffff,892664d8e1bffff,94
892664cf553ffff,892664d9857ffff,79
892664cf553ffff,892664d9937ffff,190
892664cf553ffff,892664d9993ffff,53
892664cf553ffff,892664d9bcbffff,430
892664cf553ffff,892759369bbffff,66
892664cf57bffff,892664c1a8bffff,9
892664cf57bffff,892664c1adbffff,11
892664cf57bffff,892664c1b0bffff,5
892664cf57bffff,892664c1b6fffff,6
892664cf57bffff,892664c1e0fffff,15
892664cf57bffff,892664c1e2fffff,18
892664cf57bffff,892664c1e33ffff,9
892664cf57bffff,892664c1e73ffff,9
892664cf57bffff,892664c1e8fffff,7
892664cf57bffff,892664c1eabffff,8
892664cf57bffff,892664cad77ffff,6
892664cf587ffff,892664c1a07ffff,8
892664cf587ffff,892664c1a8bffff,27
892664cf587ffff,892664c1ab3ffff,11
892664cf587ffff,892664c1acfffff,5
892664cf587ffff,892664c1b0bffff,7
892664cf587ffff,892664c1e0fffff,18
892664cf587ffff,892664c1e13ffff,5
892664cf587ffff,892664c1e2fffff,21
892664cf587ffff,892664c1e33ffff,6
892664cf587ffff,892664c1e4fffff,7
892664cf587ffff,892664c1eabffff,19
892664cf587ffff,892664ca943ffff,16
892664cf5afffff,89266452183ffff,13
892664cf5afffff,892664c1a07ffff,6
892664cf5afffff,892664c1a63ffff,32
892664cf5afffff,892664c1a8bffff,71
892664cf5afffff,892664c1aa7ffff,12
892664cf5afffff,892664c1ab3ffff,30
892664cf5afffff,892664c1acfffff,16
892664cf5afffff,892664c1b0bffff,76
892664cf5afffff,892664c1b6fffff,27
892664cf5afffff,892664c1e0fffff,39
892664cf5afffff,892664c1e13ffff,6
892664cf5afffff,892664c1e2fffff,87
892664cf5afffff,892664c1e33ffff,19
892664cf5afffff,892664c1e4fffff,8
892664cf5afffff,892664c1e73ffff,10
892664cf5afffff,892664c1e8fffff,8
892664cf5afffff,892664c1ea7ffff,11
892664cf5afffff,892664c1eabffff,81
892664cf5afffff,892664c1ecfffff,6
892664cf5afffff,892664ca943ffff,30
892664cf5afffff,892664ca993ffff,6
892664cf5afffff,892664cad77ffff,12
892664cf5afffff,892664cc553ffff,7
892664cf5afffff,892664cddbbffff,12
892664cf5afffff,892664ce24fffff,13
892664cf5afffff,892664ce347ffff,5
892664cf5afffff,892664d8923ffff,7
892664cf5afffff,892664d89cfffff,8
892664cf617ffff,89266419493ffff,17
892664cf617ffff,89266419607ffff,125
892664cf617ffff,892664520afffff,1132
892664cf617ffff,89266452147ffff,64
892664cf617ffff,89266452c87ffff,66
892664cf617ffff,89266452dabffff,181
892664cf617ffff,89266456067ffff,182
892664cf617ffff,89266456137ffff,9
892664cf617ffff,892664562dbffff,215
892664cf617ffff,89266456413ffff,823
892664cf617ffff,89266457013ffff,10
892664cf617ffff,892664c13d3ffff,584
892664cf617ffff,892664c1607ffff,967
892664cf617ffff,892664c1a87ffff,3588
892664cf617ffff,892664c1b47ffff,1473
892664cf617ffff,892664c1ecfffff,3803
892664cf617ffff,892664c80afffff,353
892664cf617ffff,892664c81b7ffff,57
892664cf617ffff,892664c8cabffff,451
892664cf617ffff,892664c8d6bffff,301
892664cf617ffff,892664ca0abffff,141
892664cf617ffff,892664ca103ffff,405
892664cf617ffff,892664ca3cfffff,20
892664cf617ffff,892664ca58fffff,177
892664cf617ffff,892664ca6b7ffff,653
892664cf617ffff,892664ca913ffff,4221
892664cf617ffff,892664caaafffff,141
892664cf617ffff,892664cac3bffff,1063
892664cf617ffff,892664cae4fffff,156
892664cf617ffff,892664cb057ffff,25
892664cf617ffff,892664cb1a7ffff,82
892664cf617ffff,892664cb387ffff,17
892664cf617ffff,892664cb58fffff,232
892664cf617ffff,892664cc217ffff,465
892664cf617ffff,892664cc3b3ffff,511
892664cf617ffff,892664cc46fffff,96
892664cf617ffff,892664cc4dbffff,484
892664cf617ffff,892664cc563ffff,250
892664cf617ffff,892664cc5d7ffff,417
892664cf617ffff,892664cc847ffff,173
892664cf617ffff,892664cc8b3ffff,122
892664cf617ffff,892664ccb73ffff,265
892664cf617ffff,892664ccc7bffff,353
892664cf617ffff,892664ccd9bffff,217
892664cf617ffff,892664cce7bffff,702
892664cf617ffff,892664cd08bffff,57
892664cf617ffff,892664cd1b3ffff,182
892664cf617ffff,892664cd29bffff,67
892664cf617ffff,892664cd3b3ffff,161
892664cf617ffff,892664cd4cbffff,250
892664cf617ffff,892664cd6cfffff,35
892664cf617ffff,892664cd897ffff,369
892664cf617ffff,892664cd973ffff,636
892664cf617ffff,892664cdb0fffff,46
892664cf617ffff,892664ce203ffff,185
892664cf617ffff,892664ce35bffff,284
892664cf617ffff,892664cea67ffff,1205
892664cf617ffff,892664cf017ffff,189
892664cf617ffff,892664cf12bffff,138
892664cf617ffff,892664cf2bbffff,222
892664cf617ffff,892664cf33bffff,151
892664cf617ffff,892664cf507ffff,418
892664cf617ffff,892664cf553ffff,344
892664cf617ffff,892664d88bbffff,350
892664cf617ffff,892664d8973ffff,474
892664cf617ffff,892664d8aa7ffff,141
892664cf617ffff,892664d8ccfffff,82
892664cf617ffff,892664d8e1bffff,140
892664cf617ffff,892664d9857ffff,158
892664cf617ffff,892664d9937ffff,141
892664cf617ffff,892664d9993ffff,54
892664cf617ffff,892664d9bcbffff,316
892664cf617ffff,892759369bbffff,168
892664cf617ffff,89275936d53ffff,7
892664cf6afffff,892664c1acfffff,6
892664d8133ffff,892664c1e2fffff,7
892664d81afffff,892664c1e0fffff,11
892664d81afffff,892664c1e2fffff,9
892664d81afffff,892664c1e8fffff,5
892664d81afffff,892664c1ea7ffff,7
892664d81afffff,892664c1eabffff,10
892664d81b7ffff,892664c1e4fffff,5
892664d83b7ffff,892664c116fffff,6
892664d83b7ffff,892664c1e2fffff,6
892664d83b7ffff,892664c1e8fffff,9
892664d83b7ffff,892664c1eabffff,5
892664d83b7ffff,89275934cdbffff,6
892664d8813ffff,892664c1a8bffff,5
892664d8833ffff,892664c1a8bffff,8
892664d883bffff,892664c1e8fffff,5
892664d8847ffff,892664c1e33ffff,5
892664d888fffff,892664c1a8bffff,13
892664d888fffff,892664c1b0bffff,8
892664d888fffff,892664c1b6fffff,7
892664d888fffff,892664c1e0fffff,8
892664d888fffff,892664c1e13ffff,5
892664d888fffff,892664c1e2fffff,9
892664d888fffff,892664c1eabffff,21
892664d8893ffff,892664c1a63ffff,13
892664d8893ffff,892664c1a8bffff,39
892664d8893ffff,892664c1aa7ffff,6
892664d8893ffff,892664c1ab3ffff,13
892664d8893ffff,892664c1acfffff,10
892664d8893ffff,892664c1b0bffff,48
892664d8893ffff,892664c1b6fffff,18
892664d8893ffff,892664c1e0fffff,19
892664d8893ffff,892664c1e2fffff,31
892664d8893ffff,892664c1e33ffff,9
892664d8893ffff,892664c1e73ffff,5
892664d8893ffff,892664c1e8fffff,6
892664d8893ffff,892664c1eabffff,37
892664d8893ffff,892664ca943ffff,9
892664d8893ffff,892664cad77ffff,5
892664d88a7ffff,892664c1a8bffff,6
892664d88a7ffff,892664c1eabffff,5
892664d88a7ffff,892664ca943ffff,5
892664d88bbffff,89266419157ffff,6
892664d88bbffff,89266419493ffff,28
892664d88bbffff,89266419607ffff,47
892664d88bbffff,892664520afffff,1365
892664d88bbffff,89266452147ffff,24
892664d88bbffff,89266452c87ffff,34
892664d88bbffff,89266452dabffff,45
892664d88bbffff,89266456067ffff,86
892664d88bbffff,89266456137ffff,13
892664d88bbffff,892664562dbffff,73
892664d88bbffff,89266456413ffff,233
892664d88bbffff,892664c13d3ffff,9108
892664d88bbffff,892664c1607ffff,22047
892664d88bbffff,892664c1a87ffff,22945
892664d88bbffff,892664c1b47ffff,12527
892664d88bbffff,892664c1ecfffff,37401
892664d88bbffff,892664c80afffff,485
892664d88bbffff,892664c81b7ffff,135
892664d88bbffff,892664c8cabffff,208
892664d88bbffff,892664c8d6bffff,298
892664d88bbffff,892664ca0abffff,747
892664d88bbffff,892664ca103ffff,1674
892664d88bbffff,892664ca3cfffff,170
892664d88bbffff,892664ca58fffff,2053
892664d88bbffff,892664ca6b7ffff,2436
892664d88bbffff,892664ca913ffff,13754
892664d88bbffff,892664caaafffff,622
892664d88bbffff,892664cac3bffff,2856
892664d88bbffff,892664cae4fffff,525
892664d88bbffff,892664cb057ffff,235
892664d88bbffff,892664cb1a7ffff,478
892664d88bbffff,892664cb387ffff,19
892664d88bbffff,892664cb58fffff,1085
892664d88bbffff,892664cc217ffff,404
892664d88bbffff,892664cc3b3ffff,271
892664d88bbffff,892664cc46fffff,122
892664d88bbffff,892664cc4dbffff,1151
892664d88bbffff,892664cc563ffff,374
892664d88bbffff,892664cc5d7ffff,1186
892664d88bbffff,892664cc847ffff,50
892664d88bbffff,892664cc8b3ffff,61
892664d88bbffff,892664ccb73ffff,141
892664d88bbffff,892664ccc7bffff,67
892664d88bbffff,892664ccd9bffff,106
892664d88bbffff,892664cce7bffff,276
892664d88bbffff,892664cd08bffff,28
892664d88bbffff,892664cd1b3ffff,178
892664d88bbffff,892664cd29bffff,7
892664d88bbffff,892664cd3b3ffff,84
892664d88bbffff,892664cd4cbffff,104
892664d88bbffff,892664cd6cfffff,8
892664d88bbffff,892664cd897ffff,197
892664d88bbffff,892664cd973ffff,320
892664d88bbffff,892664cdb0fffff,40
892664d88bbffff,892664ce203ffff,1623
892664d88bbffff,892664ce35bffff,1576
892664d88bbffff,892664cea67ffff,761
892664d88bbffff,892664cf017ffff,247
892664d88bbffff,892664cf12bffff,318
892664d88bbffff,892664cf2bbffff,135
892664d88bbffff,892664cf33bffff,123
892664d88bbffff,892664cf507ffff,5862
892664d88bbffff,892664cf553ffff,1826
892664d88bbffff,892664cf617ffff,353
892664d88bbffff,892664d8973ffff,27697
892664d88bbffff,892664d8aa7ffff,8833
892664d88bbffff,892664d8ccfffff,11511
892664d88bbffff,892664d8e1bffff,11755
892664d88bbffff,892664d9857ffff,937
892664d88bbffff,892664d9937ffff,1668
892664d88bbffff,892664d9993ffff,1718
892664d88bbffff,892664d9bcbffff,677
892664d88bbffff,892759369bbffff,1201
892664d88bbffff,89275936d53ffff,199
892664d88dbffff,892664c1377ffff,5
892664d88dbffff,892664c1a8bffff,15
892664d88dbffff,892664c1ab3ffff,8
892664d88dbffff,892664c1b0bffff,12
892664d88dbffff,892664c1e0fffff,7
892664d88dbffff,892664c1e2fffff,6
892664d88dbffff,892664c1e33ffff,9
892664d88dbffff,892664c1eabffff,18
892664d8903ffff,892664c1a8bffff,17
892664d8903ffff,892664c1b0bffff,11
892664d8903ffff,892664c1b6fffff,6
892664d8903ffff,892664c1e0fffff,22
892664d8903ffff,892664c1e13ffff,7
892664d8903ffff,892664c1e2fffff,7
892664d8903ffff,892664c1e33ffff,5
892664d8903ffff,892664c1e4fffff,18
892664d8903ffff,892664c1eabffff,24
892664d8903ffff,892664ca943ffff,28
892664d8913ffff,89266452183ffff,5
892664d8913ffff,892664c101bffff,16
892664d8913ffff,892664c102fffff,6
892664d8913ffff,892664c105bffff,25
892664d8913ffff,892664c106fffff,7
892664d8913ffff,892664c108fffff,7
892664d8913ffff,892664c114fffff,22
892664d8913ffff,892664c116fffff,18
892664d8913ffff,892664c1327ffff,5
892664d8913ffff,892664c144fffff,7
892664d8913ffff,892664c1693ffff,5
892664d8913ffff,892664c1a07ffff,8
892664d8913ffff,892664c1a63ffff,52
892664d8913ffff,892664c1a8bffff,303
892664d8913ffff,892664c1aa7ffff,28
892664d8913ffff,892664c1ab3ffff,80
892664d8913ffff,892664c1acfffff,53
892664d8913ffff,892664c1adbffff,44
892664d8913ffff,892664c1b0bffff,95
892664d8913ffff,892664c1b6fffff,28
892664d8913ffff,892664c1e0fffff,189
892664d8913ffff,892664c1e13ffff,139
892664d8913ffff,892664c1e2fffff,180
892664d8913ffff,892664c1e33ffff,78
892664d8913ffff,892664c1e4fffff,49
892664d8913ffff,892664c1e73ffff,40
892664d8913ffff,892664c1e8fffff,77
892664d8913ffff,892664c1ea7ffff,58
892664d8913ffff,892664c1eabffff,405
892664d8913ffff,892664c1ecfffff,16
892664d8913ffff,892664c1ed3ffff,10
892664d8913ffff,892664c1ed7ffff,12
892664d8913ffff,892664ca943ffff,93
892664d8913ffff,892664ca993ffff,5
892664d8913ffff,892664ca9c3ffff,6
892664d8913ffff,892664cad77ffff,22
892664d8913ffff,892664ce347ffff,5
892664d8913ffff,892664cf5afffff,9
892664d8913ffff,892664d8923ffff,40
892664d8913ffff,892664d896fffff,7
892664d8913ffff,892664d89cfffff,10
892664d8913ffff,892664d8d6fffff,21
892664d8923ffff,89266452183ffff,80
892664d8923ffff,892664c1007ffff,20
892664d8923ffff,892664c100bffff,6
892664d8923ffff,892664c101bffff,49
892664d8923ffff,892664c102fffff,17
892664d8923ffff,892664c1047ffff,6
892664d8923ffff,892664c1057ffff,10
892664d8923ffff,892664c105bffff,63
892664d8923ffff,892664c108fffff,6
892664d8923ffff,892664c10cbffff,6
892664d8923ffff,892664c10d3ffff,30
892664d8923ffff,892664c10d7ffff,14
892664d8923ffff,892664c114fffff,47
892664d8923ffff,892664c116fffff,41
892664d8923ffff,892664c1233ffff,6
892664d8923ffff,892664c1377ffff,35
892664d8923ffff,892664c13afffff,26
892664d8923ffff,892664c13b7ffff,16
892664d8923ffff,892664c13cfffff,7
892664d8923ffff,892664c13d3ffff,5
892664d8923ffff,892664c144bffff,6
892664d8923ffff,892664c144fffff,61
892664d8923ffff,892664c1617ffff,7
892664d8923ffff,892664c1633ffff,6
892664d8923ffff,892664c1693ffff,27
892664d8923ffff,892664c16bbffff,8
892664d8923ffff,892664c1a07ffff,18
892664d8923ffff,892664c1a63ffff,43
892664d8923ffff,892664c1a8bffff,1701
892664d8923ffff,892664c1aa7ffff,47
892664d8923ffff,892664c1ab3ffff,470
892664d8923ffff,892664c1acfffff,208
892664d8923ffff,892664c1adbffff,202
892664d8923ffff,892664c1b0bffff,179
892664d8923ffff,892664c1b6fffff,39
892664d8923ffff,892664c1e0fffff,561
892664d8923ffff,892664c1e13ffff,538
892664d8923ffff,892664c1e2fffff,923
892664d8923ffff,892664c1e33ffff,417
892664d8923ffff,892664c1e4fffff,167
892664d8923ffff,892664c1e73ffff,309
892664d8923ffff,892664c1e8fffff,221
892664d8923ffff,892664c1ea7ffff,123
892664d8923ffff,892664c1eabffff,1260
892664d8923ffff,892664c1ec7ffff,28
892664d8923ffff,892664c1ecfffff,55
892664d8923ffff,892664c1ed3ffff,17
892664d8923ffff,892664c1ed7ffff,69
892664d8923ffff,892664ca943ffff,339
892664d8923ffff,892664ca993ffff,22
892664d8923ffff,892664ca9c3ffff,22
892664d8923ffff,892664cad77ffff,213
892664d8923ffff,892664cad8bffff,10
892664d8923ffff,892664cc58fffff,7
892664d8923ffff,892664ce227ffff,6
892664d8923ffff,892664ce347ffff,42
892664d8923ffff,892664cf5afffff,8
892664d8923ffff,892664d8833ffff,6
892664d8923ffff,892664d8903ffff,6
892664d8923ffff,892664d8913ffff,32
892664d8923ffff,892664d895bffff,6
892664d8923ffff,892664d896fffff,32
892664d8923ffff,892664d8977ffff,8
892664d8923ffff,892664d89cfffff,18
892664d8923ffff,892664d8d6fffff,44
892664d8923ffff,892664d8d7bffff,10
892664d8923ffff,89275934cdbffff,13
892664d894fffff,892664c114fffff,6
892664d894fffff,892664c1a8bffff,34
892664d894fffff,892664c1ab3ffff,6
892664d894fffff,892664c1acfffff,6
892664d894fffff,892664c1b0bffff,6
892664d894fffff,892664c1e0fffff,11
892664d894fffff,892664c1e13ffff,12
892664d894fffff,892664c1e2fffff,21
892664d894fffff,892664c1e33ffff,11
892664d894fffff,892664c1e73ffff,10
892664d894fffff,892664c1eabffff,19
892664d894fffff,892664cad77ffff,14
892664d894fffff,892664d896fffff,6
892664d895bffff,892664c1a8bffff,22
892664d895bffff,892664c1ab3ffff,5
892664d895bffff,892664c1adbffff,6
892664d895bffff,892664c1b0bffff,5
892664d895bffff,892664c1b6fffff,5
892664d895bffff,892664c1e0fffff,10
892664d895bffff,892664c1e13ffff,5
892664d895bffff,892664c1e2fffff,26
892664d895bffff,892664c1e33ffff,8
892664d895bffff,892664c1e4fffff,11
892664d895bffff,892664c1e73ffff,9
892664d895bffff,892664c1ea7ffff,5
892664d895bffff,892664c1eabffff,11
892664d895bffff,892664cad77ffff,8
892664d896fffff,89266452183ffff,10
892664d896fffff,892664c1007ffff,6
892664d896fffff,892664c101bffff,7
892664d896fffff,892664c102fffff,9
892664d896fffff,892664c105bffff,24
892664d896fffff,892664c10cbffff,6
892664d896fffff,892664c10d3ffff,8
892664d896fffff,892664c10d7ffff,13
892664d896fffff,892664c10dbffff,7
892664d896fffff,892664c114fffff,17
892664d896fffff,892664c116fffff,17
892664d896fffff,892664c1233ffff,6
892664d896fffff,892664c1327ffff,7
892664d896fffff,892664c1377ffff,21
892664d896fffff,892664c13afffff,7
892664d896fffff,892664c144fffff,20
892664d896fffff,892664c1633ffff,7
892664d896fffff,892664c1693ffff,28
892664d896fffff,892664c1a07ffff,11
892664d896fffff,892664c1a63ffff,35
892664d896fffff,892664c1a8bffff,310
892664d896fffff,892664c1aa7ffff,21
892664d896fffff,892664c1ab3ffff,74
892664d896fffff,892664c1acfffff,63
892664d896fffff,892664c1adbffff,49
892664d896fffff,892664c1b0bffff,112
892664d896fffff,892664c1b6fffff,32
892664d896fffff,892664c1e0fffff,117
892664d896fffff,892664c1e13ffff,127
892664d896fffff,892664c1e2fffff,211
892664d896fffff,892664c1e33ffff,67
892664d896fffff,892664c1e4fffff,36
892664d896fffff,892664c1e73ffff,56
892664d896fffff,892664c1e8fffff,75
892664d896fffff,892664c1ea7ffff,31
892664d896fffff,892664c1eabffff,161
892664d896fffff,892664c1ec7ffff,13
892664d896fffff,892664c1ecfffff,32
892664d896fffff,892664c1ed3ffff,13
892664d896fffff,892664c1ed7ffff,29
892664d896fffff,892664ca943ffff,94
892664d896fffff,892664ca993ffff,10
892664d896fffff,892664ca9c3ffff,9
892664d896fffff,892664cad77ffff,70
892664d896fffff,892664cc58fffff,5
892664d896fffff,892664cf5afffff,5
892664d896fffff,892664d8913ffff,15
892664d896fffff,892664d8923ffff,43
892664d896fffff,892664d894fffff,14
892664d896fffff,892664d8977ffff,6
892664d896fffff,892664d89cfffff,20
892664d896fffff,892664d89dbffff,6
892664d896fffff,892664d8d6fffff,15
892664d896fffff,89275934cdbffff,11
892664d8973ffff,89266419157ffff,20
892664d8973ffff,89266419493ffff,16
892664d8973ffff,89266419607ffff,132
892664d8973ffff,892664520afffff,1630
892664d8973ffff,89266452147ffff,32
892664d8973ffff,89266452c87ffff,40
892664d8973ffff,89266452dabffff,171
892664d8973ffff,89266456067ffff,420
892664d8973ffff,89266456137ffff,49
892664d8973ffff,892664562dbffff,227
892664d8973ffff,89266456413ffff,904
892664d8973ffff,892664c13d3ffff,14618
892664d8973ffff,892664c1607ffff,44069
892664d8973ffff,892664c1a87ffff,24666
892664d8973ffff,892664c1b47ffff,6675
892664d8973ffff,892664c1ecfffff,48953
892664d8973ffff,892664c80afffff,1292
892664d8973ffff,892664c81b7ffff,323
892664d8973ffff,892664c8cabffff,430
892664d8973ffff,892664c8d6bffff,402
892664d8973ffff,892664ca0abffff,1481
892664d8973ffff,892664ca103ffff,3006
892664d8973ffff,892664ca3cfffff,399
892664d8973ffff,892664ca58fffff,4338
892664d8973ffff,892664ca6b7ffff,4265
892664d8973ffff,892664ca913ffff,19941
892664d8973ffff,892664caaafffff,999
892664d8973ffff,892664cac3bffff,5056
892664d8973ffff,892664cae4fffff,1005
892664d8973ffff,892664cb057ffff,386
892664d8973ffff,892664cb1a7ffff,945
892664d8973ffff,892664cb387ffff,286
892664d8973ffff,892664cb58fffff,1956
892664d8973ffff,892664cc217ffff,638
892664d8973ffff,892664cc3b3ffff,741
892664d8973ffff,892664cc46fffff,392
892664d8973ffff,892664cc4dbffff,2431
892664d8973ffff,892664cc563ffff,776
892664d8973ffff,892664cc5d7ffff,2303
892664d8973ffff,892664cc847ffff,38
892664d8973ffff,892664cc8b3ffff,102
892664d8973ffff,892664ccb73ffff,77
892664d8973ffff,892664ccc7bffff,96
892664d8973ffff,892664ccd9bffff,364
892664d8973ffff,892664cce7bffff,668
892664d8973ffff,892664cd08bffff,55
892664d8973ffff,892664cd1b3ffff,446
892664d8973ffff,892664cd29bffff,42
892664d8973ffff,892664cd3b3ffff,85
892664d8973ffff,892664cd4cbffff,80
892664d8973ffff,892664cd6cfffff,51
892664d8973ffff,892664cd897ffff,309
892664d8973ffff,892664cd973ffff,171
892664d8973ffff,892664cdb0fffff,42
892664d8973ffff,892664ce203ffff,4144
892664d8973ffff,892664ce35bffff,6240
892664d8973ffff,892664cea67ffff,2215
892664d8973ffff,892664cf017ffff,461
892664d8973ffff,892664cf12bffff,1330
892664d8973ffff,892664cf2bbffff,401
892664d8973ffff,892664cf33bffff,313
892664d8973ffff,892664cf507ffff,7044
892664d8973ffff,892664cf553ffff,3133
892664d8973ffff,892664cf617ffff,675
892664d8973ffff,892664d88bbffff,28172
892664d8973ffff,892664d8aa7ffff,10261
892664d8973ffff,892664d8ccfffff,10043
892664d8973ffff,892664d8e1bffff,10110
892664d8973ffff,892664d9857ffff,889
892664d8973ffff,892664d9937ffff,3123
892664d8973ffff,892664d9993ffff,1680
892664d8973ffff,892664d9bcbffff,958
892664d8973ffff,892759369bbffff,1679
892664d8973ffff,89275936d53ffff,106
892664d8977ffff,892664c105bffff,7
892664d8977ffff,892664c1a63ffff,6
892664d8977ffff,892664c1a8bffff,164
892664d8977ffff,892664c1aa7ffff,7
892664d8977ffff,892664c1ab3ffff,30
892664d8977ffff,892664c1acfffff,14
892664d8977ffff,892664c1adbffff,10
892664d8977ffff,892664c1b0bffff,13
892664d8977ffff,892664c1e0fffff,34
892664d8977ffff,892664c1e13ffff,14
892664d8977ffff,892664c1e2fffff,90
892664d8977ffff,892664c1e33ffff,30
892664d8977ffff,892664c1e4fffff,14
892664d8977ffff,892664c1e73ffff,10
892664d8977ffff,892664c1eabffff,32
892664d8977ffff,892664ca943ffff,15
892664d8977ffff,892664cad77ffff,20
892664d8977ffff,892664d8923ffff,5
892664d89cfffff,892664c105bffff,11
892664d89cfffff,892664c114fffff,10
892664d89cfffff,892664c116fffff,6
892664d89cfffff,892664c1333ffff,5
892664d89cfffff,892664c144fffff,5
892664d89cfffff,892664c1a63ffff,31
892664d89cfffff,892664c1a8bffff,159
892664d89cfffff,892664c1aa7ffff,7
892664d89cfffff,892664c1ab3ffff,30
892664d89cfffff,892664c1acfffff,27
892664d89cfffff,892664c1adbffff,6
892664d89cfffff,892664c1b0bffff,60
892664d89cfffff,892664c1b6fffff,11
892664d89cfffff,892664c1e0fffff,47
892664d89cfffff,892664c1e13ffff,33
892664d89cfffff,892664c1e2fffff,98
892664d89cfffff,892664c1e33ffff,21
892664d89cfffff,892664c1e4fffff,40
892664d89cfffff,892664c1e73ffff,22
892664d89cfffff,892664c1e8fffff,13
892664d89cfffff,892664c1ea7ffff,23
892664d89cfffff,892664c1eabffff,115
892664d89cfffff,892664c1ec7ffff,6
892664d89cfffff,892664c1ecfffff,7
892664d89cfffff,892664c1ed7ffff,8
892664d89cfffff,892664ca943ffff,79
892664d89cfffff,892664ca993ffff,6
892664d89cfffff,892664cad77ffff,21
892664d89cfffff,892664d8913ffff,7
892664d89cfffff,892664d8923ffff,23
892664d89cfffff,892664d896fffff,16
892664d89cfffff,892664d8d6fffff,9
892664d89dbffff,892664c1693ffff,7
892664d89dbffff,892664c1a63ffff,7
892664d89dbffff,892664c1a8bffff,67
892664d89dbffff,892664c1ab3ffff,11
892664d89dbffff,892664c1acfffff,9
892664d89dbffff,892664c1b0bffff,13
892664d89dbffff,892664c1b6fffff,8
892664d89dbffff,892664c1e0fffff,11
892664d89dbffff,892664c1e13ffff,11
892664d89dbffff,892664c1e2fffff,31
892664d89dbffff,892664c1e73ffff,9
892664d89dbffff,892664c1e8fffff,8
892664d89dbffff,892664c1ea7ffff,5
892664d89dbffff,892664c1eabffff,61
892664d89dbffff,892664ca943ffff,12
892664d89dbffff,892664d8913ffff,5
892664d89dbffff,892664d8923ffff,10
892664d89dbffff,892664d89cfffff,5
892664d8a37ffff,892664c1ab3ffff,6
892664d8a37ffff,892664c1e2fffff,7
892664d8a37ffff,892664c1eabffff,11
892664d8a83ffff,892664c1e2fffff,9
892664d8a83ffff,892664c1ed7ffff,6
892664d8aa7ffff,89266419607ffff,17
892664d8aa7ffff,892664520afffff,435
892664d8aa7ffff,89266452147ffff,19
892664d8aa7ffff,89266452c87ffff,10
892664d8aa7ffff,89266452dabffff,92
892664d8aa7ffff,89266456067ffff,116
892664d8aa7ffff,89266456137ffff,10
892664d8aa7ffff,892664562dbffff,51
892664d8aa7ffff,89266456413ffff,53
892664d8aa7ffff,892664c13d3ffff,2458
892664d8aa7ffff,892664c1607ffff,5680
892664d8aa7ffff,892664c1a87ffff,3887
892664d8aa7ffff,892664c1b47ffff,1462
892664d8aa7ffff,892664c1ecfffff,9361
892664d8aa7ffff,892664c80afffff,178
892664d8aa7ffff,892664c81b7ffff,60
892664d8aa7ffff,892664c8cabffff,98
892664d8aa7ffff,892664c8d6bffff,44
892664d8aa7ffff,892664ca0abffff,543
892664d8aa7ffff,892664ca103ffff,847
892664d8aa7ffff,892664ca3cfffff,79
892664d8aa7ffff,892664ca58fffff,2107
892664d8aa7ffff,892664ca6b7ffff,2232
892664d8aa7ffff,892664ca913ffff,3001
892664d8aa7ffff,892664caaafffff,102
892664d8aa7ffff,892664cac3bffff,1126
892664d8aa7ffff,892664cae4fffff,283
892664d8aa7ffff,892664cb057ffff,366
892664d8aa7ffff,892664cb1a7ffff,323
892664d8aa7ffff,892664cb387ffff,33
892664d8aa7ffff,892664cb58fffff,748
892664d8aa7ffff,892664cc217ffff,51
892664d8aa7ffff,892664cc3b3ffff,104
892664d8aa7ffff,892664cc46fffff,23
892664d8aa7ffff,892664cc4dbffff,104
892664d8aa7ffff,892664cc563ffff,78
892664d8aa7ffff,892664cc5d7ffff,217
892664d8aa7ffff,892664cc8b3ffff,15
892664d8aa7ffff,892664ccb73ffff,23
892664d8aa7ffff,892664ccc7bffff,20
892664d8aa7ffff,892664ccd9bffff,60
892664d8aa7ffff,892664cce7bffff,78
892664d8aa7ffff,892664cd1b3ffff,18
892664d8aa7ffff,892664cd29bffff,8
892664d8aa7ffff,892664cd3b3ffff,13
892664d8aa7ffff,892664cd4cbffff,19
892664d8aa7ffff,892664cd897ffff,24
892664d8aa7ffff,892664cd973ffff,30
892664d8aa7ffff,892664ce203ffff,81
892664d8aa7ffff,892664ce35bffff,163
892664d8aa7ffff,892664cea67ffff,231
892664d8aa7ffff,892664cf017ffff,61
892664d8aa7ffff,892664cf12bffff,80
892664d8aa7ffff,892664cf2bbffff,32
892664d8aa7ffff,892664cf33bffff,61
892664d8aa7ffff,892664cf507ffff,527
892664d8aa7ffff,892664cf553ffff,264
892664d8aa7ffff,892664cf617ffff,150
892664d8aa7ffff,892664d88bbffff,6740
892664d8aa7ffff,892664d8973ffff,7096
892664d8aa7ffff,892664d8ccfffff,3891
892664d8aa7ffff,892664d8e1bffff,6222
892664d8aa7ffff,892664d9857ffff,446
892664d8aa7ffff,892664d9937ffff,3021
892664d8aa7ffff,892664d9993ffff,1784
892664d8aa7ffff,892664d9bcbffff,573
892664d8aa7ffff,892759369bbffff,1344
892664d8aa7ffff,89275936d53ffff,189
892664d8aabffff,892664c1e0fffff,12
892664d8aabffff,892664c1eabffff,16
892664d8aabffff,892664ca943ffff,6
892664d8b77ffff,892664c1eabffff,5
892664d8b93ffff,892664c1e2fffff,9
892664d8b9bffff,892664c1a8bffff,8
892664d8b9bffff,892664c1e2fffff,5
892664d8ba3ffff,892664c1a8bffff,8
892664d8c03ffff,892664c1b0bffff,5
892664d8c23ffff,892664c1eabffff,8
892664d8c3bffff,892664c1a8bffff,8
892664d8c3bffff,892664c1ab3ffff,6
892664d8c3bffff,892664c1acfffff,5
892664d8c3bffff,892664c1b0bffff,34
892664d8c3bffff,892664c1e2fffff,9
892664d8c3bffff,892664c1eabffff,26
892664d8c3bffff,892664ca943ffff,10
892664d8c6fffff,892664c1b0bffff,6
892664d8c6fffff,892664c1eabffff,5
892664d8c7bffff,892664c1b0bffff,6
892664d8c7bffff,892664c1e2fffff,7
892664d8cc7ffff,892664c1b0bffff,6
892664d8cc7ffff,892664c1e0fffff,5
892664d8cc7ffff,892664c1e33ffff,5
892664d8cc7ffff,892664c1ea7ffff,5
892664d8cc7ffff,892664c1eabffff,5
892664d8ccfffff,89266419157ffff,11
892664d8ccfffff,89266419493ffff,8
892664d8ccfffff,89266419607ffff,60
892664d8ccfffff,892664520afffff,492
892664d8ccfffff,89266452147ffff,23
892664d8ccfffff,89266452c87ffff,145
892664d8ccfffff,89266452dabffff,148
892664d8ccfffff,89266456067ffff,125
892664d8ccfffff,89266456137ffff,29
892664d8ccfffff,892664562dbffff,87
892664d8ccfffff,89266456413ffff,265
892664d8ccfffff,89266457013ffff,63
892664d8ccfffff,892664c13d3ffff,3652
892664d8ccfffff,892664c1607ffff,7509
892664d8ccfffff,892664c1a87ffff,13086
892664d8ccfffff,892664c1b47ffff,6166
892664d8ccfffff,892664c1ecfffff,17058
892664d8ccfffff,892664c80afffff,216
892664d8ccfffff,892664c81b7ffff,41
892664d8ccfffff,892664c8cabffff,114
892664d8ccfffff,892664c8d6bffff,73
892664d8ccfffff,892664ca0abffff,497
892664d8ccfffff,892664ca103ffff,1185
892664d8ccfffff,892664ca3cfffff,96
892664d8ccfffff,892664ca58fffff,703
892664d8ccfffff,892664ca6b7ffff,1744
892664d8ccfffff,892664ca913ffff,5435
892664d8ccfffff,892664caaafffff,129
892664d8ccfffff,892664cac3bffff,1465
892664d8ccfffff,892664cae4fffff,271
892664d8ccfffff,892664cb057ffff,82
892664d8ccfffff,892664cb1a7ffff,202
892664d8ccfffff,892664cb387ffff,19
892664d8ccfffff,892664cb58fffff,619
892664d8ccfffff,892664cc217ffff,244
892664d8ccfffff,892664cc3b3ffff,255
892664d8ccfffff,892664cc46fffff,63
892664d8ccfffff,892664cc4dbffff,240
892664d8ccfffff,892664cc563ffff,270
892664d8ccfffff,892664cc5d7ffff,339
892664d8ccfffff,892664cc847ffff,17
892664d8ccfffff,892664cc8b3ffff,58
892664d8ccfffff,892664ccb73ffff,147
892664d8ccfffff,892664ccc7bffff,44
892664d8ccfffff,892664ccd9bffff,157
892664d8ccfffff,892664cce7bffff,174
892664d8ccfffff,892664cd08bffff,40
892664d8ccfffff,892664cd1b3ffff,196
892664d8ccfffff,892664cd29bffff,12
892664d8ccfffff,892664cd3b3ffff,186
892664d8ccfffff,892664cd4cbffff,77
892664d8ccfffff,892664cd6cfffff,21
892664d8ccfffff,892664cd897ffff,226
892664d8ccfffff,892664cd973ffff,97
892664d8ccfffff,892664cdb0fffff,10
892664d8ccfffff,892664ce203ffff,279
892664d8ccfffff,892664ce35bffff,383
892664d8ccfffff,892664cea67ffff,958
892664d8ccfffff,892664cf017ffff,73
892664d8ccfffff,892664cf12bffff,234
892664d8ccfffff,892664cf2bbffff,40
892664d8ccfffff,892664cf33bffff,85
892664d8ccfffff,892664cf507ffff,1110
892664d8ccfffff,892664cf553ffff,306
892664d8ccfffff,892664cf617ffff,86
892664d8ccfffff,892664d88bbffff,9221
892664d8ccfffff,892664d8973ffff,8422
892664d8ccfffff,892664d8aa7ffff,4165
892664d8ccfffff,892664d8e1bffff,8735
892664d8ccfffff,892664d9857ffff,469
892664d8ccfffff,892664d9937ffff,1108
892664d8ccfffff,892664d9993ffff,876
892664d8ccfffff,892664d9bcbffff,209
892664d8ccfffff,892759369bbffff,936
892664d8ccfffff,89275936d53ffff,121
892664d8cd3ffff,892664c1a8bffff,5
892664d8cd3ffff,892664c1ab3ffff,7
892664d8cd3ffff,892664c1b0bffff,7
892664d8cd3ffff,892664c1e13ffff,8
892664d8cd3ffff,892664c1e2fffff,6
892664d8cd3ffff,892664c1e33ffff,5
892664d8cd3ffff,892664c1eabffff,12
892664d8d4bffff,892664c1a8bffff,19
892664d8d4bffff,892664c1b0bffff,8
892664d8d4bffff,892664c1e0fffff,7
892664d8d4bffff,892664c1e13ffff,7
892664d8d4bffff,892664c1e2fffff,7
892664d8d4bffff,892664c1eabffff,14
892664d8d4bffff,892664ca943ffff,5
892664d8d5bffff,892664c1a8bffff,31
892664d8d5bffff,892664c1ab3ffff,16
892664d8d5bffff,892664c1b0bffff,7
892664d8d5bffff,892664c1b6fffff,6
892664d8d5bffff,892664c1e13ffff,6
892664d8d5bffff,892664c1e2fffff,22
892664d8d5bffff,892664c1e33ffff,6
892664d8d5bffff,892664c1eabffff,24
892664d8d5bffff,892664ca943ffff,6
892664d8d6bffff,892664c1a8bffff,5
892664d8d6fffff,89266452183ffff,17
892664d8d6fffff,892664c101bffff,27
892664d8d6fffff,892664c102fffff,10
892664d8d6fffff,892664c105bffff,29
892664d8d6fffff,892664c10d7ffff,7
892664d8d6fffff,892664c114fffff,21
892664d8d6fffff,892664c116fffff,14
892664d8d6fffff,892664c1377ffff,12
892664d8d6fffff,892664c13cfffff,5
892664d8d6fffff,892664c144fffff,5
892664d8d6fffff,892664c1693ffff,11
892664d8d6fffff,892664c1a07ffff,5
892664d8d6fffff,892664c1a63ffff,25
892664d8d6fffff,892664c1a8bffff,261
892664d8d6fffff,892664c1aa7ffff,16
892664d8d6fffff,892664c1ab3ffff,71
892664d8d6fffff,892664c1acfffff,36
892664d8d6fffff,892664c1adbffff,18
892664d8d6fffff,892664c1b0bffff,122
892664d8d6fffff,892664c1b6fffff,19
892664d8d6fffff,892664c1e0fffff,147
892664d8d6fffff,892664c1e13ffff,63
892664d8d6fffff,892664c1e2fffff,181
892664d8d6fffff,892664c1e33ffff,80
892664d8d6fffff,892664c1e4fffff,36
892664d8d6fffff,892664c1e73ffff,53
892664d8d6fffff,892664c1e8fffff,64
892664d8d6fffff,892664c1ea7ffff,25
892664d8d6fffff,892664c1eabffff,691
892664d8d6fffff,892664c1ecfffff,18
892664d8d6fffff,892664c1ed3ffff,9
892664d8d6fffff,892664c1ed7ffff,10
892664d8d6fffff,892664ca943ffff,139
892664d8d6fffff,892664ca9c3ffff,14
892664d8d6fffff,892664cad77ffff,20
892664d8d6fffff,892664cc58fffff,5
892664d8d6fffff,892664cf5afffff,6
892664d8d6fffff,892664d8833ffff,6
892664d8d6fffff,892664d888fffff,8
892664d8d6fffff,892664d8893ffff,5
892664d8d6fffff,892664d8913ffff,19
892664d8d6fffff,892664d8923ffff,54
892664d8d6fffff,892664d896fffff,17
892664d8d6fffff,892664d89cfffff,7
892664d8d6fffff,892664d89dbffff,8
892664d8d6fffff,892664d8a37ffff,6
892664d8d6fffff,892664d8d7bffff,5
892664d8d6fffff,89275934cdbffff,6
892664d8d7bffff,892664c114fffff,10
892664d8d7bffff,892664c1a8bffff,45
892664d8d7bffff,892664c1aa7ffff,7
892664d8d7bffff,892664c1ab3ffff,10
892664d8d7bffff,892664c1acfffff,11
892664d8d7bffff,892664c1b0bffff,11
892664d8d7bffff,892664c1e0fffff,13
892664d8d7bffff,892664c1e13ffff,8
892664d8d7bffff,892664c1e2fffff,27
892664d8d7bffff,892664c1e33ffff,18
892664d8d7bffff,892664c1e4fffff,6
892664d8d7bffff,892664c1e73ffff,12
892664d8d7bffff,892664c1e8fffff,7
892664d8d7bffff,892664c1eabffff,70
892664d8d7bffff,892664ca943ffff,14
892664d8d7bffff,892664d8923ffff,5
892664d8e03ffff,892664c1e0fffff,5
892664d8e1bffff,89266419607ffff,18
892664d8e1bffff,892664520afffff,304
892664d8e1bffff,89266452147ffff,8
892664d8e1bffff,89266452c87ffff,9
892664d8e1bffff,89266452dabffff,34
892664d8e1bffff,89266456067ffff,39
892664d8e1bffff,89266456137ffff,109
892664d8e1bffff,892664562dbffff,96
892664d8e1bffff,89266456413ffff,163
892664d8e1bffff,892664c13d3ffff,5141
892664d8e1bffff,892664c1607ffff,7299
892664d8e1bffff,892664c1a87ffff,9908
892664d8e1bffff,892664c1b47ffff,4655
892664d8e1bffff,892664c1ecfffff,27232
892664d8e1bffff,892664c80afffff,661
892664d8e1bffff,892664c81b7ffff,63
892664d8e1bffff,892664c8cabffff,183
892664d8e1bffff,892664c8d6bffff,59
892664d8e1bffff,892664ca0abffff,528
892664d8e1bffff,892664ca103ffff,1814
892664d8e1bffff,892664ca3cfffff,343
892664d8e1bffff,892664ca58fffff,1285
892664d8e1bffff,892664ca6b7ffff,2988
892664d8e1bffff,892664ca913ffff,4723
892664d8e1bffff,892664caaafffff,157
892664d8e1bffff,892664cac3bffff,2356
892664d8e1bffff,892664cae4fffff,674
892664d8e1bffff,892664cb057ffff,310
892664d8e1bffff,892664cb1a7ffff,383
892664d8e1bffff,892664cb387ffff,54
892664d8e1bffff,892664cb58fffff,1012
892664d8e1bffff,892664cc217ffff,193
892664d8e1bffff,892664cc3b3ffff,210
892664d8e1bffff,892664cc46fffff,107
892664d8e1bffff,892664cc4dbffff,314
892664d8e1bffff,892664cc563ffff,117
892664d8e1bffff,892664cc5d7ffff,276
892664d8e1bffff,892664cc8b3ffff,40
892664d8e1bffff,892664ccb73ffff,46
892664d8e1bffff,892664ccc7bffff,15
892664d8e1bffff,892664ccd9bffff,94
892664d8e1bffff,892664cce7bffff,106
892664d8e1bffff,892664cd1b3ffff,32
892664d8e1bffff,892664cd3b3ffff,105
892664d8e1bffff,892664cd4cbffff,13
892664d8e1bffff,892664cd6cfffff,6
892664d8e1bffff,892664cd897ffff,174
892664d8e1bffff,892664cd973ffff,61
892664d8e1bffff,892664cdb0fffff,37
892664d8e1bffff,892664ce203ffff,135
892664d8e1bffff,892664ce35bffff,285
892664d8e1bffff,892664cea67ffff,205
892664d8e1bffff,892664cf017ffff,30
892664d8e1bffff,892664cf12bffff,160
892664d8e1bffff,892664cf2bbffff,50
892664d8e1bffff,892664cf33bffff,24
892664d8e1bffff,892664cf507ffff,640
892664d8e1bffff,892664cf553ffff,392
892664d8e1bffff,892664cf617ffff,165
892664d8e1bffff,892664d88bbffff,10770
892664d8e1bffff,892664d8973ffff,8262
892664d8e1bffff,892664d8aa7ffff,5439
892664d8e1bffff,892664d8ccfffff,7150
892664d8e1bffff,892664d9857ffff,1102
892664d8e1bffff,892664d9937ffff,2539
892664d8e1bffff,892664d9993ffff,2864
892664d8e1bffff,892664d9bcbffff,594
892664d8e1bffff,892759369bbffff,2190
892664d8e1bffff,89275936d53ffff,251
892664d8e37ffff,892664c1e33ffff,6
892664d8e37ffff,892664c1eabffff,15
892664d8e57ffff,89275934cdbffff,5
892664d8e6bffff,892664c1e2fffff,8
892664d8e6bffff,892664c1e33ffff,7
892664d8e6bffff,892664c1e8fffff,5
892664d8e6bffff,892664c1ea7ffff,7
892664d8e6bffff,892664c1eabffff,17
892664d8e77ffff,892664c1ab3ffff,12
892664d8e77ffff,892664c1b0bffff,10
892664d8e77ffff,892664c1e13ffff,5
892664d8e77ffff,892664c1e2fffff,7
892664d8e77ffff,892664c1e33ffff,7
892664d8e77ffff,892664c1e73ffff,6
892664d8e77ffff,892664c1ea7ffff,6
892664d8e77ffff,892664c1eabffff,13
892664d8ebbffff,892664c1a8bffff,11
892664d8ebbffff,892664c1ab3ffff,6
892664d8ebbffff,892664c1b0bffff,21
892664d8ebbffff,892664c1e0fffff,6
892664d8ebbffff,892664c1e13ffff,5
892664d8ebbffff,892664c1e2fffff,12
892664d8ebbffff,892664c1e33ffff,6
892664d8ebbffff,892664c1ea7ffff,6
892664d8ebbffff,892664c1eabffff,11
892664d9857ffff,892664520afffff,26
892664d9857ffff,89266452dabffff,10
892664d9857ffff,89266456067ffff,6
892664d9857ffff,89266456413ffff,11
892664d9857ffff,892664c13d3ffff,575
892664d9857ffff,892664c1607ffff,1150
892664d9857ffff,892664c1a87ffff,2413
892664d9857ffff,892664c1b47ffff,215
892664d9857ffff,892664c1ecfffff,3743
892664d9857ffff,892664c80afffff,138
892664d9857ffff,892664c81b7ffff,22
892664d9857ffff,892664c8cabffff,40
892664d9857ffff,892664c8d6bffff,21
892664d9857ffff,892664ca0abffff,117
892664d9857ffff,892664ca103ffff,407
892664d9857ffff,892664ca3cfffff,22
892664d9857ffff,892664ca58fffff,114
892664d9857ffff,892664ca6b7ffff,489
892664d9857ffff,892664ca913ffff,3840
892664d9857ffff,892664caaafffff,122
892664d9857ffff,892664cac3bffff,657
892664d9857ffff,892664cae4fffff,87
892664d9857ffff,892664cb057ffff,78
892664d9857ffff,892664cb1a7ffff,186
892664d9857ffff,892664cb387ffff,111
892664d9857ffff,892664cb58fffff,194
892664d9857ffff,892664cc217ffff,39
892664d9857ffff,892664cc3b3ffff,39
892664d9857ffff,892664cc46fffff,8
892664d9857ffff,892664cc4dbffff,55
892664d9857ffff,892664cc563ffff,14
892664d9857ffff,892664cc5d7ffff,17
892664d9857ffff,892664cc847ffff,7
892664d9857ffff,892664ccc7bffff,5
892664d9857ffff,892664ccd9bffff,14
892664d9857ffff,892664cce7bffff,7
892664d9857ffff,892664cd1b3ffff,12
892664d9857ffff,892664cd4cbffff,21
892664d9857ffff,892664cd897ffff,16
892664d9857ffff,892664cd973ffff,6
892664d9857ffff,892664ce203ffff,42
892664d9857ffff,892664ce35bffff,29
892664d9857ffff,892664cea67ffff,312
892664d9857ffff,892664cf017ffff,39
892664d9857ffff,892664cf12bffff,19
892664d9857ffff,892664cf2bbffff,65
892664d9857ffff,892664cf33bffff,13
892664d9857ffff,892664cf507ffff,89
892664d9857ffff,892664cf553ffff,539
892664d9857ffff,892664cf617ffff,461
892664d9857ffff,892664d88bbffff,1573
892664d9857ffff,892664d8973ffff,1429
892664d9857ffff,892664d8aa7ffff,402
892664d9857ffff,892664d8ccfffff,1010
892664d9857ffff,892664d8e1bffff,1535
892664d9857ffff,892664d9937ffff,327
892664d9857ffff,892664d9993ffff,548
892664d9857ffff,892664d9bcbffff,266
892664d9857ffff,892759369bbffff,402
892664d9857ffff,89275936d53ffff,48
892664d98cfffff,892664c1a8bffff,6
892664d98cfffff,892664c1e4fffff,11
892664d9937ffff,89266419607ffff,6
892664d9937ffff,892664520afffff,174
892664d9937ffff,89266456067ffff,130
892664d9937ffff,89266456413ffff,121
892664d9937ffff,892664c13d3ffff,1575
892664d9937ffff,892664c1607ffff,1965
892664d9937ffff,892664c1a87ffff,1912
892664d9937ffff,892664c1b47ffff,666
892664d9937ffff,892664c1ecfffff,2731
892664d9937ffff,892664c80afffff,205
892664d9937ffff,892664c81b7ffff,43
892664d9937ffff,892664c8cabffff,108
892664d9937ffff,892664c8d6bffff,28
892664d9937ffff,892664ca0abffff,587
892664d9937ffff,892664ca103ffff,439
892664d9937ffff,892664ca3cfffff,141
892664d9937ffff,892664ca58fffff,564
892664d9937ffff,892664ca6b7ffff,2057
892664d9937ffff,892664ca913ffff,2184
892664d9937ffff,892664caaafffff,244
892664d9937ffff,892664cac3bffff,642
892664d9937ffff,892664cae4fffff,225
892664d9937ffff,892664cb057ffff,103
892664d9937ffff,892664cb1a7ffff,480
892664d9937ffff,892664cb387ffff,18
892664d9937ffff,892664cb58fffff,834
892664d9937ffff,892664cc217ffff,50
892664d9937ffff,892664cc3b3ffff,99
892664d9937ffff,892664cc46fffff,23
892664d9937ffff,892664cc4dbffff,52
892664d9937ffff,892664cc563ffff,42
892664d9937ffff,892664cc5d7ffff,49
892664d9937ffff,892664cc847ffff,17
892664d9937ffff,892664cc8b3ffff,6
892664d9937ffff,892664ccb73ffff,25
892664d9937ffff,892664ccc7bffff,20
892664d9937ffff,892664ccd9bffff,35
892664d9937ffff,892664cce7bffff,54
892664d9937ffff,892664cd08bffff,12
892664d9937ffff,892664cd1b3ffff,16
892664d9937ffff,892664cd4cbffff,20
892664d9937ffff,892664cd897ffff,19
892664d9937ffff,892664cd973ffff,32
892664d9937ffff,892664ce203ffff,21
892664d9937ffff,892664ce35bffff,33
892664d9937ffff,892664cea67ffff,127
892664d9937ffff,892664cf017ffff,42
892664d9937ffff,892664cf12bffff,68
892664d9937ffff,892664cf2bbffff,33
892664d9937ffff,892664cf33bffff,24
892664d9937ffff,892664cf507ffff,135
892664d9937ffff,892664cf553ffff,366
892664d9937ffff,892664cf617ffff,111
892664d9937ffff,892664d88bbffff,1327
892664d9937ffff,892664d8973ffff,1998
892664d9937ffff,892664d8aa7ffff,2210
892664d9937ffff,892664d8ccfffff,1279
892664d9937ffff,892664d8e1bffff,2391
892664d9937ffff,892664d9857ffff,349
892664d9937ffff,892664d9993ffff,1314
892664d9937ffff,892664d9bcbffff,645
892664d9937ffff,892759369bbffff,382
892664d9937ffff,89275936d53ffff,46
892664d997bffff,892664c1a8bffff,5
892664d9993ffff,892664520afffff,92
892664d9993ffff,892664562dbffff,51
892664d9993ffff,89266456413ffff,37
892664d9993ffff,892664c13d3ffff,575
892664d9993ffff,892664c1607ffff,997
892664d9993ffff,892664c1a87ffff,964
892664d9993ffff,892664c1b47ffff,250
892664d9993ffff,892664c1ecfffff,2821
892664d9993ffff,892664c80afffff,140
892664d9993ffff,892664c81b7ffff,14
892664d9993ffff,892664c8cabffff,31
892664d9993ffff,892664c8d6bffff,20
892664d9993ffff,892664ca0abffff,190
892664d9993ffff,892664ca103ffff,238
892664d9993ffff,892664ca3cfffff,34
892664d9993ffff,892664ca58fffff,175
892664d9993ffff,892664ca6b7ffff,621
892664d9993ffff,892664ca913ffff,1074
892664d9993ffff,892664caaafffff,39
892664d9993ffff,892664cac3bffff,310
892664d9993ffff,892664cae4fffff,87
892664d9993ffff,892664cb057ffff,46
892664d9993ffff,892664cb1a7ffff,109
892664d9993ffff,892664cb387ffff,14
892664d9993ffff,892664cb58fffff,310
892664d9993ffff,892664cc217ffff,27
892664d9993ffff,892664cc3b3ffff,46
892664d9993ffff,892664cc46fffff,6
892664d9993ffff,892664cc4dbffff,30
892664d9993ffff,892664cc563ffff,8
892664d9993ffff,892664cc5d7ffff,31
892664d9993ffff,892664cc847ffff,12
892664d9993ffff,892664ccc7bffff,12
892664d9993ffff,892664cce7bffff,17
892664d9993ffff,892664cd3b3ffff,5
892664d9993ffff,892664cd897ffff,7
892664d9993ffff,892664cd973ffff,10
892664d9993ffff,892664ce203ffff,12
892664d9993ffff,892664ce35bffff,27
892664d9993ffff,892664cea67ffff,59
892664d9993ffff,892664cf017ffff,39
892664d9993ffff,892664cf12bffff,27
892664d9993ffff,892664cf2bbffff,17
892664d9993ffff,892664cf507ffff,62
892664d9993ffff,892664cf553ffff,123
892664d9993ffff,892664cf617ffff,55
892664d9993ffff,892664d88bbffff,1078
892664d9993ffff,892664d8973ffff,1116
892664d9993ffff,892664d8aa7ffff,1255
892664d9993ffff,892664d8ccfffff,729
892664d9993ffff,892664d8e1bffff,2408
892664d9993ffff,892664d9857ffff,525
892664d9993ffff,892664d9937ffff,1183
892664d9993ffff,892664d9bcbffff,516
892664d9993ffff,892759369bbffff,340
892664d9993ffff,89275936d53ffff,42
892664d99cfffff,892664c1acfffff,5
892664d9bcbffff,892664520afffff,30
892664d9bcbffff,89266456413ffff,18
892664d9bcbffff,892664c13d3ffff,392
892664d9bcbffff,892664c1607ffff,835
892664d9bcbffff,892664c1a87ffff,2401
892664d9bcbffff,892664c1b47ffff,493
892664d9bcbffff,892664c1ecfffff,2951
892664d9bcbffff,892664c80afffff,146
892664d9bcbffff,892664c81b7ffff,30
892664d9bcbffff,892664c8cabffff,36
892664d9bcbffff,892664c8d6bffff,31
892664d9bcbffff,892664ca0abffff,258
892664d9bcbffff,892664ca103ffff,316
892664d9bcbffff,892664ca3cfffff,13
892664d9bcbffff,892664ca58fffff,232
892664d9bcbffff,892664ca6b7ffff,615
892664d9bcbffff,892664ca913ffff,2295
892664d9bcbffff,892664caaafffff,103
892664d9bcbffff,892664cac3bffff,418
892664d9bcbffff,892664cae4fffff,89
892664d9bcbffff,892664cb057ffff,346
892664d9bcbffff,892664cb1a7ffff,250
892664d9bcbffff,892664cb387ffff,21
892664d9bcbffff,892664cb58fffff,935
892664d9bcbffff,892664cc217ffff,50
892664d9bcbffff,892664cc3b3ffff,26
892664d9bcbffff,892664cc46fffff,14
892664d9bcbffff,892664cc4dbffff,63
892664d9bcbffff,892664cc563ffff,22
892664d9bcbffff,892664cc5d7ffff,58
892664d9bcbffff,892664ccd9bffff,7
892664d9bcbffff,892664cce7bffff,46
892664d9bcbffff,892664cd1b3ffff,9
892664d9bcbffff,892664cd3b3ffff,35
892664d9bcbffff,892664cd973ffff,16
892664d9bcbffff,892664ce203ffff,18
892664d9bcbffff,892664ce35bffff,33
892664d9bcbffff,892664cea67ffff,21
892664d9bcbffff,892664cf017ffff,46
892664d9bcbffff,892664cf12bffff,50
892664d9bcbffff,892664cf2bbffff,18
892664d9bcbffff,892664cf33bffff,9
892664d9bcbffff,892664cf507ffff,120
892664d9bcbffff,892664cf553ffff,1049
892664d9bcbffff,892664cf617ffff,389
892664d9bcbffff,892664d88bbffff,490
892664d9bcbffff,892664d8973ffff,798
892664d9bcbffff,892664d8aa7ffff,448
892664d9bcbffff,892664d8ccfffff,226
892664d9bcbffff,892664d8e1bffff,633
892664d9bcbffff,892664d9857ffff,318
892664d9bcbffff,892664d9937ffff,623
892664d9bcbffff,892664d9993ffff,369
892664d9bcbffff,892759369bbffff,1336
892664d9bcbffff,89275936d53ffff,126
89275934cdbffff,89266452183ffff,10
89275934cdbffff,892664c114fffff,6
89275934cdbffff,892664c116fffff,6
89275934cdbffff,892664c1a63ffff,9
89275934cdbffff,892664c1a8bffff,113
89275934cdbffff,892664c1aa7ffff,29
89275934cdbffff,892664c1ab3ffff,32
89275934cdbffff,892664c1acfffff,23
89275934cdbffff,892664c1adbffff,15
89275934cdbffff,892664c1b0bffff,32
89275934cdbffff,892664c1b6fffff,15
89275934cdbffff,892664c1e0fffff,116
89275934cdbffff,892664c1e13ffff,51
89275934cdbffff,892664c1e2fffff,128
89275934cdbffff,892664c1e33ffff,65
89275934cdbffff,892664c1e4fffff,32
89275934cdbffff,892664c1e73ffff,40
89275934cdbffff,892664c1e8fffff,35
89275934cdbffff,892664c1ea7ffff,13
89275934cdbffff,892664c1eabffff,35
89275934cdbffff,892664c1ec7ffff,6
89275934cdbffff,892664c1ecfffff,7
89275934cdbffff,892664c1ed3ffff,5
89275934cdbffff,892664c1ed7ffff,5
89275934cdbffff,892664ca993ffff,9
89275934cdbffff,892664cad77ffff,23
89275934cdbffff,892664cad8bffff,5
89275934cdbffff,89275936bc7ffff,10
8927593697bffff,892664c1acfffff,5
8927593697bffff,892664c1e4fffff,13
892759369a7ffff,892664c1a63ffff,5
892759369a7ffff,892664c1a8bffff,6
892759369a7ffff,892664c1acfffff,19
892759369a7ffff,892664c1adbffff,13
892759369a7ffff,892664c1e0fffff,6
892759369a7ffff,892664c1e33ffff,5
892759369a7ffff,892664c1e4fffff,20
892759369a7ffff,892664c1e73ffff,9
892759369a7ffff,892664ca993ffff,6
892759369bbffff,89266419157ffff,6
892759369bbffff,892664520afffff,51
892759369bbffff,89266452dabffff,8
892759369bbffff,89266456067ffff,7
892759369bbffff,892664562dbffff,5
892759369bbffff,89266456413ffff,29
892759369bbffff,892664c13d3ffff,903
892759369bbffff,892664c1607ffff,1798
892759369bbffff,892664c1a87ffff,2394
892759369bbffff,892664c1b47ffff,414
892759369bbffff,892664c1ecfffff,6899
892759369bbffff,892664c80afffff,172
892759369bbffff,892664c81b7ffff,22
892759369bbffff,892664c8cabffff,79
892759369bbffff,892664c8d6bffff,20
892759369bbffff,892664ca0abffff,327
892759369bbffff,892664ca103ffff,782
892759369bbffff,892664ca3cfffff,27
892759369bbffff,892664ca58fffff,308
892759369bbffff,892664ca6b7ffff,980
892759369bbffff,892664ca913ffff,6378
892759369bbffff,892664caaafffff,150
892759369bbffff,892664cac3bffff,1754
892759369bbffff,892664cae4fffff,144
892759369bbffff,892664cb057ffff,338
892759369bbffff,892664cb1a7ffff,210
892759369bbffff,892664cb387ffff,57
892759369bbffff,892664cb58fffff,642
892759369bbffff,892664cc217ffff,60
892759369bbffff,892664cc3b3ffff,26
892759369bbffff,892664cc46fffff,6
892759369bbffff,892664cc4dbffff,73
892759369bbffff,892664cc563ffff,95
892759369bbffff,892664cc5d7ffff,74
892759369bbffff,892664cc8b3ffff,9
892759369bbffff,892664ccd9bffff,8
892759369bbffff,892664cce7bffff,32
892759369bbffff,892664cd1b3ffff,44
892759369bbffff,892664cd3b3ffff,9
892759369bbffff,892664cd4cbffff,6
892759369bbffff,892664cd897ffff,53
892759369bbffff,892664cd973ffff,24
892759369bbffff,892664cdb0fffff,13
892759369bbffff,892664ce203ffff,27
892759369bbffff,892664ce35bffff,33
892759369bbffff,892664cea67ffff,56
892759369bbffff,892664cf017ffff,20
892759369bbffff,892664cf12bffff,50
892759369bbffff,892664cf2bbffff,17
892759369bbffff,892664cf33bffff,16
892759369bbffff,892664cf507ffff,76
892759369bbffff,892664cf553ffff,267
892759369bbffff,892664cf617ffff,245
892759369bbffff,892664d88bbffff,1245
892759369bbffff,892664d8973ffff,1554
892759369bbffff,892664d8aa7ffff,489
892759369bbffff,892664d8ccfffff,930
892759369bbffff,892664d8e1bffff,2327
892759369bbffff,892664d9857ffff,228
892759369bbffff,892664d9937ffff,286
892759369bbffff,892664d9993ffff,350
892759369bbffff,892664d9bcbffff,985
892759369bbffff,89275936d53ffff,153
89275936bc7ffff,892664c1e2fffff,8
89275936bc7ffff,892664c1e33ffff,5
89275936bc7ffff,892664c1e4fffff,7
89275936bc7ffff,89275934cdbffff,7
89275936d53ffff,892664520afffff,6
89275936d53ffff,89266456067ffff,5
89275936d53ffff,892664c13d3ffff,58
89275936d53ffff,892664c1607ffff,130
89275936d53ffff,892664c1a87ffff,39
89275936d53ffff,892664c1ecfffff,171
89275936d53ffff,892664c80afffff,41
89275936d53ffff,892664c8cabffff,7
89275936d53ffff,892664ca0abffff,47
89275936d53ffff,892664ca103ffff,222
89275936d53ffff,892664ca58fffff,96
89275936d53ffff,892664ca6b7ffff,164
89275936d53ffff,892664ca913ffff,227
89275936d53ffff,892664caaafffff,5
89275936d53ffff,892664cac3bffff,330
89275936d53ffff,892664cae4fffff,31
89275936d53ffff,892664cb057ffff,28
89275936d53ffff,892664cb1a7ffff,40
89275936d53ffff,892664cb387ffff,9
89275936d53ffff,892664cb58fffff,44
89275936d53ffff,892664cce7bffff,8
89275936d53ffff,892664cf12bffff,9
89275936d53ffff,892664cf553ffff,9
89275936d53ffff,892664d88bbffff,567
89275936d53ffff,892664d8973ffff,602
89275936d53ffff,892664d8aa7ffff,234
89275936d53ffff,892664d8ccfffff,168
89275936d53ffff,892664d8e1bffff,418
89275936d53ffff,892664d9857ffff,31
89275936d53ffff,892664d9937ffff,57
89275936d53ffff,892664d9993ffff,62
89275936d53ffff,892664d9bcbffff,40
89275936d53ffff,892759369bbffff,176
